id,asset,milestone_year,scenario,period_block_start,period_block_end,solution
1,h2_storage,2030,5,1,1,0.0
2,h2_storage,2030,5,2,2,0.0
3,h2_storage,2030,5,3,3,0.0
4,h2_storage,2030,5,4,4,0.0
5,h2_storage,2030,5,5,5,0.0
6,h2_storage,2030,5,6,6,0.0
7,h2_storage,2030,5,7,7,0.0
8,h2_storage,2030,5,8,8,0.0
9,h2_storage,2030,5,9,9,0.0
10,h2_storage,2030,5,10,10,0.0
11,h2_storage,2030,5,11,11,0.0
12,h2_storage,2030,5,12,12,0.0
13,h2_storage,2030,5,13,13,0.0
14,h2_storage,2030,5,14,14,0.0
15,h2_storage,2030,5,15,15,0.0
16,h2_storage,2030,5,16,16,0.0
17,h2_storage,2030,5,17,17,0.0
18,h2_storage,2030,5,18,18,0.0
19,h2_storage,2030,5,19,19,0.0
20,h2_storage,2030,5,20,20,0.0
21,h2_storage,2030,5,21,21,0.0
22,h2_storage,2030,5,22,22,0.0
23,h2_storage,2030,5,23,23,0.0
24,h2_storage,2030,5,24,24,0.0
25,h2_storage,2030,5,25,25,0.0
26,h2_storage,2030,5,26,26,0.0
27,h2_storage,2030,5,27,27,0.0
28,h2_storage,2030,5,28,28,0.0
29,h2_storage,2030,5,29,29,0.0
30,h2_storage,2030,5,30,30,0.0
31,h2_storage,2030,5,31,31,0.0
32,h2_storage,2030,5,32,32,0.0
33,h2_storage,2030,5,33,33,0.0
34,h2_storage,2030,5,34,34,0.0
35,h2_storage,2030,5,35,35,0.0
36,h2_storage,2030,5,36,36,0.0
37,h2_storage,2030,5,37,37,0.0
38,h2_storage,2030,5,38,38,0.0
39,h2_storage,2030,5,39,39,0.0
40,h2_storage,2030,5,40,40,0.0
41,h2_storage,2030,5,41,41,0.0
42,h2_storage,2030,5,42,42,0.0
43,h2_storage,2030,5,43,43,0.0
44,h2_storage,2030,5,44,44,0.0
45,h2_storage,2030,5,45,45,0.0
46,h2_storage,2030,5,46,46,0.0
47,h2_storage,2030,5,47,47,0.0
48,h2_storage,2030,5,48,48,0.0
49,h2_storage,2030,5,49,49,0.0
50,h2_storage,2030,5,50,50,0.0
51,h2_storage,2030,5,51,51,0.0
52,h2_storage,2030,5,52,52,0.0
53,h2_storage,2030,5,53,53,0.0
54,h2_storage,2030,5,54,54,0.0
55,h2_storage,2030,5,55,55,0.0
56,h2_storage,2030,5,56,56,0.0
57,h2_storage,2030,5,57,57,0.0
58,h2_storage,2030,5,58,58,0.0
59,h2_storage,2030,5,59,59,0.0
60,h2_storage,2030,5,60,60,0.0
61,h2_storage,2030,5,61,61,0.0
62,h2_storage,2030,5,62,62,0.0
63,h2_storage,2030,5,63,63,0.0
64,h2_storage,2030,5,64,64,0.0
65,h2_storage,2030,5,65,65,0.0
66,h2_storage,2030,5,66,66,0.0
67,h2_storage,2030,5,67,67,0.0
68,h2_storage,2030,5,68,68,0.0
69,h2_storage,2030,5,69,69,0.0
70,h2_storage,2030,5,70,70,0.0
71,h2_storage,2030,5,71,71,0.0
72,h2_storage,2030,5,72,72,0.0
73,h2_storage,2030,5,73,73,0.0
74,h2_storage,2030,5,74,74,0.0
75,h2_storage,2030,5,75,75,0.0
76,h2_storage,2030,5,76,76,0.0
77,h2_storage,2030,5,77,77,0.0
78,h2_storage,2030,5,78,78,0.0
79,h2_storage,2030,5,79,79,0.0
80,h2_storage,2030,5,80,80,0.0
81,h2_storage,2030,5,81,81,0.0
82,h2_storage,2030,5,82,82,0.0
83,h2_storage,2030,5,83,83,0.0
84,h2_storage,2030,5,84,84,0.0
85,h2_storage,2030,5,85,85,0.0
86,h2_storage,2030,5,86,86,0.0
87,h2_storage,2030,5,87,87,0.0
88,h2_storage,2030,5,88,88,0.0
89,h2_storage,2030,5,89,89,0.0
90,h2_storage,2030,5,90,90,0.0
91,h2_storage,2030,5,91,91,0.0
92,h2_storage,2030,5,92,92,0.0
93,h2_storage,2030,5,93,93,0.0
94,h2_storage,2030,5,94,94,0.0
95,h2_storage,2030,5,95,95,0.0
96,h2_storage,2030,5,96,96,0.0
97,h2_storage,2030,5,97,97,0.0
98,h2_storage,2030,5,98,98,0.0
99,h2_storage,2030,5,99,99,0.0
100,h2_storage,2030,5,100,100,0.0
101,h2_storage,2030,5,101,101,0.0
102,h2_storage,2030,5,102,102,0.0
103,h2_storage,2030,5,103,103,0.0
104,h2_storage,2030,5,104,104,0.0
105,h2_storage,2030,5,105,105,0.0
106,h2_storage,2030,5,106,106,0.0
107,h2_storage,2030,5,107,107,0.0
108,h2_storage,2030,5,108,108,0.0
109,h2_storage,2030,5,109,109,0.0
110,h2_storage,2030,5,110,110,0.0
111,h2_storage,2030,5,111,111,0.0
112,h2_storage,2030,5,112,112,0.0
113,h2_storage,2030,5,113,113,0.0
114,h2_storage,2030,5,114,114,0.0
115,h2_storage,2030,5,115,115,0.0
116,h2_storage,2030,5,116,116,0.0
117,h2_storage,2030,5,117,117,0.0
118,h2_storage,2030,5,118,118,0.0
119,h2_storage,2030,5,119,119,0.0
120,h2_storage,2030,5,120,120,0.0
121,h2_storage,2030,5,121,121,0.0
122,h2_storage,2030,5,122,122,0.0
123,h2_storage,2030,5,123,123,0.0
124,h2_storage,2030,5,124,124,0.0
125,h2_storage,2030,5,125,125,0.0
126,h2_storage,2030,5,126,126,0.0
127,h2_storage,2030,5,127,127,0.0
128,h2_storage,2030,5,128,128,0.0
129,h2_storage,2030,5,129,129,0.0
130,h2_storage,2030,5,130,130,0.0
131,h2_storage,2030,5,131,131,0.0
132,h2_storage,2030,5,132,132,0.0
133,h2_storage,2030,5,133,133,0.0
134,h2_storage,2030,5,134,134,0.0
135,h2_storage,2030,5,135,135,0.0
136,h2_storage,2030,5,136,136,0.0
137,h2_storage,2030,5,137,137,0.0
138,h2_storage,2030,5,138,138,0.0
139,h2_storage,2030,5,139,139,0.0
140,h2_storage,2030,5,140,140,0.0
141,h2_storage,2030,5,141,141,0.0
142,h2_storage,2030,5,142,142,0.0
143,h2_storage,2030,5,143,143,0.0
144,h2_storage,2030,5,144,144,0.0
145,h2_storage,2030,5,145,145,0.0
146,h2_storage,2030,5,146,146,0.0
147,h2_storage,2030,5,147,147,0.0
148,h2_storage,2030,5,148,148,0.0
149,h2_storage,2030,5,149,149,0.0
150,h2_storage,2030,5,150,150,0.0
151,h2_storage,2030,5,151,151,0.0
152,h2_storage,2030,5,152,152,0.0
153,h2_storage,2030,5,153,153,0.0
154,h2_storage,2030,5,154,154,0.0
155,h2_storage,2030,5,155,155,0.0
156,h2_storage,2030,5,156,156,0.0
157,h2_storage,2030,5,157,157,0.0
158,h2_storage,2030,5,158,158,0.0
159,h2_storage,2030,5,159,159,0.0
160,h2_storage,2030,5,160,160,0.0
161,h2_storage,2030,5,161,161,0.0
162,h2_storage,2030,5,162,162,0.0
163,h2_storage,2030,5,163,163,0.0
164,h2_storage,2030,5,164,164,0.0
165,h2_storage,2030,5,165,165,0.0
166,h2_storage,2030,5,166,166,0.0
167,h2_storage,2030,5,167,167,0.0
168,h2_storage,2030,5,168,168,0.0
169,h2_storage,2030,5,169,169,0.0
170,h2_storage,2030,5,170,170,0.0
171,h2_storage,2030,5,171,171,0.0
172,h2_storage,2030,5,172,172,0.0
173,h2_storage,2030,5,173,173,0.0
174,h2_storage,2030,5,174,174,0.0
175,h2_storage,2030,5,175,175,0.0
176,h2_storage,2030,5,176,176,0.0
177,h2_storage,2030,5,177,177,0.0
178,h2_storage,2030,5,178,178,0.0
179,h2_storage,2030,5,179,179,0.0
180,h2_storage,2030,5,180,180,0.0
181,h2_storage,2030,5,181,181,0.0
182,h2_storage,2030,5,182,182,0.0
183,h2_storage,2030,5,183,183,0.0
184,h2_storage,2030,5,184,184,0.0
185,h2_storage,2030,5,185,185,0.0
186,h2_storage,2030,5,186,186,0.0
187,h2_storage,2030,5,187,187,0.0
188,h2_storage,2030,5,188,188,0.0
189,h2_storage,2030,5,189,189,0.0
190,h2_storage,2030,5,190,190,0.0
191,h2_storage,2030,5,191,191,0.0
192,h2_storage,2030,5,192,192,0.0
193,h2_storage,2030,5,193,193,0.0
194,h2_storage,2030,5,194,194,0.0
195,h2_storage,2030,5,195,195,0.0
196,h2_storage,2030,5,196,196,0.0
197,h2_storage,2030,5,197,197,0.0
198,h2_storage,2030,5,198,198,0.0
199,h2_storage,2030,5,199,199,0.0
200,h2_storage,2030,5,200,200,0.0
201,h2_storage,2030,5,201,201,0.0
202,h2_storage,2030,5,202,202,0.0
203,h2_storage,2030,5,203,203,0.0
204,h2_storage,2030,5,204,204,0.0
205,h2_storage,2030,5,205,205,0.0
206,h2_storage,2030,5,206,206,0.0
207,h2_storage,2030,5,207,207,0.0
208,h2_storage,2030,5,208,208,0.0
209,h2_storage,2030,5,209,209,0.0
210,h2_storage,2030,5,210,210,0.0
211,h2_storage,2030,5,211,211,0.0
212,h2_storage,2030,5,212,212,0.0
213,h2_storage,2030,5,213,213,0.0
214,h2_storage,2030,5,214,214,0.0
215,h2_storage,2030,5,215,215,0.0
216,h2_storage,2030,5,216,216,0.0
217,h2_storage,2030,5,217,217,0.0
218,h2_storage,2030,5,218,218,0.0
219,h2_storage,2030,5,219,219,0.0
220,h2_storage,2030,5,220,220,0.0
221,h2_storage,2030,5,221,221,0.0
222,h2_storage,2030,5,222,222,0.0
223,h2_storage,2030,5,223,223,0.0
224,h2_storage,2030,5,224,224,0.0
225,h2_storage,2030,5,225,225,0.0
226,h2_storage,2030,5,226,226,0.0
227,h2_storage,2030,5,227,227,0.0
228,h2_storage,2030,5,228,228,0.0
229,h2_storage,2030,5,229,229,0.0
230,h2_storage,2030,5,230,230,0.0
231,h2_storage,2030,5,231,231,0.0
232,h2_storage,2030,5,232,232,0.0
233,h2_storage,2030,5,233,233,0.0
234,h2_storage,2030,5,234,234,0.0
235,h2_storage,2030,5,235,235,0.0
236,h2_storage,2030,5,236,236,0.0
237,h2_storage,2030,5,237,237,0.0
238,h2_storage,2030,5,238,238,0.0
239,h2_storage,2030,5,239,239,0.0
240,h2_storage,2030,5,240,240,0.0
241,h2_storage,2030,5,241,241,0.0
242,h2_storage,2030,5,242,242,0.0
243,h2_storage,2030,5,243,243,0.0
244,h2_storage,2030,5,244,244,0.0
245,h2_storage,2030,5,245,245,0.0
246,h2_storage,2030,5,246,246,0.0
247,h2_storage,2030,5,247,247,0.0
248,h2_storage,2030,5,248,248,0.0
249,h2_storage,2030,5,249,249,0.0
250,h2_storage,2030,5,250,250,0.0
251,h2_storage,2030,5,251,251,0.0
252,h2_storage,2030,5,252,252,0.0
253,h2_storage,2030,5,253,253,0.0
254,h2_storage,2030,5,254,254,0.0
255,h2_storage,2030,5,255,255,0.0
256,h2_storage,2030,5,256,256,0.0
257,h2_storage,2030,5,257,257,0.0
258,h2_storage,2030,5,258,258,0.0
259,h2_storage,2030,5,259,259,0.0
260,h2_storage,2030,5,260,260,0.0
261,h2_storage,2030,5,261,261,0.0
262,h2_storage,2030,5,262,262,0.0
263,h2_storage,2030,5,263,263,0.0
264,h2_storage,2030,5,264,264,0.0
265,h2_storage,2030,5,265,265,0.0
266,h2_storage,2030,5,266,266,0.0
267,h2_storage,2030,5,267,267,0.0
268,h2_storage,2030,5,268,268,0.0
269,h2_storage,2030,5,269,269,0.0
270,h2_storage,2030,5,270,270,0.0
271,h2_storage,2030,5,271,271,0.0
272,h2_storage,2030,5,272,272,0.0
273,h2_storage,2030,5,273,273,0.0
274,h2_storage,2030,5,274,274,0.0
275,h2_storage,2030,5,275,275,0.0
276,h2_storage,2030,5,276,276,0.0
277,h2_storage,2030,5,277,277,0.0
278,h2_storage,2030,5,278,278,0.0
279,h2_storage,2030,5,279,279,0.0
280,h2_storage,2030,5,280,280,0.0
281,h2_storage,2030,5,281,281,0.0
282,h2_storage,2030,5,282,282,0.0
283,h2_storage,2030,5,283,283,0.0
284,h2_storage,2030,5,284,284,0.0
285,h2_storage,2030,5,285,285,0.0
286,h2_storage,2030,5,286,286,0.0
287,h2_storage,2030,5,287,287,0.0
288,h2_storage,2030,5,288,288,0.0
289,h2_storage,2030,5,289,289,0.0
290,h2_storage,2030,5,290,290,0.0
291,h2_storage,2030,5,291,291,0.0
292,h2_storage,2030,5,292,292,0.0
293,h2_storage,2030,5,293,293,0.0
294,h2_storage,2030,5,294,294,0.0
295,h2_storage,2030,5,295,295,0.0
296,h2_storage,2030,5,296,296,0.0
297,h2_storage,2030,5,297,297,0.0
298,h2_storage,2030,5,298,298,0.0
299,h2_storage,2030,5,299,299,0.0
300,h2_storage,2030,5,300,300,0.0
301,h2_storage,2030,5,301,301,0.0
302,h2_storage,2030,5,302,302,0.0
303,h2_storage,2030,5,303,303,0.0
304,h2_storage,2030,5,304,304,0.0
305,h2_storage,2030,5,305,305,0.0
306,h2_storage,2030,5,306,306,0.0
307,h2_storage,2030,5,307,307,0.0
308,h2_storage,2030,5,308,308,0.0
309,h2_storage,2030,5,309,309,0.0
310,h2_storage,2030,5,310,310,0.0
311,h2_storage,2030,5,311,311,0.0
312,h2_storage,2030,5,312,312,0.0
313,h2_storage,2030,5,313,313,0.0
314,h2_storage,2030,5,314,314,0.0
315,h2_storage,2030,5,315,315,0.0
316,h2_storage,2030,5,316,316,0.0
317,h2_storage,2030,5,317,317,0.0
318,h2_storage,2030,5,318,318,0.0
319,h2_storage,2030,5,319,319,0.0
320,h2_storage,2030,5,320,320,0.0
321,h2_storage,2030,5,321,321,0.0
322,h2_storage,2030,5,322,322,0.0
323,h2_storage,2030,5,323,323,0.0
324,h2_storage,2030,5,324,324,0.0
325,h2_storage,2030,5,325,325,0.0
326,h2_storage,2030,5,326,326,0.0
327,h2_storage,2030,5,327,327,0.0
328,h2_storage,2030,5,328,328,0.0
329,h2_storage,2030,5,329,329,0.0
330,h2_storage,2030,5,330,330,0.0
331,h2_storage,2030,5,331,331,0.0
332,h2_storage,2030,5,332,332,0.0
333,h2_storage,2030,5,333,333,0.0
334,h2_storage,2030,5,334,334,0.0
335,h2_storage,2030,5,335,335,0.0
336,h2_storage,2030,5,336,336,0.0
337,h2_storage,2030,5,337,337,0.0
338,h2_storage,2030,5,338,338,0.0
339,h2_storage,2030,5,339,339,0.0
340,h2_storage,2030,5,340,340,0.0
341,h2_storage,2030,5,341,341,0.0
342,h2_storage,2030,5,342,342,0.0
343,h2_storage,2030,5,343,343,0.0
344,h2_storage,2030,5,344,344,0.0
345,h2_storage,2030,5,345,345,0.0
346,h2_storage,2030,5,346,346,0.0
347,h2_storage,2030,5,347,347,0.0
348,h2_storage,2030,5,348,348,0.0
349,h2_storage,2030,5,349,349,0.0
350,h2_storage,2030,5,350,350,0.0
351,h2_storage,2030,5,351,351,0.0
352,h2_storage,2030,5,352,352,0.0
353,h2_storage,2030,5,353,353,0.0
354,h2_storage,2030,5,354,354,0.0
355,h2_storage,2030,5,355,355,0.0
356,h2_storage,2030,5,356,356,0.0
357,h2_storage,2030,5,357,357,0.0
358,h2_storage,2030,5,358,358,0.0
359,h2_storage,2030,5,359,359,0.0
360,h2_storage,2030,5,360,360,0.0
361,h2_storage,2030,5,361,361,0.0
362,h2_storage,2030,5,362,362,0.0
363,h2_storage,2030,5,363,363,0.0
364,h2_storage,2030,5,364,364,0.0
365,h2_storage,2030,5,365,365,0.0
366,h2_storage,2030,9,1,1,0.0
367,h2_storage,2030,9,2,2,0.0
368,h2_storage,2030,9,3,3,0.0
369,h2_storage,2030,9,4,4,0.0
370,h2_storage,2030,9,5,5,0.0
371,h2_storage,2030,9,6,6,0.0
372,h2_storage,2030,9,7,7,0.0
373,h2_storage,2030,9,8,8,0.0
374,h2_storage,2030,9,9,9,0.0
375,h2_storage,2030,9,10,10,0.0
376,h2_storage,2030,9,11,11,0.0
377,h2_storage,2030,9,12,12,0.0
378,h2_storage,2030,9,13,13,0.0
379,h2_storage,2030,9,14,14,0.0
380,h2_storage,2030,9,15,15,0.0
381,h2_storage,2030,9,16,16,0.0
382,h2_storage,2030,9,17,17,0.0
383,h2_storage,2030,9,18,18,0.0
384,h2_storage,2030,9,19,19,0.0
385,h2_storage,2030,9,20,20,0.0
386,h2_storage,2030,9,21,21,0.0
387,h2_storage,2030,9,22,22,0.0
388,h2_storage,2030,9,23,23,0.0
389,h2_storage,2030,9,24,24,0.0
390,h2_storage,2030,9,25,25,0.0
391,h2_storage,2030,9,26,26,0.0
392,h2_storage,2030,9,27,27,0.0
393,h2_storage,2030,9,28,28,0.0
394,h2_storage,2030,9,29,29,0.0
395,h2_storage,2030,9,30,30,0.0
396,h2_storage,2030,9,31,31,0.0
397,h2_storage,2030,9,32,32,0.0
398,h2_storage,2030,9,33,33,0.0
399,h2_storage,2030,9,34,34,0.0
400,h2_storage,2030,9,35,35,0.0
401,h2_storage,2030,9,36,36,0.0
402,h2_storage,2030,9,37,37,0.0
403,h2_storage,2030,9,38,38,0.0
404,h2_storage,2030,9,39,39,0.0
405,h2_storage,2030,9,40,40,0.0
406,h2_storage,2030,9,41,41,0.0
407,h2_storage,2030,9,42,42,0.0
408,h2_storage,2030,9,43,43,0.0
409,h2_storage,2030,9,44,44,0.0
410,h2_storage,2030,9,45,45,0.0
411,h2_storage,2030,9,46,46,0.0
412,h2_storage,2030,9,47,47,0.0
413,h2_storage,2030,9,48,48,0.0
414,h2_storage,2030,9,49,49,0.0
415,h2_storage,2030,9,50,50,0.0
416,h2_storage,2030,9,51,51,0.0
417,h2_storage,2030,9,52,52,0.0
418,h2_storage,2030,9,53,53,0.0
419,h2_storage,2030,9,54,54,0.0
420,h2_storage,2030,9,55,55,0.0
421,h2_storage,2030,9,56,56,0.0
422,h2_storage,2030,9,57,57,0.0
423,h2_storage,2030,9,58,58,0.0
424,h2_storage,2030,9,59,59,0.0
425,h2_storage,2030,9,60,60,0.0
426,h2_storage,2030,9,61,61,0.0
427,h2_storage,2030,9,62,62,0.0
428,h2_storage,2030,9,63,63,0.0
429,h2_storage,2030,9,64,64,0.0
430,h2_storage,2030,9,65,65,0.0
431,h2_storage,2030,9,66,66,0.0
432,h2_storage,2030,9,67,67,0.0
433,h2_storage,2030,9,68,68,0.0
434,h2_storage,2030,9,69,69,0.0
435,h2_storage,2030,9,70,70,0.0
436,h2_storage,2030,9,71,71,0.0
437,h2_storage,2030,9,72,72,0.0
438,h2_storage,2030,9,73,73,0.0
439,h2_storage,2030,9,74,74,0.0
440,h2_storage,2030,9,75,75,0.0
441,h2_storage,2030,9,76,76,0.0
442,h2_storage,2030,9,77,77,0.0
443,h2_storage,2030,9,78,78,0.0
444,h2_storage,2030,9,79,79,0.0
445,h2_storage,2030,9,80,80,0.0
446,h2_storage,2030,9,81,81,0.0
447,h2_storage,2030,9,82,82,0.0
448,h2_storage,2030,9,83,83,0.0
449,h2_storage,2030,9,84,84,0.0
450,h2_storage,2030,9,85,85,0.0
451,h2_storage,2030,9,86,86,0.0
452,h2_storage,2030,9,87,87,0.0
453,h2_storage,2030,9,88,88,0.0
454,h2_storage,2030,9,89,89,0.0
455,h2_storage,2030,9,90,90,0.0
456,h2_storage,2030,9,91,91,0.0
457,h2_storage,2030,9,92,92,0.0
458,h2_storage,2030,9,93,93,0.0
459,h2_storage,2030,9,94,94,0.0
460,h2_storage,2030,9,95,95,0.0
461,h2_storage,2030,9,96,96,0.0
462,h2_storage,2030,9,97,97,0.0
463,h2_storage,2030,9,98,98,0.0
464,h2_storage,2030,9,99,99,0.0
465,h2_storage,2030,9,100,100,0.0
466,h2_storage,2030,9,101,101,0.0
467,h2_storage,2030,9,102,102,0.0
468,h2_storage,2030,9,103,103,0.0
469,h2_storage,2030,9,104,104,0.0
470,h2_storage,2030,9,105,105,0.0
471,h2_storage,2030,9,106,106,0.0
472,h2_storage,2030,9,107,107,0.0
473,h2_storage,2030,9,108,108,0.0
474,h2_storage,2030,9,109,109,0.0
475,h2_storage,2030,9,110,110,0.0
476,h2_storage,2030,9,111,111,0.0
477,h2_storage,2030,9,112,112,0.0
478,h2_storage,2030,9,113,113,0.0
479,h2_storage,2030,9,114,114,0.0
480,h2_storage,2030,9,115,115,0.0
481,h2_storage,2030,9,116,116,0.0
482,h2_storage,2030,9,117,117,0.0
483,h2_storage,2030,9,118,118,0.0
484,h2_storage,2030,9,119,119,0.0
485,h2_storage,2030,9,120,120,0.0
486,h2_storage,2030,9,121,121,0.0
487,h2_storage,2030,9,122,122,0.0
488,h2_storage,2030,9,123,123,0.0
489,h2_storage,2030,9,124,124,0.0
490,h2_storage,2030,9,125,125,0.0
491,h2_storage,2030,9,126,126,0.0
492,h2_storage,2030,9,127,127,0.0
493,h2_storage,2030,9,128,128,0.0
494,h2_storage,2030,9,129,129,0.0
495,h2_storage,2030,9,130,130,0.0
496,h2_storage,2030,9,131,131,0.0
497,h2_storage,2030,9,132,132,0.0
498,h2_storage,2030,9,133,133,0.0
499,h2_storage,2030,9,134,134,0.0
500,h2_storage,2030,9,135,135,0.0
501,h2_storage,2030,9,136,136,0.0
502,h2_storage,2030,9,137,137,0.0
503,h2_storage,2030,9,138,138,0.0
504,h2_storage,2030,9,139,139,0.0
505,h2_storage,2030,9,140,140,0.0
506,h2_storage,2030,9,141,141,0.0
507,h2_storage,2030,9,142,142,0.0
508,h2_storage,2030,9,143,143,0.0
509,h2_storage,2030,9,144,144,0.0
510,h2_storage,2030,9,145,145,0.0
511,h2_storage,2030,9,146,146,0.0
512,h2_storage,2030,9,147,147,0.0
513,h2_storage,2030,9,148,148,0.0
514,h2_storage,2030,9,149,149,0.0
515,h2_storage,2030,9,150,150,0.0
516,h2_storage,2030,9,151,151,0.0
517,h2_storage,2030,9,152,152,0.0
518,h2_storage,2030,9,153,153,0.0
519,h2_storage,2030,9,154,154,0.0
520,h2_storage,2030,9,155,155,0.0
521,h2_storage,2030,9,156,156,0.0
522,h2_storage,2030,9,157,157,0.0
523,h2_storage,2030,9,158,158,0.0
524,h2_storage,2030,9,159,159,0.0
525,h2_storage,2030,9,160,160,0.0
526,h2_storage,2030,9,161,161,0.0
527,h2_storage,2030,9,162,162,0.0
528,h2_storage,2030,9,163,163,0.0
529,h2_storage,2030,9,164,164,0.0
530,h2_storage,2030,9,165,165,0.0
531,h2_storage,2030,9,166,166,0.0
532,h2_storage,2030,9,167,167,0.0
533,h2_storage,2030,9,168,168,0.0
534,h2_storage,2030,9,169,169,0.0
535,h2_storage,2030,9,170,170,0.0
536,h2_storage,2030,9,171,171,0.0
537,h2_storage,2030,9,172,172,0.0
538,h2_storage,2030,9,173,173,0.0
539,h2_storage,2030,9,174,174,0.0
540,h2_storage,2030,9,175,175,0.0
541,h2_storage,2030,9,176,176,0.0
542,h2_storage,2030,9,177,177,0.0
543,h2_storage,2030,9,178,178,0.0
544,h2_storage,2030,9,179,179,0.0
545,h2_storage,2030,9,180,180,0.0
546,h2_storage,2030,9,181,181,0.0
547,h2_storage,2030,9,182,182,0.0
548,h2_storage,2030,9,183,183,0.0
549,h2_storage,2030,9,184,184,0.0
550,h2_storage,2030,9,185,185,0.0
551,h2_storage,2030,9,186,186,0.0
552,h2_storage,2030,9,187,187,0.0
553,h2_storage,2030,9,188,188,0.0
554,h2_storage,2030,9,189,189,0.0
555,h2_storage,2030,9,190,190,0.0
556,h2_storage,2030,9,191,191,0.0
557,h2_storage,2030,9,192,192,0.0
558,h2_storage,2030,9,193,193,0.0
559,h2_storage,2030,9,194,194,0.0
560,h2_storage,2030,9,195,195,0.0
561,h2_storage,2030,9,196,196,0.0
562,h2_storage,2030,9,197,197,0.0
563,h2_storage,2030,9,198,198,0.0
564,h2_storage,2030,9,199,199,0.0
565,h2_storage,2030,9,200,200,0.0
566,h2_storage,2030,9,201,201,0.0
567,h2_storage,2030,9,202,202,0.0
568,h2_storage,2030,9,203,203,0.0
569,h2_storage,2030,9,204,204,0.0
570,h2_storage,2030,9,205,205,0.0
571,h2_storage,2030,9,206,206,0.0
572,h2_storage,2030,9,207,207,0.0
573,h2_storage,2030,9,208,208,0.0
574,h2_storage,2030,9,209,209,0.0
575,h2_storage,2030,9,210,210,0.0
576,h2_storage,2030,9,211,211,0.0
577,h2_storage,2030,9,212,212,0.0
578,h2_storage,2030,9,213,213,0.0
579,h2_storage,2030,9,214,214,0.0
580,h2_storage,2030,9,215,215,0.0
581,h2_storage,2030,9,216,216,0.0
582,h2_storage,2030,9,217,217,0.0
583,h2_storage,2030,9,218,218,0.0
584,h2_storage,2030,9,219,219,0.0
585,h2_storage,2030,9,220,220,0.0
586,h2_storage,2030,9,221,221,0.0
587,h2_storage,2030,9,222,222,0.0
588,h2_storage,2030,9,223,223,0.0
589,h2_storage,2030,9,224,224,0.0
590,h2_storage,2030,9,225,225,0.0
591,h2_storage,2030,9,226,226,0.0
592,h2_storage,2030,9,227,227,0.0
593,h2_storage,2030,9,228,228,0.0
594,h2_storage,2030,9,229,229,0.0
595,h2_storage,2030,9,230,230,0.0
596,h2_storage,2030,9,231,231,0.0
597,h2_storage,2030,9,232,232,0.0
598,h2_storage,2030,9,233,233,0.0
599,h2_storage,2030,9,234,234,0.0
600,h2_storage,2030,9,235,235,0.0
601,h2_storage,2030,9,236,236,0.0
602,h2_storage,2030,9,237,237,0.0
603,h2_storage,2030,9,238,238,0.0
604,h2_storage,2030,9,239,239,0.0
605,h2_storage,2030,9,240,240,0.0
606,h2_storage,2030,9,241,241,0.0
607,h2_storage,2030,9,242,242,0.0
608,h2_storage,2030,9,243,243,0.0
609,h2_storage,2030,9,244,244,0.0
610,h2_storage,2030,9,245,245,0.0
611,h2_storage,2030,9,246,246,0.0
612,h2_storage,2030,9,247,247,0.0
613,h2_storage,2030,9,248,248,0.0
614,h2_storage,2030,9,249,249,0.0
615,h2_storage,2030,9,250,250,0.0
616,h2_storage,2030,9,251,251,0.0
617,h2_storage,2030,9,252,252,0.0
618,h2_storage,2030,9,253,253,0.0
619,h2_storage,2030,9,254,254,0.0
620,h2_storage,2030,9,255,255,0.0
621,h2_storage,2030,9,256,256,0.0
622,h2_storage,2030,9,257,257,0.0
623,h2_storage,2030,9,258,258,0.0
624,h2_storage,2030,9,259,259,0.0
625,h2_storage,2030,9,260,260,0.0
626,h2_storage,2030,9,261,261,0.0
627,h2_storage,2030,9,262,262,0.0
628,h2_storage,2030,9,263,263,0.0
629,h2_storage,2030,9,264,264,0.0
630,h2_storage,2030,9,265,265,0.0
631,h2_storage,2030,9,266,266,0.0
632,h2_storage,2030,9,267,267,0.0
633,h2_storage,2030,9,268,268,0.0
634,h2_storage,2030,9,269,269,0.0
635,h2_storage,2030,9,270,270,0.0
636,h2_storage,2030,9,271,271,0.0
637,h2_storage,2030,9,272,272,0.0
638,h2_storage,2030,9,273,273,0.0
639,h2_storage,2030,9,274,274,0.0
640,h2_storage,2030,9,275,275,0.0
641,h2_storage,2030,9,276,276,0.0
642,h2_storage,2030,9,277,277,0.0
643,h2_storage,2030,9,278,278,0.0
644,h2_storage,2030,9,279,279,0.0
645,h2_storage,2030,9,280,280,0.0
646,h2_storage,2030,9,281,281,0.0
647,h2_storage,2030,9,282,282,0.0
648,h2_storage,2030,9,283,283,0.0
649,h2_storage,2030,9,284,284,0.0
650,h2_storage,2030,9,285,285,0.0
651,h2_storage,2030,9,286,286,0.0
652,h2_storage,2030,9,287,287,0.0
653,h2_storage,2030,9,288,288,0.0
654,h2_storage,2030,9,289,289,0.0
655,h2_storage,2030,9,290,290,0.0
656,h2_storage,2030,9,291,291,0.0
657,h2_storage,2030,9,292,292,0.0
658,h2_storage,2030,9,293,293,0.0
659,h2_storage,2030,9,294,294,0.0
660,h2_storage,2030,9,295,295,0.0
661,h2_storage,2030,9,296,296,0.0
662,h2_storage,2030,9,297,297,0.0
663,h2_storage,2030,9,298,298,0.0
664,h2_storage,2030,9,299,299,0.0
665,h2_storage,2030,9,300,300,0.0
666,h2_storage,2030,9,301,301,0.0
667,h2_storage,2030,9,302,302,0.0
668,h2_storage,2030,9,303,303,0.0
669,h2_storage,2030,9,304,304,0.0
670,h2_storage,2030,9,305,305,0.0
671,h2_storage,2030,9,306,306,0.0
672,h2_storage,2030,9,307,307,0.0
673,h2_storage,2030,9,308,308,0.0
674,h2_storage,2030,9,309,309,0.0
675,h2_storage,2030,9,310,310,0.0
676,h2_storage,2030,9,311,311,0.0
677,h2_storage,2030,9,312,312,0.0
678,h2_storage,2030,9,313,313,0.0
679,h2_storage,2030,9,314,314,0.0
680,h2_storage,2030,9,315,315,0.0
681,h2_storage,2030,9,316,316,0.0
682,h2_storage,2030,9,317,317,0.0
683,h2_storage,2030,9,318,318,0.0
684,h2_storage,2030,9,319,319,0.0
685,h2_storage,2030,9,320,320,0.0
686,h2_storage,2030,9,321,321,0.0
687,h2_storage,2030,9,322,322,0.0
688,h2_storage,2030,9,323,323,0.0
689,h2_storage,2030,9,324,324,0.0
690,h2_storage,2030,9,325,325,0.0
691,h2_storage,2030,9,326,326,0.0
692,h2_storage,2030,9,327,327,0.0
693,h2_storage,2030,9,328,328,0.0
694,h2_storage,2030,9,329,329,0.0
695,h2_storage,2030,9,330,330,0.0
696,h2_storage,2030,9,331,331,0.0
697,h2_storage,2030,9,332,332,0.0
698,h2_storage,2030,9,333,333,0.0
699,h2_storage,2030,9,334,334,0.0
700,h2_storage,2030,9,335,335,0.0
701,h2_storage,2030,9,336,336,0.0
702,h2_storage,2030,9,337,337,0.0
703,h2_storage,2030,9,338,338,0.0
704,h2_storage,2030,9,339,339,0.0
705,h2_storage,2030,9,340,340,0.0
706,h2_storage,2030,9,341,341,0.0
707,h2_storage,2030,9,342,342,0.0
708,h2_storage,2030,9,343,343,0.0
709,h2_storage,2030,9,344,344,0.0
710,h2_storage,2030,9,345,345,0.0
711,h2_storage,2030,9,346,346,0.0
712,h2_storage,2030,9,347,347,0.0
713,h2_storage,2030,9,348,348,0.0
714,h2_storage,2030,9,349,349,0.0
715,h2_storage,2030,9,350,350,0.0
716,h2_storage,2030,9,351,351,0.0
717,h2_storage,2030,9,352,352,0.0
718,h2_storage,2030,9,353,353,0.0
719,h2_storage,2030,9,354,354,0.0
720,h2_storage,2030,9,355,355,0.0
721,h2_storage,2030,9,356,356,0.0
722,h2_storage,2030,9,357,357,0.0
723,h2_storage,2030,9,358,358,0.0
724,h2_storage,2030,9,359,359,0.0
725,h2_storage,2030,9,360,360,0.0
726,h2_storage,2030,9,361,361,0.0
727,h2_storage,2030,9,362,362,0.0
728,h2_storage,2030,9,363,363,0.0
729,h2_storage,2030,9,364,364,0.0
730,h2_storage,2030,9,365,365,0.0
731,h2_storage,2030,10,1,1,0.0
732,h2_storage,2030,10,2,2,0.0
733,h2_storage,2030,10,3,3,0.0
734,h2_storage,2030,10,4,4,0.0
735,h2_storage,2030,10,5,5,0.0
736,h2_storage,2030,10,6,6,0.0
737,h2_storage,2030,10,7,7,0.0
738,h2_storage,2030,10,8,8,0.0
739,h2_storage,2030,10,9,9,0.0
740,h2_storage,2030,10,10,10,0.0
741,h2_storage,2030,10,11,11,0.0
742,h2_storage,2030,10,12,12,0.0
743,h2_storage,2030,10,13,13,0.0
744,h2_storage,2030,10,14,14,0.0
745,h2_storage,2030,10,15,15,0.0
746,h2_storage,2030,10,16,16,0.0
747,h2_storage,2030,10,17,17,0.0
748,h2_storage,2030,10,18,18,0.0
749,h2_storage,2030,10,19,19,0.0
750,h2_storage,2030,10,20,20,0.0
751,h2_storage,2030,10,21,21,0.0
752,h2_storage,2030,10,22,22,0.0
753,h2_storage,2030,10,23,23,0.0
754,h2_storage,2030,10,24,24,0.0
755,h2_storage,2030,10,25,25,0.0
756,h2_storage,2030,10,26,26,0.0
757,h2_storage,2030,10,27,27,0.0
758,h2_storage,2030,10,28,28,0.0
759,h2_storage,2030,10,29,29,0.0
760,h2_storage,2030,10,30,30,0.0
761,h2_storage,2030,10,31,31,0.0
762,h2_storage,2030,10,32,32,0.0
763,h2_storage,2030,10,33,33,0.0
764,h2_storage,2030,10,34,34,0.0
765,h2_storage,2030,10,35,35,0.0
766,h2_storage,2030,10,36,36,0.0
767,h2_storage,2030,10,37,37,0.0
768,h2_storage,2030,10,38,38,0.0
769,h2_storage,2030,10,39,39,0.0
770,h2_storage,2030,10,40,40,0.0
771,h2_storage,2030,10,41,41,0.0
772,h2_storage,2030,10,42,42,0.0
773,h2_storage,2030,10,43,43,0.0
774,h2_storage,2030,10,44,44,0.0
775,h2_storage,2030,10,45,45,0.0
776,h2_storage,2030,10,46,46,0.0
777,h2_storage,2030,10,47,47,0.0
778,h2_storage,2030,10,48,48,0.0
779,h2_storage,2030,10,49,49,0.0
780,h2_storage,2030,10,50,50,0.0
781,h2_storage,2030,10,51,51,0.0
782,h2_storage,2030,10,52,52,0.0
783,h2_storage,2030,10,53,53,0.0
784,h2_storage,2030,10,54,54,0.0
785,h2_storage,2030,10,55,55,0.0
786,h2_storage,2030,10,56,56,0.0
787,h2_storage,2030,10,57,57,0.0
788,h2_storage,2030,10,58,58,0.0
789,h2_storage,2030,10,59,59,0.0
790,h2_storage,2030,10,60,60,0.0
791,h2_storage,2030,10,61,61,0.0
792,h2_storage,2030,10,62,62,0.0
793,h2_storage,2030,10,63,63,0.0
794,h2_storage,2030,10,64,64,0.0
795,h2_storage,2030,10,65,65,0.0
796,h2_storage,2030,10,66,66,0.0
797,h2_storage,2030,10,67,67,0.0
798,h2_storage,2030,10,68,68,0.0
799,h2_storage,2030,10,69,69,0.0
800,h2_storage,2030,10,70,70,0.0
801,h2_storage,2030,10,71,71,0.0
802,h2_storage,2030,10,72,72,0.0
803,h2_storage,2030,10,73,73,0.0
804,h2_storage,2030,10,74,74,0.0
805,h2_storage,2030,10,75,75,0.0
806,h2_storage,2030,10,76,76,0.0
807,h2_storage,2030,10,77,77,0.0
808,h2_storage,2030,10,78,78,0.0
809,h2_storage,2030,10,79,79,0.0
810,h2_storage,2030,10,80,80,0.0
811,h2_storage,2030,10,81,81,0.0
812,h2_storage,2030,10,82,82,0.0
813,h2_storage,2030,10,83,83,0.0
814,h2_storage,2030,10,84,84,0.0
815,h2_storage,2030,10,85,85,0.0
816,h2_storage,2030,10,86,86,0.0
817,h2_storage,2030,10,87,87,0.0
818,h2_storage,2030,10,88,88,0.0
819,h2_storage,2030,10,89,89,0.0
820,h2_storage,2030,10,90,90,0.0
821,h2_storage,2030,10,91,91,0.0
822,h2_storage,2030,10,92,92,0.0
823,h2_storage,2030,10,93,93,0.0
824,h2_storage,2030,10,94,94,0.0
825,h2_storage,2030,10,95,95,0.0
826,h2_storage,2030,10,96,96,0.0
827,h2_storage,2030,10,97,97,0.0
828,h2_storage,2030,10,98,98,0.0
829,h2_storage,2030,10,99,99,0.0
830,h2_storage,2030,10,100,100,0.0
831,h2_storage,2030,10,101,101,0.0
832,h2_storage,2030,10,102,102,0.0
833,h2_storage,2030,10,103,103,0.0
834,h2_storage,2030,10,104,104,0.0
835,h2_storage,2030,10,105,105,0.0
836,h2_storage,2030,10,106,106,0.0
837,h2_storage,2030,10,107,107,0.0
838,h2_storage,2030,10,108,108,0.0
839,h2_storage,2030,10,109,109,0.0
840,h2_storage,2030,10,110,110,0.0
841,h2_storage,2030,10,111,111,0.0
842,h2_storage,2030,10,112,112,0.0
843,h2_storage,2030,10,113,113,0.0
844,h2_storage,2030,10,114,114,0.0
845,h2_storage,2030,10,115,115,0.0
846,h2_storage,2030,10,116,116,0.0
847,h2_storage,2030,10,117,117,0.0
848,h2_storage,2030,10,118,118,0.0
849,h2_storage,2030,10,119,119,0.0
850,h2_storage,2030,10,120,120,0.0
851,h2_storage,2030,10,121,121,0.0
852,h2_storage,2030,10,122,122,0.0
853,h2_storage,2030,10,123,123,0.0
854,h2_storage,2030,10,124,124,0.0
855,h2_storage,2030,10,125,125,0.0
856,h2_storage,2030,10,126,126,0.0
857,h2_storage,2030,10,127,127,0.0
858,h2_storage,2030,10,128,128,0.0
859,h2_storage,2030,10,129,129,0.0
860,h2_storage,2030,10,130,130,0.0
861,h2_storage,2030,10,131,131,0.0
862,h2_storage,2030,10,132,132,0.0
863,h2_storage,2030,10,133,133,0.0
864,h2_storage,2030,10,134,134,0.0
865,h2_storage,2030,10,135,135,0.0
866,h2_storage,2030,10,136,136,0.0
867,h2_storage,2030,10,137,137,0.0
868,h2_storage,2030,10,138,138,0.0
869,h2_storage,2030,10,139,139,0.0
870,h2_storage,2030,10,140,140,0.0
871,h2_storage,2030,10,141,141,0.0
872,h2_storage,2030,10,142,142,0.0
873,h2_storage,2030,10,143,143,0.0
874,h2_storage,2030,10,144,144,0.0
875,h2_storage,2030,10,145,145,0.0
876,h2_storage,2030,10,146,146,0.0
877,h2_storage,2030,10,147,147,0.0
878,h2_storage,2030,10,148,148,0.0
879,h2_storage,2030,10,149,149,0.0
880,h2_storage,2030,10,150,150,0.0
881,h2_storage,2030,10,151,151,0.0
882,h2_storage,2030,10,152,152,0.0
883,h2_storage,2030,10,153,153,0.0
884,h2_storage,2030,10,154,154,0.0
885,h2_storage,2030,10,155,155,0.0
886,h2_storage,2030,10,156,156,0.0
887,h2_storage,2030,10,157,157,0.0
888,h2_storage,2030,10,158,158,0.0
889,h2_storage,2030,10,159,159,0.0
890,h2_storage,2030,10,160,160,0.0
891,h2_storage,2030,10,161,161,0.0
892,h2_storage,2030,10,162,162,0.0
893,h2_storage,2030,10,163,163,0.0
894,h2_storage,2030,10,164,164,0.0
895,h2_storage,2030,10,165,165,0.0
896,h2_storage,2030,10,166,166,0.0
897,h2_storage,2030,10,167,167,0.0
898,h2_storage,2030,10,168,168,0.0
899,h2_storage,2030,10,169,169,0.0
900,h2_storage,2030,10,170,170,0.0
901,h2_storage,2030,10,171,171,0.0
902,h2_storage,2030,10,172,172,0.0
903,h2_storage,2030,10,173,173,0.0
904,h2_storage,2030,10,174,174,0.0
905,h2_storage,2030,10,175,175,0.0
906,h2_storage,2030,10,176,176,0.0
907,h2_storage,2030,10,177,177,0.0
908,h2_storage,2030,10,178,178,0.0
909,h2_storage,2030,10,179,179,0.0
910,h2_storage,2030,10,180,180,0.0
911,h2_storage,2030,10,181,181,0.0
912,h2_storage,2030,10,182,182,0.0
913,h2_storage,2030,10,183,183,0.0
914,h2_storage,2030,10,184,184,0.0
915,h2_storage,2030,10,185,185,0.0
916,h2_storage,2030,10,186,186,0.0
917,h2_storage,2030,10,187,187,0.0
918,h2_storage,2030,10,188,188,0.0
919,h2_storage,2030,10,189,189,0.0
920,h2_storage,2030,10,190,190,0.0
921,h2_storage,2030,10,191,191,0.0
922,h2_storage,2030,10,192,192,0.0
923,h2_storage,2030,10,193,193,0.0
924,h2_storage,2030,10,194,194,0.0
925,h2_storage,2030,10,195,195,0.0
926,h2_storage,2030,10,196,196,0.0
927,h2_storage,2030,10,197,197,0.0
928,h2_storage,2030,10,198,198,0.0
929,h2_storage,2030,10,199,199,0.0
930,h2_storage,2030,10,200,200,0.0
931,h2_storage,2030,10,201,201,0.0
932,h2_storage,2030,10,202,202,0.0
933,h2_storage,2030,10,203,203,0.0
934,h2_storage,2030,10,204,204,0.0
935,h2_storage,2030,10,205,205,0.0
936,h2_storage,2030,10,206,206,0.0
937,h2_storage,2030,10,207,207,0.0
938,h2_storage,2030,10,208,208,0.0
939,h2_storage,2030,10,209,209,0.0
940,h2_storage,2030,10,210,210,0.0
941,h2_storage,2030,10,211,211,0.0
942,h2_storage,2030,10,212,212,0.0
943,h2_storage,2030,10,213,213,0.0
944,h2_storage,2030,10,214,214,0.0
945,h2_storage,2030,10,215,215,0.0
946,h2_storage,2030,10,216,216,0.0
947,h2_storage,2030,10,217,217,0.0
948,h2_storage,2030,10,218,218,0.0
949,h2_storage,2030,10,219,219,0.0
950,h2_storage,2030,10,220,220,0.0
951,h2_storage,2030,10,221,221,0.0
952,h2_storage,2030,10,222,222,0.0
953,h2_storage,2030,10,223,223,0.0
954,h2_storage,2030,10,224,224,0.0
955,h2_storage,2030,10,225,225,0.0
956,h2_storage,2030,10,226,226,0.0
957,h2_storage,2030,10,227,227,0.0
958,h2_storage,2030,10,228,228,0.0
959,h2_storage,2030,10,229,229,0.0
960,h2_storage,2030,10,230,230,0.0
961,h2_storage,2030,10,231,231,0.0
962,h2_storage,2030,10,232,232,0.0
963,h2_storage,2030,10,233,233,0.0
964,h2_storage,2030,10,234,234,0.0
965,h2_storage,2030,10,235,235,0.0
966,h2_storage,2030,10,236,236,0.0
967,h2_storage,2030,10,237,237,0.0
968,h2_storage,2030,10,238,238,0.0
969,h2_storage,2030,10,239,239,0.0
970,h2_storage,2030,10,240,240,0.0
971,h2_storage,2030,10,241,241,0.0
972,h2_storage,2030,10,242,242,0.0
973,h2_storage,2030,10,243,243,0.0
974,h2_storage,2030,10,244,244,0.0
975,h2_storage,2030,10,245,245,0.0
976,h2_storage,2030,10,246,246,0.0
977,h2_storage,2030,10,247,247,0.0
978,h2_storage,2030,10,248,248,0.0
979,h2_storage,2030,10,249,249,0.0
980,h2_storage,2030,10,250,250,0.0
981,h2_storage,2030,10,251,251,0.0
982,h2_storage,2030,10,252,252,0.0
983,h2_storage,2030,10,253,253,0.0
984,h2_storage,2030,10,254,254,0.0
985,h2_storage,2030,10,255,255,0.0
986,h2_storage,2030,10,256,256,0.0
987,h2_storage,2030,10,257,257,0.0
988,h2_storage,2030,10,258,258,0.0
989,h2_storage,2030,10,259,259,0.0
990,h2_storage,2030,10,260,260,0.0
991,h2_storage,2030,10,261,261,0.0
992,h2_storage,2030,10,262,262,0.0
993,h2_storage,2030,10,263,263,0.0
994,h2_storage,2030,10,264,264,0.0
995,h2_storage,2030,10,265,265,0.0
996,h2_storage,2030,10,266,266,0.0
997,h2_storage,2030,10,267,267,0.0
998,h2_storage,2030,10,268,268,0.0
999,h2_storage,2030,10,269,269,0.0
1000,h2_storage,2030,10,270,270,0.0
1001,h2_storage,2030,10,271,271,0.0
1002,h2_storage,2030,10,272,272,0.0
1003,h2_storage,2030,10,273,273,0.0
1004,h2_storage,2030,10,274,274,0.0
1005,h2_storage,2030,10,275,275,0.0
1006,h2_storage,2030,10,276,276,0.0
1007,h2_storage,2030,10,277,277,0.0
1008,h2_storage,2030,10,278,278,0.0
1009,h2_storage,2030,10,279,279,0.0
1010,h2_storage,2030,10,280,280,0.0
1011,h2_storage,2030,10,281,281,0.0
1012,h2_storage,2030,10,282,282,0.0
1013,h2_storage,2030,10,283,283,0.0
1014,h2_storage,2030,10,284,284,0.0
1015,h2_storage,2030,10,285,285,0.0
1016,h2_storage,2030,10,286,286,0.0
1017,h2_storage,2030,10,287,287,0.0
1018,h2_storage,2030,10,288,288,0.0
1019,h2_storage,2030,10,289,289,0.0
1020,h2_storage,2030,10,290,290,0.0
1021,h2_storage,2030,10,291,291,0.0
1022,h2_storage,2030,10,292,292,0.0
1023,h2_storage,2030,10,293,293,0.0
1024,h2_storage,2030,10,294,294,0.0
1025,h2_storage,2030,10,295,295,0.0
1026,h2_storage,2030,10,296,296,0.0
1027,h2_storage,2030,10,297,297,0.0
1028,h2_storage,2030,10,298,298,0.0
1029,h2_storage,2030,10,299,299,0.0
1030,h2_storage,2030,10,300,300,0.0
1031,h2_storage,2030,10,301,301,0.0
1032,h2_storage,2030,10,302,302,0.0
1033,h2_storage,2030,10,303,303,0.0
1034,h2_storage,2030,10,304,304,0.0
1035,h2_storage,2030,10,305,305,0.0
1036,h2_storage,2030,10,306,306,0.0
1037,h2_storage,2030,10,307,307,0.0
1038,h2_storage,2030,10,308,308,0.0
1039,h2_storage,2030,10,309,309,0.0
1040,h2_storage,2030,10,310,310,0.0
1041,h2_storage,2030,10,311,311,0.0
1042,h2_storage,2030,10,312,312,0.0
1043,h2_storage,2030,10,313,313,0.0
1044,h2_storage,2030,10,314,314,0.0
1045,h2_storage,2030,10,315,315,0.0
1046,h2_storage,2030,10,316,316,0.0
1047,h2_storage,2030,10,317,317,0.0
1048,h2_storage,2030,10,318,318,0.0
1049,h2_storage,2030,10,319,319,0.0
1050,h2_storage,2030,10,320,320,0.0
1051,h2_storage,2030,10,321,321,0.0
1052,h2_storage,2030,10,322,322,0.0
1053,h2_storage,2030,10,323,323,0.0
1054,h2_storage,2030,10,324,324,0.0
1055,h2_storage,2030,10,325,325,0.0
1056,h2_storage,2030,10,326,326,0.0
1057,h2_storage,2030,10,327,327,0.0
1058,h2_storage,2030,10,328,328,0.0
1059,h2_storage,2030,10,329,329,0.0
1060,h2_storage,2030,10,330,330,0.0
1061,h2_storage,2030,10,331,331,0.0
1062,h2_storage,2030,10,332,332,0.0
1063,h2_storage,2030,10,333,333,0.0
1064,h2_storage,2030,10,334,334,0.0
1065,h2_storage,2030,10,335,335,0.0
1066,h2_storage,2030,10,336,336,0.0
1067,h2_storage,2030,10,337,337,0.0
1068,h2_storage,2030,10,338,338,0.0
1069,h2_storage,2030,10,339,339,0.0
1070,h2_storage,2030,10,340,340,0.0
1071,h2_storage,2030,10,341,341,0.0
1072,h2_storage,2030,10,342,342,0.0
1073,h2_storage,2030,10,343,343,0.0
1074,h2_storage,2030,10,344,344,0.0
1075,h2_storage,2030,10,345,345,0.0
1076,h2_storage,2030,10,346,346,0.0
1077,h2_storage,2030,10,347,347,0.0
1078,h2_storage,2030,10,348,348,0.0
1079,h2_storage,2030,10,349,349,0.0
1080,h2_storage,2030,10,350,350,0.0
1081,h2_storage,2030,10,351,351,0.0
1082,h2_storage,2030,10,352,352,0.0
1083,h2_storage,2030,10,353,353,0.0
1084,h2_storage,2030,10,354,354,0.0
1085,h2_storage,2030,10,355,355,0.0
1086,h2_storage,2030,10,356,356,0.0
1087,h2_storage,2030,10,357,357,0.0
1088,h2_storage,2030,10,358,358,0.0
1089,h2_storage,2030,10,359,359,0.0
1090,h2_storage,2030,10,360,360,0.0
1091,h2_storage,2030,10,361,361,0.0
1092,h2_storage,2030,10,362,362,0.0
1093,h2_storage,2030,10,363,363,0.0
1094,h2_storage,2030,10,364,364,0.0
1095,h2_storage,2030,10,365,365,0.0
1096,hydro_reservoir,2030,5,1,1,202.38792314463493
1097,hydro_reservoir,2030,5,2,2,203.83363386173858
1098,hydro_reservoir,2030,5,3,3,205.6365874534933
1099,hydro_reservoir,2030,5,4,4,205.80484944810092
1100,hydro_reservoir,2030,5,5,5,206.20743027032145
1101,hydro_reservoir,2030,5,6,6,206.38345224013824
1102,hydro_reservoir,2030,5,7,7,206.68164384765848
1103,hydro_reservoir,2030,5,8,8,206.94136803516636
1104,hydro_reservoir,2030,5,9,9,208.22857615222824
1105,hydro_reservoir,2030,5,10,10,207.68397022060176
1106,hydro_reservoir,2030,5,11,11,207.4455864827013
1107,hydro_reservoir,2030,5,12,12,207.68566798521292
1108,hydro_reservoir,2030,5,13,13,207.20166461447226
1109,hydro_reservoir,2030,5,14,14,206.77920343213248
1110,hydro_reservoir,2030,5,15,15,206.00740097103923
1111,hydro_reservoir,2030,5,16,16,206.19846810518402
1112,hydro_reservoir,2030,5,17,17,205.89469519240347
1113,hydro_reservoir,2030,5,18,18,206.1534874499308
1114,hydro_reservoir,2030,5,19,19,205.28096063112116
1115,hydro_reservoir,2030,5,20,20,206.43463243657135
1116,hydro_reservoir,2030,5,21,21,207.19178992296094
1117,hydro_reservoir,2030,5,22,22,207.19630902337212
1118,hydro_reservoir,2030,5,23,23,208.18200826060018
1119,hydro_reservoir,2030,5,24,24,208.53250070103638
1120,hydro_reservoir,2030,5,25,25,208.57571946164344
1121,hydro_reservoir,2030,5,26,26,208.84907965158075
1122,hydro_reservoir,2030,5,27,27,208.9804715942749
1123,hydro_reservoir,2030,5,28,28,208.9909987500287
1124,hydro_reservoir,2030,5,29,29,208.49249424059136
1125,hydro_reservoir,2030,5,30,30,208.57982501907233
1126,hydro_reservoir,2030,5,31,31,208.76652924280205
1127,hydro_reservoir,2030,5,32,32,208.9326520397134
1128,hydro_reservoir,2030,5,33,33,208.86411516622485
1129,hydro_reservoir,2030,5,34,34,208.73157714630875
1130,hydro_reservoir,2030,5,35,35,209.06858340546165
1131,hydro_reservoir,2030,5,36,36,208.75546739421105
1132,hydro_reservoir,2030,5,37,37,208.91983722385828
1133,hydro_reservoir,2030,5,38,38,209.12993301204438
1134,hydro_reservoir,2030,5,39,39,209.00992087740832
1135,hydro_reservoir,2030,5,40,40,208.72438204478806
1136,hydro_reservoir,2030,5,41,41,209.06501446050495
1137,hydro_reservoir,2030,5,42,42,208.1938442562399
1138,hydro_reservoir,2030,5,43,43,207.95163721063074
1139,hydro_reservoir,2030,5,44,44,206.43690621662523
1140,hydro_reservoir,2030,5,45,45,207.1612744052061
1141,hydro_reservoir,2030,5,46,46,208.6626152753717
1142,hydro_reservoir,2030,5,47,47,210.1974673164763
1143,hydro_reservoir,2030,5,48,48,210.98818442170707
1144,hydro_reservoir,2030,5,49,49,212.4975876844684
1145,hydro_reservoir,2030,5,50,50,213.80011635300806
1146,hydro_reservoir,2030,5,51,51,213.7251739360893
1147,hydro_reservoir,2030,5,52,52,212.44571206617627
1148,hydro_reservoir,2030,5,53,53,212.29452298416706
1149,hydro_reservoir,2030,5,54,54,211.9011896094034
1150,hydro_reservoir,2030,5,55,55,212.68818496761045
1151,hydro_reservoir,2030,5,56,56,212.7830783562832
1152,hydro_reservoir,2030,5,57,57,212.68639025744193
1153,hydro_reservoir,2030,5,58,58,213.21568931367426
1154,hydro_reservoir,2030,5,59,59,214.50587305425466
1155,hydro_reservoir,2030,5,60,60,214.41597100913785
1156,hydro_reservoir,2030,5,61,61,214.18480068268866
1157,hydro_reservoir,2030,5,62,62,214.89333577676788
1158,hydro_reservoir,2030,5,63,63,216.19651391303262
1159,hydro_reservoir,2030,5,64,64,216.25025203020505
1160,hydro_reservoir,2030,5,65,65,216.2239666317644
1161,hydro_reservoir,2030,5,66,66,215.3971656999569
1162,hydro_reservoir,2030,5,67,67,217.33536238201435
1163,hydro_reservoir,2030,5,68,68,218.5440853336296
1164,hydro_reservoir,2030,5,69,69,218.70827449577334
1165,hydro_reservoir,2030,5,70,70,217.69460526985193
1166,hydro_reservoir,2030,5,71,71,218.39187868564142
1167,hydro_reservoir,2030,5,72,72,218.32809778040922
1168,hydro_reservoir,2030,5,73,73,217.9182781350265
1169,hydro_reservoir,2030,5,74,74,217.87637010008783
1170,hydro_reservoir,2030,5,75,75,217.41024561512458
1171,hydro_reservoir,2030,5,76,76,217.35775352331538
1172,hydro_reservoir,2030,5,77,77,217.41622208384834
1173,hydro_reservoir,2030,5,78,78,217.37612679160748
1174,hydro_reservoir,2030,5,79,79,217.26943424947245
1175,hydro_reservoir,2030,5,80,80,217.1380487403783
1176,hydro_reservoir,2030,5,81,81,216.83509890467073
1177,hydro_reservoir,2030,5,82,82,216.89385659789076
1178,hydro_reservoir,2030,5,83,83,215.76485607116803
1179,hydro_reservoir,2030,5,84,84,216.50430530089636
1180,hydro_reservoir,2030,5,85,85,217.48707814020997
1181,hydro_reservoir,2030,5,86,86,218.4934914782613
1182,hydro_reservoir,2030,5,87,87,219.58716943334758
1183,hydro_reservoir,2030,5,88,88,220.1338037366937
1184,hydro_reservoir,2030,5,89,89,220.16032046832765
1185,hydro_reservoir,2030,5,90,90,220.65483652476368
1186,hydro_reservoir,2030,5,91,91,220.31386498269512
1187,hydro_reservoir,2030,5,92,92,219.92011717340415
1188,hydro_reservoir,2030,5,93,93,219.33876588828343
1189,hydro_reservoir,2030,5,94,94,218.76874692029676
1190,hydro_reservoir,2030,5,95,95,218.99160664795406
1191,hydro_reservoir,2030,5,96,96,218.86305139184225
1192,hydro_reservoir,2030,5,97,97,218.5587121966877
1193,hydro_reservoir,2030,5,98,98,218.01453079222813
1194,hydro_reservoir,2030,5,99,99,218.28670401178783
1195,hydro_reservoir,2030,5,100,100,219.06390807973736
1196,hydro_reservoir,2030,5,101,101,219.5098779547206
1197,hydro_reservoir,2030,5,102,102,220.11357210927625
1198,hydro_reservoir,2030,5,103,103,220.6769405851793
1199,hydro_reservoir,2030,5,104,104,221.35230977728986
1200,hydro_reservoir,2030,5,105,105,219.90318988158367
1201,hydro_reservoir,2030,5,106,106,219.10732571129472
1202,hydro_reservoir,2030,5,107,107,219.15354744507712
1203,hydro_reservoir,2030,5,108,108,217.93459034203974
1204,hydro_reservoir,2030,5,109,109,217.9456504874988
1205,hydro_reservoir,2030,5,110,110,218.71732275622253
1206,hydro_reservoir,2030,5,111,111,217.97348231665606
1207,hydro_reservoir,2030,5,112,112,217.25549635218792
1208,hydro_reservoir,2030,5,113,113,216.6615928492793
1209,hydro_reservoir,2030,5,114,114,216.25800779916685
1210,hydro_reservoir,2030,5,115,115,215.2489344025782
1211,hydro_reservoir,2030,5,116,116,214.46936884289357
1212,hydro_reservoir,2030,5,117,117,213.6401287690403
1213,hydro_reservoir,2030,5,118,118,213.49507398367982
1214,hydro_reservoir,2030,5,119,119,213.03281250888574
1215,hydro_reservoir,2030,5,120,120,211.80706406163836
1216,hydro_reservoir,2030,5,121,121,212.2628897364095
1217,hydro_reservoir,2030,5,122,122,211.07696467863946
1218,hydro_reservoir,2030,5,123,123,209.83944414205172
1219,hydro_reservoir,2030,5,124,124,209.6929225196951
1220,hydro_reservoir,2030,5,125,125,209.14617487598548
1221,hydro_reservoir,2030,5,126,126,208.76144872004903
1222,hydro_reservoir,2030,5,127,127,208.5822460431917
1223,hydro_reservoir,2030,5,128,128,208.1299050780071
1224,hydro_reservoir,2030,5,129,129,208.04131181672957
1225,hydro_reservoir,2030,5,130,130,208.2313894549384
1226,hydro_reservoir,2030,5,131,131,207.32122676635385
1227,hydro_reservoir,2030,5,132,132,206.53124823290563
1228,hydro_reservoir,2030,5,133,133,205.65018294364637
1229,hydro_reservoir,2030,5,134,134,204.93049491936782
1230,hydro_reservoir,2030,5,135,135,203.7511533880303
1231,hydro_reservoir,2030,5,136,136,203.772878404851
1232,hydro_reservoir,2030,5,137,137,203.0846092172584
1233,hydro_reservoir,2030,5,138,138,202.44443165903618
1234,hydro_reservoir,2030,5,139,139,202.87342552205902
1235,hydro_reservoir,2030,5,140,140,202.03763918015375
1236,hydro_reservoir,2030,5,141,141,201.9384993909471
1237,hydro_reservoir,2030,5,142,142,201.41358049844698
1238,hydro_reservoir,2030,5,143,143,200.76568615663192
1239,hydro_reservoir,2030,5,144,144,200.2423333817967
1240,hydro_reservoir,2030,5,145,145,199.39025658963243
1241,hydro_reservoir,2030,5,146,146,198.96008200049684
1242,hydro_reservoir,2030,5,147,147,199.3161135908795
1243,hydro_reservoir,2030,5,148,148,199.43698421246688
1244,hydro_reservoir,2030,5,149,149,198.97937315273336
1245,hydro_reservoir,2030,5,150,150,199.10506343524006
1246,hydro_reservoir,2030,5,151,151,198.9029485233034
1247,hydro_reservoir,2030,5,152,152,198.31680582846874
1248,hydro_reservoir,2030,5,153,153,198.21692255091608
1249,hydro_reservoir,2030,5,154,154,197.31861340212578
1250,hydro_reservoir,2030,5,155,155,198.21798349157675
1251,hydro_reservoir,2030,5,156,156,199.37535164425793
1252,hydro_reservoir,2030,5,157,157,200.75925355366516
1253,hydro_reservoir,2030,5,158,158,201.1169388561285
1254,hydro_reservoir,2030,5,159,159,200.72758268341735
1255,hydro_reservoir,2030,5,160,160,200.27127067800907
1256,hydro_reservoir,2030,5,161,161,200.73312617608235
1257,hydro_reservoir,2030,5,162,162,200.0962106349256
1258,hydro_reservoir,2030,5,163,163,199.2618481453014
1259,hydro_reservoir,2030,5,164,164,198.96495955534826
1260,hydro_reservoir,2030,5,165,165,200.3346665447175
1261,hydro_reservoir,2030,5,166,166,201.76673421076384
1262,hydro_reservoir,2030,5,167,167,201.66803426101458
1263,hydro_reservoir,2030,5,168,168,200.5665725181965
1264,hydro_reservoir,2030,5,169,169,201.1725770037903
1265,hydro_reservoir,2030,5,170,170,200.61260475252837
1266,hydro_reservoir,2030,5,171,171,199.9041996767977
1267,hydro_reservoir,2030,5,172,172,199.42785730044488
1268,hydro_reservoir,2030,5,173,173,199.343123430786
1269,hydro_reservoir,2030,5,174,174,199.52446114778928
1270,hydro_reservoir,2030,5,175,175,199.6760866645889
1271,hydro_reservoir,2030,5,176,176,198.93670860169723
1272,hydro_reservoir,2030,5,177,177,198.46393932873562
1273,hydro_reservoir,2030,5,178,178,198.03137744377364
1274,hydro_reservoir,2030,5,179,179,197.53761489233705
1275,hydro_reservoir,2030,5,180,180,196.92798895310327
1276,hydro_reservoir,2030,5,181,181,196.7177009327592
1277,hydro_reservoir,2030,5,182,182,197.66677726607725
1278,hydro_reservoir,2030,5,183,183,197.68551412845247
1279,hydro_reservoir,2030,5,184,184,198.04812568537633
1280,hydro_reservoir,2030,5,185,185,198.87782185035636
1281,hydro_reservoir,2030,5,186,186,198.1278072042617
1282,hydro_reservoir,2030,5,187,187,197.23458717992187
1283,hydro_reservoir,2030,5,188,188,196.34416263745103
1284,hydro_reservoir,2030,5,189,189,195.61814007202327
1285,hydro_reservoir,2030,5,190,190,195.913215009037
1286,hydro_reservoir,2030,5,191,191,195.11973015335428
1287,hydro_reservoir,2030,5,192,192,194.1960261713514
1288,hydro_reservoir,2030,5,193,193,193.2156550021988
1289,hydro_reservoir,2030,5,194,194,193.76567735330906
1290,hydro_reservoir,2030,5,195,195,193.41792557816586
1291,hydro_reservoir,2030,5,196,196,192.8262699600195
1292,hydro_reservoir,2030,5,197,197,191.92567219266112
1293,hydro_reservoir,2030,5,198,198,190.9904439351214
1294,hydro_reservoir,2030,5,199,199,190.05157636872292
1295,hydro_reservoir,2030,5,200,200,189.68030101693688
1296,hydro_reservoir,2030,5,201,201,189.63317720151107
1297,hydro_reservoir,2030,5,202,202,189.51156554342177
1298,hydro_reservoir,2030,5,203,203,188.87163667797898
1299,hydro_reservoir,2030,5,204,204,188.24338217275798
1300,hydro_reservoir,2030,5,205,205,187.44378597142443
1301,hydro_reservoir,2030,5,206,206,186.77992016951015
1302,hydro_reservoir,2030,5,207,207,186.33704090381136
1303,hydro_reservoir,2030,5,208,208,185.7470500441398
1304,hydro_reservoir,2030,5,209,209,185.29079446919908
1305,hydro_reservoir,2030,5,210,210,184.99023246716436
1306,hydro_reservoir,2030,5,211,211,184.4027121688677
1307,hydro_reservoir,2030,5,212,212,184.06148790104552
1308,hydro_reservoir,2030,5,213,213,183.47683226380587
1309,hydro_reservoir,2030,5,214,214,182.89566002124036
1310,hydro_reservoir,2030,5,215,215,183.77500698384142
1311,hydro_reservoir,2030,5,216,216,183.97340646304048
1312,hydro_reservoir,2030,5,217,217,183.15109559726815
1313,hydro_reservoir,2030,5,218,218,182.57046461662176
1314,hydro_reservoir,2030,5,219,219,182.75288823843536
1315,hydro_reservoir,2030,5,220,220,183.67124988673154
1316,hydro_reservoir,2030,5,221,221,184.76326774029982
1317,hydro_reservoir,2030,5,222,222,185.88678089807857
1318,hydro_reservoir,2030,5,223,223,185.7685125541583
1319,hydro_reservoir,2030,5,224,224,185.16799949447307
1320,hydro_reservoir,2030,5,225,225,184.66964282977736
1321,hydro_reservoir,2030,5,226,226,184.82923364161962
1322,hydro_reservoir,2030,5,227,227,184.16226956916967
1323,hydro_reservoir,2030,5,228,228,183.56228899982884
1324,hydro_reservoir,2030,5,229,229,183.749587237352
1325,hydro_reservoir,2030,5,230,230,182.969279625809
1326,hydro_reservoir,2030,5,231,231,182.29407601256113
1327,hydro_reservoir,2030,5,232,232,181.91740335543082
1328,hydro_reservoir,2030,5,233,233,181.57297382984748
1329,hydro_reservoir,2030,5,234,234,181.33754425419082
1330,hydro_reservoir,2030,5,235,235,180.5663763503726
1331,hydro_reservoir,2030,5,236,236,180.03438133706808
1332,hydro_reservoir,2030,5,237,237,180.76758712658608
1333,hydro_reservoir,2030,5,238,238,179.96795116302886
1334,hydro_reservoir,2030,5,239,239,177.34589008925246
1335,hydro_reservoir,2030,5,240,240,176.62334449763006
1336,hydro_reservoir,2030,5,241,241,175.82930253000197
1337,hydro_reservoir,2030,5,242,242,174.00582483505875
1338,hydro_reservoir,2030,5,243,243,174.44157376972876
1339,hydro_reservoir,2030,5,244,244,175.49918315540606
1340,hydro_reservoir,2030,5,245,245,176.17798499911157
1341,hydro_reservoir,2030,5,246,246,176.95903457293286
1342,hydro_reservoir,2030,5,247,247,177.8574359452304
1343,hydro_reservoir,2030,5,248,248,178.10021013816137
1344,hydro_reservoir,2030,5,249,249,178.7093514959767
1345,hydro_reservoir,2030,5,250,250,178.76377404769684
1346,hydro_reservoir,2030,5,251,251,178.5992556710625
1347,hydro_reservoir,2030,5,252,252,178.42988588092678
1348,hydro_reservoir,2030,5,253,253,178.3324539277933
1349,hydro_reservoir,2030,5,254,254,178.72312425655844
1350,hydro_reservoir,2030,5,255,255,179.53184730121419
1351,hydro_reservoir,2030,5,256,256,178.63804606543215
1352,hydro_reservoir,2030,5,257,257,177.8641468294591
1353,hydro_reservoir,2030,5,258,258,176.93342477599867
1354,hydro_reservoir,2030,5,259,259,177.6773536909784
1355,hydro_reservoir,2030,5,260,260,178.27410800900256
1356,hydro_reservoir,2030,5,261,261,178.26770663031996
1357,hydro_reservoir,2030,5,262,262,177.4768927251072
1358,hydro_reservoir,2030,5,263,263,177.81335035057222
1359,hydro_reservoir,2030,5,264,264,177.7822627157553
1360,hydro_reservoir,2030,5,265,265,178.6843027854513
1361,hydro_reservoir,2030,5,266,266,179.6973519719057
1362,hydro_reservoir,2030,5,267,267,180.53829482996264
1363,hydro_reservoir,2030,5,268,268,180.9508165361825
1364,hydro_reservoir,2030,5,269,269,180.54096563162435
1365,hydro_reservoir,2030,5,270,270,180.05062113145135
1366,hydro_reservoir,2030,5,271,271,179.88679503143237
1367,hydro_reservoir,2030,5,272,272,180.62366414526167
1368,hydro_reservoir,2030,5,273,273,180.59315979069208
1369,hydro_reservoir,2030,5,274,274,181.12858063167207
1370,hydro_reservoir,2030,5,275,275,182.060413323502
1371,hydro_reservoir,2030,5,276,276,182.7820505579388
1372,hydro_reservoir,2030,5,277,277,182.3666504815354
1373,hydro_reservoir,2030,5,278,278,182.11862941802136
1374,hydro_reservoir,2030,5,279,279,181.32260948404735
1375,hydro_reservoir,2030,5,280,280,180.98066949420837
1376,hydro_reservoir,2030,5,281,281,181.72543600732416
1377,hydro_reservoir,2030,5,282,282,182.22067221822857
1378,hydro_reservoir,2030,5,283,283,182.54008930674598
1379,hydro_reservoir,2030,5,284,284,182.55908149306495
1380,hydro_reservoir,2030,5,285,285,182.8965565120921
1381,hydro_reservoir,2030,5,286,286,182.89363265966136
1382,hydro_reservoir,2030,5,287,287,182.69835191845837
1383,hydro_reservoir,2030,5,288,288,182.90358458368576
1384,hydro_reservoir,2030,5,289,289,183.2749459757381
1385,hydro_reservoir,2030,5,290,290,182.7293552703229
1386,hydro_reservoir,2030,5,291,291,182.81366915630213
1387,hydro_reservoir,2030,5,292,292,182.787323813235
1388,hydro_reservoir,2030,5,293,293,183.48257725872242
1389,hydro_reservoir,2030,5,294,294,184.50691588306103
1390,hydro_reservoir,2030,5,295,295,183.24925867698525
1391,hydro_reservoir,2030,5,296,296,183.15978908004055
1392,hydro_reservoir,2030,5,297,297,183.69265526598338
1393,hydro_reservoir,2030,5,298,298,183.92015190113725
1394,hydro_reservoir,2030,5,299,299,184.6251440664461
1395,hydro_reservoir,2030,5,300,300,185.2657716731718
1396,hydro_reservoir,2030,5,301,301,186.21620046141024
1397,hydro_reservoir,2030,5,302,302,186.87164537143178
1398,hydro_reservoir,2030,5,303,303,188.04271174616335
1399,hydro_reservoir,2030,5,304,304,189.21990581434784
1400,hydro_reservoir,2030,5,305,305,190.07036707708966
1401,hydro_reservoir,2030,5,306,306,189.9446494111534
1402,hydro_reservoir,2030,5,307,307,189.59521873718236
1403,hydro_reservoir,2030,5,308,308,189.2522511833514
1404,hydro_reservoir,2030,5,309,309,189.25053423803328
1405,hydro_reservoir,2030,5,310,310,189.3063069869918
1406,hydro_reservoir,2030,5,311,311,189.91937790394283
1407,hydro_reservoir,2030,5,312,312,189.10898835910155
1408,hydro_reservoir,2030,5,313,313,189.54001345245715
1409,hydro_reservoir,2030,5,314,314,190.24093669830728
1410,hydro_reservoir,2030,5,315,315,190.93590988435426
1411,hydro_reservoir,2030,5,316,316,190.24913561569355
1412,hydro_reservoir,2030,5,317,317,190.1178989636272
1413,hydro_reservoir,2030,5,318,318,190.15443928405966
1414,hydro_reservoir,2030,5,319,319,189.88486350206918
1415,hydro_reservoir,2030,5,320,320,190.2815857219367
1416,hydro_reservoir,2030,5,321,321,191.03370956717018
1417,hydro_reservoir,2030,5,322,322,190.58908925134585
1418,hydro_reservoir,2030,5,323,323,191.40083807096693
1419,hydro_reservoir,2030,5,324,324,192.16726673635762
1420,hydro_reservoir,2030,5,325,325,191.7807247318334
1421,hydro_reservoir,2030,5,326,326,191.76017754168473
1422,hydro_reservoir,2030,5,327,327,192.4387901989669
1423,hydro_reservoir,2030,5,328,328,191.91813200886787
1424,hydro_reservoir,2030,5,329,329,191.9335489831735
1425,hydro_reservoir,2030,5,330,330,193.37131617598445
1426,hydro_reservoir,2030,5,331,331,193.82513621809537
1427,hydro_reservoir,2030,5,332,332,194.15497214863893
1428,hydro_reservoir,2030,5,333,333,192.13920099855062
1429,hydro_reservoir,2030,5,334,334,192.52027116347918
1430,hydro_reservoir,2030,5,335,335,192.72110788099454
1431,hydro_reservoir,2030,5,336,336,192.93636931064836
1432,hydro_reservoir,2030,5,337,337,193.1166949235536
1433,hydro_reservoir,2030,5,338,338,191.4552206897524
1434,hydro_reservoir,2030,5,339,339,190.82987728940034
1435,hydro_reservoir,2030,5,340,340,192.08226347926632
1436,hydro_reservoir,2030,5,341,341,192.33373549942115
1437,hydro_reservoir,2030,5,342,342,193.98968924724676
1438,hydro_reservoir,2030,5,343,343,195.0517845895663
1439,hydro_reservoir,2030,5,344,344,195.50232577992415
1440,hydro_reservoir,2030,5,345,345,197.1092443607133
1441,hydro_reservoir,2030,5,346,346,198.67778066655535
1442,hydro_reservoir,2030,5,347,347,199.0692924327623
1443,hydro_reservoir,2030,5,348,348,199.49838574230859
1444,hydro_reservoir,2030,5,349,349,200.0253402946873
1445,hydro_reservoir,2030,5,350,350,201.53338075965806
1446,hydro_reservoir,2030,5,351,351,203.06053739435276
1447,hydro_reservoir,2030,5,352,352,202.54663571061664
1448,hydro_reservoir,2030,5,353,353,202.65754923636163
1449,hydro_reservoir,2030,5,354,354,201.1588359644662
1450,hydro_reservoir,2030,5,355,355,201.76205255387785
1451,hydro_reservoir,2030,5,356,356,200.6556909171508
1452,hydro_reservoir,2030,5,357,357,199.8045695955035
1453,hydro_reservoir,2030,5,358,358,199.98884120409866
1454,hydro_reservoir,2030,5,359,359,198.53331558224707
1455,hydro_reservoir,2030,5,360,360,198.77181154864707
1456,hydro_reservoir,2030,5,361,361,198.86185541583365
1457,hydro_reservoir,2030,5,362,362,198.8301438247999
1458,hydro_reservoir,2030,5,363,363,198.6263208480091
1459,hydro_reservoir,2030,5,364,364,200.03756811378506
1460,hydro_reservoir,2030,5,365,365,201.6
1461,hydro_reservoir,2030,9,1,1,202.51285842233222
1462,hydro_reservoir,2030,9,2,2,204.01054658044902
1463,hydro_reservoir,2030,9,3,3,204.9890947219715
1464,hydro_reservoir,2030,9,4,4,205.93329934460192
1465,hydro_reservoir,2030,9,5,5,206.4427675182145
1466,hydro_reservoir,2030,9,6,6,206.1799697533704
1467,hydro_reservoir,2030,9,7,7,205.2218657867511
1468,hydro_reservoir,2030,9,8,8,205.04967751284542
1469,hydro_reservoir,2030,9,9,9,204.00954777853616
1470,hydro_reservoir,2030,9,10,10,205.7987520745027
1471,hydro_reservoir,2030,9,11,11,207.3280180233504
1472,hydro_reservoir,2030,9,12,12,209.06190737364366
1473,hydro_reservoir,2030,9,13,13,208.69833901294646
1474,hydro_reservoir,2030,9,14,14,209.49704758092784
1475,hydro_reservoir,2030,9,15,15,210.7114777968279
1476,hydro_reservoir,2030,9,16,16,211.20120254863397
1477,hydro_reservoir,2030,9,17,17,211.1112105127716
1478,hydro_reservoir,2030,9,18,18,211.90710265632086
1479,hydro_reservoir,2030,9,19,19,213.16900023991454
1480,hydro_reservoir,2030,9,20,20,214.44369016098557
1481,hydro_reservoir,2030,9,21,21,215.66298119636042
1482,hydro_reservoir,2030,9,22,22,216.02010433497972
1483,hydro_reservoir,2030,9,23,23,215.19989975282851
1484,hydro_reservoir,2030,9,24,24,215.48091926715486
1485,hydro_reservoir,2030,9,25,25,215.38983228873985
1486,hydro_reservoir,2030,9,26,26,214.8100248612348
1487,hydro_reservoir,2030,9,27,27,214.22237965925478
1488,hydro_reservoir,2030,9,28,28,213.4218449169885
1489,hydro_reservoir,2030,9,29,29,213.10857663498865
1490,hydro_reservoir,2030,9,30,30,212.8321227407985
1491,hydro_reservoir,2030,9,31,31,212.4183796143884
1492,hydro_reservoir,2030,9,32,32,212.12441473428112
1493,hydro_reservoir,2030,9,33,33,212.0674099633805
1494,hydro_reservoir,2030,9,34,34,213.19936642180048
1495,hydro_reservoir,2030,9,35,35,212.75264350958915
1496,hydro_reservoir,2030,9,36,36,211.67029057778052
1497,hydro_reservoir,2030,9,37,37,212.7420193793535
1498,hydro_reservoir,2030,9,38,38,212.76130694889724
1499,hydro_reservoir,2030,9,39,39,212.02834014589857
1500,hydro_reservoir,2030,9,40,40,211.83838231051698
1501,hydro_reservoir,2030,9,41,41,210.75506989796958
1502,hydro_reservoir,2030,9,42,42,210.27870964419355
1503,hydro_reservoir,2030,9,43,43,209.73065810483288
1504,hydro_reservoir,2030,9,44,44,209.86844579829344
1505,hydro_reservoir,2030,9,45,45,209.1755631775186
1506,hydro_reservoir,2030,9,46,46,208.93898162819994
1507,hydro_reservoir,2030,9,47,47,208.69347373810842
1508,hydro_reservoir,2030,9,48,48,207.38604845240786
1509,hydro_reservoir,2030,9,49,49,206.5189410292696
1510,hydro_reservoir,2030,9,50,50,207.5168197865812
1511,hydro_reservoir,2030,9,51,51,208.73167513381057
1512,hydro_reservoir,2030,9,52,52,210.27583780277314
1513,hydro_reservoir,2030,9,53,53,211.23333425414424
1514,hydro_reservoir,2030,9,54,54,212.59781010247605
1515,hydro_reservoir,2030,9,55,55,214.19944198396888
1516,hydro_reservoir,2030,9,56,56,213.9292697160855
1517,hydro_reservoir,2030,9,57,57,213.93689126163872
1518,hydro_reservoir,2030,9,58,58,214.43447697956464
1519,hydro_reservoir,2030,9,59,59,211.95825371315559
1520,hydro_reservoir,2030,9,60,60,213.41985196223087
1521,hydro_reservoir,2030,9,61,61,215.2744003066098
1522,hydro_reservoir,2030,9,62,62,215.6246730591257
1523,hydro_reservoir,2030,9,63,63,216.57738095912336
1524,hydro_reservoir,2030,9,64,64,217.43353868910876
1525,hydro_reservoir,2030,9,65,65,218.78108025441813
1526,hydro_reservoir,2030,9,66,66,219.5014070175727
1527,hydro_reservoir,2030,9,67,67,220.29299694215885
1528,hydro_reservoir,2030,9,68,68,221.90872912021862
1529,hydro_reservoir,2030,9,69,69,222.4927552717455
1530,hydro_reservoir,2030,9,70,70,222.28112278578712
1531,hydro_reservoir,2030,9,71,71,222.46505236778125
1532,hydro_reservoir,2030,9,72,72,223.86577712325362
1533,hydro_reservoir,2030,9,73,73,225.23781275434212
1534,hydro_reservoir,2030,9,74,74,226.19013393111302
1535,hydro_reservoir,2030,9,75,75,227.17127563395462
1536,hydro_reservoir,2030,9,76,76,226.02994388130833
1537,hydro_reservoir,2030,9,77,77,227.75277417636343
1538,hydro_reservoir,2030,9,78,78,228.59069233820145
1539,hydro_reservoir,2030,9,79,79,228.86019109350184
1540,hydro_reservoir,2030,9,80,80,230.0266331269681
1541,hydro_reservoir,2030,9,81,81,229.65198560484723
1542,hydro_reservoir,2030,9,82,82,230.54387585186979
1543,hydro_reservoir,2030,9,83,83,230.96585497895225
1544,hydro_reservoir,2030,9,84,84,230.20655618450334
1545,hydro_reservoir,2030,9,85,85,228.95103793767174
1546,hydro_reservoir,2030,9,86,86,229.01028520928372
1547,hydro_reservoir,2030,9,87,87,228.19963240880435
1548,hydro_reservoir,2030,9,88,88,228.94673835791357
1549,hydro_reservoir,2030,9,89,89,229.09194370811792
1550,hydro_reservoir,2030,9,90,90,228.48783924361874
1551,hydro_reservoir,2030,9,91,91,228.33369748401827
1552,hydro_reservoir,2030,9,92,92,228.14513197347136
1553,hydro_reservoir,2030,9,93,93,228.28945142177204
1554,hydro_reservoir,2030,9,94,94,228.30313813279238
1555,hydro_reservoir,2030,9,95,95,227.64964141593035
1556,hydro_reservoir,2030,9,96,96,227.63233409578513
1557,hydro_reservoir,2030,9,97,97,227.79087238829402
1558,hydro_reservoir,2030,9,98,98,226.91874631831703
1559,hydro_reservoir,2030,9,99,99,225.47058942925736
1560,hydro_reservoir,2030,9,100,100,225.145875962696
1561,hydro_reservoir,2030,9,101,101,224.78189275228794
1562,hydro_reservoir,2030,9,102,102,223.7380465893354
1563,hydro_reservoir,2030,9,103,103,222.36655466605663
1564,hydro_reservoir,2030,9,104,104,220.8487197253144
1565,hydro_reservoir,2030,9,105,105,220.32621212170318
1566,hydro_reservoir,2030,9,106,106,219.8769890244525
1567,hydro_reservoir,2030,9,107,107,219.34430567559247
1568,hydro_reservoir,2030,9,108,108,220.3393231873172
1569,hydro_reservoir,2030,9,109,109,219.13535580138856
1570,hydro_reservoir,2030,9,110,110,218.9484231119437
1571,hydro_reservoir,2030,9,111,111,219.86416886085266
1572,hydro_reservoir,2030,9,112,112,219.6324709529262
1573,hydro_reservoir,2030,9,113,113,219.462346431218
1574,hydro_reservoir,2030,9,114,114,219.48874857381136
1575,hydro_reservoir,2030,9,115,115,219.84411919049103
1576,hydro_reservoir,2030,9,116,116,219.97762578237436
1577,hydro_reservoir,2030,9,117,117,220.2984187428838
1578,hydro_reservoir,2030,9,118,118,220.58952113146816
1579,hydro_reservoir,2030,9,119,119,222.04599601222503
1580,hydro_reservoir,2030,9,120,120,223.70823462685888
1581,hydro_reservoir,2030,9,121,121,224.87595596204133
1582,hydro_reservoir,2030,9,122,122,226.3005355377269
1583,hydro_reservoir,2030,9,123,123,227.76931860650996
1584,hydro_reservoir,2030,9,124,124,227.679582739257
1585,hydro_reservoir,2030,9,125,125,227.2884329955883
1586,hydro_reservoir,2030,9,126,126,225.8024611661262
1587,hydro_reservoir,2030,9,127,127,226.00195692083653
1588,hydro_reservoir,2030,9,128,128,226.21324015162398
1589,hydro_reservoir,2030,9,129,129,225.5157607834425
1590,hydro_reservoir,2030,9,130,130,224.43231692447648
1591,hydro_reservoir,2030,9,131,131,223.38163187604812
1592,hydro_reservoir,2030,9,132,132,222.6544808784702
1593,hydro_reservoir,2030,9,133,133,221.67536450535493
1594,hydro_reservoir,2030,9,134,134,220.7623723712231
1595,hydro_reservoir,2030,9,135,135,221.2237098486082
1596,hydro_reservoir,2030,9,136,136,220.6903345779054
1597,hydro_reservoir,2030,9,137,137,219.84359739408404
1598,hydro_reservoir,2030,9,138,138,219.5661163703468
1599,hydro_reservoir,2030,9,139,139,218.66551827914355
1600,hydro_reservoir,2030,9,140,140,217.75468951886882
1601,hydro_reservoir,2030,9,141,141,217.2043549277031
1602,hydro_reservoir,2030,9,142,142,216.28143190954765
1603,hydro_reservoir,2030,9,143,143,215.04489685521548
1604,hydro_reservoir,2030,9,144,144,213.7305115695044
1605,hydro_reservoir,2030,9,145,145,212.45180790275077
1606,hydro_reservoir,2030,9,146,146,211.60484137360672
1607,hydro_reservoir,2030,9,147,147,211.0169335895604
1608,hydro_reservoir,2030,9,148,148,210.24415116475933
1609,hydro_reservoir,2030,9,149,149,209.2907141454011
1610,hydro_reservoir,2030,9,150,150,208.28312914673808
1611,hydro_reservoir,2030,9,151,151,207.48267331670226
1612,hydro_reservoir,2030,9,152,152,206.2988295178482
1613,hydro_reservoir,2030,9,153,153,205.42734141580664
1614,hydro_reservoir,2030,9,154,154,204.65082491951972
1615,hydro_reservoir,2030,9,155,155,204.14997073134316
1616,hydro_reservoir,2030,9,156,156,204.8670224328846
1617,hydro_reservoir,2030,9,157,157,205.60402777492652
1618,hydro_reservoir,2030,9,158,158,204.72355591375126
1619,hydro_reservoir,2030,9,159,159,205.30863294627144
1620,hydro_reservoir,2030,9,160,160,205.52285481448163
1621,hydro_reservoir,2030,9,161,161,205.58342897884623
1622,hydro_reservoir,2030,9,162,162,204.85232330404156
1623,hydro_reservoir,2030,9,163,163,204.41305106837845
1624,hydro_reservoir,2030,9,164,164,203.8422885108794
1625,hydro_reservoir,2030,9,165,165,203.6718847232447
1626,hydro_reservoir,2030,9,166,166,202.5347331116194
1627,hydro_reservoir,2030,9,167,167,202.75429526294124
1628,hydro_reservoir,2030,9,168,168,203.00084920931909
1629,hydro_reservoir,2030,9,169,169,202.73363256021048
1630,hydro_reservoir,2030,9,170,170,201.98693469438945
1631,hydro_reservoir,2030,9,171,171,202.2199046175348
1632,hydro_reservoir,2030,9,172,172,201.0915944787487
1633,hydro_reservoir,2030,9,173,173,200.3680410857003
1634,hydro_reservoir,2030,9,174,174,200.89262801834087
1635,hydro_reservoir,2030,9,175,175,201.32141236395614
1636,hydro_reservoir,2030,9,176,176,200.75143259593546
1637,hydro_reservoir,2030,9,177,177,200.3231420662705
1638,hydro_reservoir,2030,9,178,178,199.88619181137165
1639,hydro_reservoir,2030,9,179,179,199.1351074101299
1640,hydro_reservoir,2030,9,180,180,198.65873761814444
1641,hydro_reservoir,2030,9,181,181,197.54536909884166
1642,hydro_reservoir,2030,9,182,182,198.40886116233372
1643,hydro_reservoir,2030,9,183,183,197.7399064759282
1644,hydro_reservoir,2030,9,184,184,196.9714145523058
1645,hydro_reservoir,2030,9,185,185,196.06567975186712
1646,hydro_reservoir,2030,9,186,186,195.35115362347915
1647,hydro_reservoir,2030,9,187,187,194.46623730746543
1648,hydro_reservoir,2030,9,188,188,193.5563966046732
1649,hydro_reservoir,2030,9,189,189,192.90503738215287
1650,hydro_reservoir,2030,9,190,190,192.0228323690362
1651,hydro_reservoir,2030,9,191,191,192.77481355609441
1652,hydro_reservoir,2030,9,192,192,193.55196823139244
1653,hydro_reservoir,2030,9,193,193,193.56763733496794
1654,hydro_reservoir,2030,9,194,194,192.86485711257666
1655,hydro_reservoir,2030,9,195,195,191.96031567717037
1656,hydro_reservoir,2030,9,196,196,191.32003559913656
1657,hydro_reservoir,2030,9,197,197,190.5064393329451
1658,hydro_reservoir,2030,9,198,198,190.02651217609468
1659,hydro_reservoir,2030,9,199,199,189.50879361422523
1660,hydro_reservoir,2030,9,200,200,188.67749645919434
1661,hydro_reservoir,2030,9,201,201,188.54998382050707
1662,hydro_reservoir,2030,9,202,202,188.11580891134673
1663,hydro_reservoir,2030,9,203,203,188.01874153638414
1664,hydro_reservoir,2030,9,204,204,188.04537235462558
1665,hydro_reservoir,2030,9,205,205,188.15730801156792
1666,hydro_reservoir,2030,9,206,206,187.82814125110076
1667,hydro_reservoir,2030,9,207,207,187.725166758034
1668,hydro_reservoir,2030,9,208,208,187.42631832499654
1669,hydro_reservoir,2030,9,209,209,187.03623913961664
1670,hydro_reservoir,2030,9,210,210,187.55521354145233
1671,hydro_reservoir,2030,9,211,211,188.2887317802211
1672,hydro_reservoir,2030,9,212,212,188.00320403888222
1673,hydro_reservoir,2030,9,213,213,188.37653169964446
1674,hydro_reservoir,2030,9,214,214,188.80996721811923
1675,hydro_reservoir,2030,9,215,215,188.01404043319167
1676,hydro_reservoir,2030,9,216,216,187.5253027999624
1677,hydro_reservoir,2030,9,217,217,187.2524180065106
1678,hydro_reservoir,2030,9,218,218,186.66424432672295
1679,hydro_reservoir,2030,9,219,219,186.64547553627395
1680,hydro_reservoir,2030,9,220,220,186.18415539057918
1681,hydro_reservoir,2030,9,221,221,185.12099379158175
1682,hydro_reservoir,2030,9,222,222,184.63522992082238
1683,hydro_reservoir,2030,9,223,223,185.19545774690042
1684,hydro_reservoir,2030,9,224,224,184.7929640563766
1685,hydro_reservoir,2030,9,225,225,184.2737039649401
1686,hydro_reservoir,2030,9,226,226,183.36059052306464
1687,hydro_reservoir,2030,9,227,227,182.53657507333816
1688,hydro_reservoir,2030,9,228,228,182.03081063812186
1689,hydro_reservoir,2030,9,229,229,182.80348352838843
1690,hydro_reservoir,2030,9,230,230,183.6359931843838
1691,hydro_reservoir,2030,9,231,231,184.2913448874129
1692,hydro_reservoir,2030,9,232,232,183.87951737290848
1693,hydro_reservoir,2030,9,233,233,183.9640767221195
1694,hydro_reservoir,2030,9,234,234,183.72594036205012
1695,hydro_reservoir,2030,9,235,235,183.55430274445402
1696,hydro_reservoir,2030,9,236,236,183.4927584917661
1697,hydro_reservoir,2030,9,237,237,183.31929475899565
1698,hydro_reservoir,2030,9,238,238,183.06913562038412
1699,hydro_reservoir,2030,9,239,239,183.2765158740543
1700,hydro_reservoir,2030,9,240,240,182.87039674241788
1701,hydro_reservoir,2030,9,241,241,182.47730042363014
1702,hydro_reservoir,2030,9,242,242,182.23507605663278
1703,hydro_reservoir,2030,9,243,243,181.8864511965758
1704,hydro_reservoir,2030,9,244,244,181.55718625167617
1705,hydro_reservoir,2030,9,245,245,180.789043101084
1706,hydro_reservoir,2030,9,246,246,179.7466093285049
1707,hydro_reservoir,2030,9,247,247,179.01317250189598
1708,hydro_reservoir,2030,9,248,248,179.7581460468695
1709,hydro_reservoir,2030,9,249,249,178.38069980949876
1710,hydro_reservoir,2030,9,250,250,178.36337836835935
1711,hydro_reservoir,2030,9,251,251,178.38815051556693
1712,hydro_reservoir,2030,9,252,252,178.37240852843647
1713,hydro_reservoir,2030,9,253,253,178.3564689895696
1714,hydro_reservoir,2030,9,254,254,178.31321782372711
1715,hydro_reservoir,2030,9,255,255,177.99908882302321
1716,hydro_reservoir,2030,9,256,256,178.052988167619
1717,hydro_reservoir,2030,9,257,257,177.01928506195986
1718,hydro_reservoir,2030,9,258,258,177.78933451564077
1719,hydro_reservoir,2030,9,259,259,178.6163417568973
1720,hydro_reservoir,2030,9,260,260,178.56689799948686
1721,hydro_reservoir,2030,9,261,261,178.0334443916009
1722,hydro_reservoir,2030,9,262,262,178.8139833342894
1723,hydro_reservoir,2030,9,263,263,178.2052999657309
1724,hydro_reservoir,2030,9,264,264,178.20943989734926
1725,hydro_reservoir,2030,9,265,265,177.97788949841535
1726,hydro_reservoir,2030,9,266,266,177.89090064317426
1727,hydro_reservoir,2030,9,267,267,177.7463604618752
1728,hydro_reservoir,2030,9,268,268,177.45030510741532
1729,hydro_reservoir,2030,9,269,269,177.41970241295073
1730,hydro_reservoir,2030,9,270,270,177.12630773024688
1731,hydro_reservoir,2030,9,271,271,177.55529041919547
1732,hydro_reservoir,2030,9,272,272,177.47022963247466
1733,hydro_reservoir,2030,9,273,273,177.63594755800844
1734,hydro_reservoir,2030,9,274,274,178.4063179283788
1735,hydro_reservoir,2030,9,275,275,179.20935862092247
1736,hydro_reservoir,2030,9,276,276,179.25345114215853
1737,hydro_reservoir,2030,9,277,277,179.1163151096527
1738,hydro_reservoir,2030,9,278,278,178.95697468021737
1739,hydro_reservoir,2030,9,279,279,179.5989479707235
1740,hydro_reservoir,2030,9,280,280,180.45207561842992
1741,hydro_reservoir,2030,9,281,281,181.1831984992202
1742,hydro_reservoir,2030,9,282,282,181.73302514571878
1743,hydro_reservoir,2030,9,283,283,182.50531647429267
1744,hydro_reservoir,2030,9,284,284,181.66382916345017
1745,hydro_reservoir,2030,9,285,285,180.98160917458563
1746,hydro_reservoir,2030,9,286,286,180.4701884536796
1747,hydro_reservoir,2030,9,287,287,180.33243402366847
1748,hydro_reservoir,2030,9,288,288,181.23920795710782
1749,hydro_reservoir,2030,9,289,289,181.55373135020258
1750,hydro_reservoir,2030,9,290,290,181.3909813302163
1751,hydro_reservoir,2030,9,291,291,181.37679113100884
1752,hydro_reservoir,2030,9,292,292,180.84638409274308
1753,hydro_reservoir,2030,9,293,293,180.4083810855817
1754,hydro_reservoir,2030,9,294,294,180.48523494930063
1755,hydro_reservoir,2030,9,295,295,181.1743205262238
1756,hydro_reservoir,2030,9,296,296,181.00230964947156
1757,hydro_reservoir,2030,9,297,297,181.53438035302594
1758,hydro_reservoir,2030,9,298,298,181.54212143352578
1759,hydro_reservoir,2030,9,299,299,180.53001777301424
1760,hydro_reservoir,2030,9,300,300,180.20451809308358
1761,hydro_reservoir,2030,9,301,301,180.1600236846868
1762,hydro_reservoir,2030,9,302,302,180.95396743106855
1763,hydro_reservoir,2030,9,303,303,180.54098417602992
1764,hydro_reservoir,2030,9,304,304,180.52737359345275
1765,hydro_reservoir,2030,9,305,305,180.80700554942297
1766,hydro_reservoir,2030,9,306,306,180.68149656636936
1767,hydro_reservoir,2030,9,307,307,180.42353123872604
1768,hydro_reservoir,2030,9,308,308,180.17567174281558
1769,hydro_reservoir,2030,9,309,309,180.42507853387966
1770,hydro_reservoir,2030,9,310,310,180.23898045147848
1771,hydro_reservoir,2030,9,311,311,180.8855324362369
1772,hydro_reservoir,2030,9,312,312,181.02073412358547
1773,hydro_reservoir,2030,9,313,313,180.65214908854557
1774,hydro_reservoir,2030,9,314,314,180.39626064067534
1775,hydro_reservoir,2030,9,315,315,181.02429141065812
1776,hydro_reservoir,2030,9,316,316,180.73101285945737
1777,hydro_reservoir,2030,9,317,317,179.98071701174288
1778,hydro_reservoir,2030,9,318,318,180.61551480585578
1779,hydro_reservoir,2030,9,319,319,181.01330227613008
1780,hydro_reservoir,2030,9,320,320,181.12374959666383
1781,hydro_reservoir,2030,9,321,321,180.66324493135497
1782,hydro_reservoir,2030,9,322,322,180.38453115603667
1783,hydro_reservoir,2030,9,323,323,180.77643158922143
1784,hydro_reservoir,2030,9,324,324,180.00488099727633
1785,hydro_reservoir,2030,9,325,325,180.73361234242117
1786,hydro_reservoir,2030,9,326,326,181.20565140602667
1787,hydro_reservoir,2030,9,327,327,181.34733405320205
1788,hydro_reservoir,2030,9,328,328,181.18977908509672
1789,hydro_reservoir,2030,9,329,329,182.0216693931545
1790,hydro_reservoir,2030,9,330,330,181.90154312701725
1791,hydro_reservoir,2030,9,331,331,182.55155005811733
1792,hydro_reservoir,2030,9,332,332,182.12047341609573
1793,hydro_reservoir,2030,9,333,333,181.27452264836336
1794,hydro_reservoir,2030,9,334,334,182.16446694279549
1795,hydro_reservoir,2030,9,335,335,182.6865349456368
1796,hydro_reservoir,2030,9,336,336,182.40324274701408
1797,hydro_reservoir,2030,9,337,337,181.55851147437426
1798,hydro_reservoir,2030,9,338,338,181.35823923739002
1799,hydro_reservoir,2030,9,339,339,181.68715545636528
1800,hydro_reservoir,2030,9,340,340,181.61817897405507
1801,hydro_reservoir,2030,9,341,341,181.7166852547851
1802,hydro_reservoir,2030,9,342,342,182.16721934959824
1803,hydro_reservoir,2030,9,343,343,182.89763215448826
1804,hydro_reservoir,2030,9,344,344,183.5727102108568
1805,hydro_reservoir,2030,9,345,345,185.1380370424016
1806,hydro_reservoir,2030,9,346,346,186.26278178698402
1807,hydro_reservoir,2030,9,347,347,188.0020170747303
1808,hydro_reservoir,2030,9,348,348,188.5326036837135
1809,hydro_reservoir,2030,9,349,349,189.35843930453785
1810,hydro_reservoir,2030,9,350,350,189.9062363477297
1811,hydro_reservoir,2030,9,351,351,191.35913239741865
1812,hydro_reservoir,2030,9,352,352,192.88199504182296
1813,hydro_reservoir,2030,9,353,353,193.8717436715923
1814,hydro_reservoir,2030,9,354,354,193.61927368898807
1815,hydro_reservoir,2030,9,355,355,193.32993841165015
1816,hydro_reservoir,2030,9,356,356,192.41474964288554
1817,hydro_reservoir,2030,9,357,357,191.2630909551675
1818,hydro_reservoir,2030,9,358,358,192.35250217721074
1819,hydro_reservoir,2030,9,359,359,193.34367198393397
1820,hydro_reservoir,2030,9,360,360,194.1247388282181
1821,hydro_reservoir,2030,9,361,361,194.06952741311588
1822,hydro_reservoir,2030,9,362,362,195.67042536165786
1823,hydro_reservoir,2030,9,363,363,197.85031954155204
1824,hydro_reservoir,2030,9,364,364,199.55875668297284
1825,hydro_reservoir,2030,9,365,365,201.6
1826,hydro_reservoir,2030,10,1,1,203.1098098552926
1827,hydro_reservoir,2030,10,2,2,203.9691052946484
1828,hydro_reservoir,2030,10,3,3,205.68786498332403
1829,hydro_reservoir,2030,10,4,4,207.36009871097673
1830,hydro_reservoir,2030,10,5,5,207.80271111075993
1831,hydro_reservoir,2030,10,6,6,209.39436018370984
1832,hydro_reservoir,2030,10,7,7,210.33856194382605
1833,hydro_reservoir,2030,10,8,8,211.96773695857763
1834,hydro_reservoir,2030,10,9,9,212.95936699883822
1835,hydro_reservoir,2030,10,10,10,213.02274620853973
1836,hydro_reservoir,2030,10,11,11,214.17562102645928
1837,hydro_reservoir,2030,10,12,12,215.43971632848962
1838,hydro_reservoir,2030,10,13,13,217.4249015136748
1839,hydro_reservoir,2030,10,14,14,217.94946372883604
1840,hydro_reservoir,2030,10,15,15,219.09873967004876
1841,hydro_reservoir,2030,10,16,16,219.6381731795486
1842,hydro_reservoir,2030,10,17,17,221.10126687002943
1843,hydro_reservoir,2030,10,18,18,219.40225781799074
1844,hydro_reservoir,2030,10,19,19,217.9781423602147
1845,hydro_reservoir,2030,10,20,20,219.83721337057628
1846,hydro_reservoir,2030,10,21,21,221.79700173036463
1847,hydro_reservoir,2030,10,22,22,223.4404599664976
1848,hydro_reservoir,2030,10,23,23,223.00405663201803
1849,hydro_reservoir,2030,10,24,24,224.1675249894833
1850,hydro_reservoir,2030,10,25,25,225.89588829322383
1851,hydro_reservoir,2030,10,26,26,225.86018661939414
1852,hydro_reservoir,2030,10,27,27,225.50118872810265
1853,hydro_reservoir,2030,10,28,28,227.18370090688484
1854,hydro_reservoir,2030,10,29,29,228.29495055535088
1855,hydro_reservoir,2030,10,30,30,228.2961146195344
1856,hydro_reservoir,2030,10,31,31,228.14910000047803
1857,hydro_reservoir,2030,10,32,32,228.90398813331308
1858,hydro_reservoir,2030,10,33,33,230.352732166577
1859,hydro_reservoir,2030,10,34,34,231.8375220843043
1860,hydro_reservoir,2030,10,35,35,232.36174844844362
1861,hydro_reservoir,2030,10,36,36,234.2176413785546
1862,hydro_reservoir,2030,10,37,37,236.07674697799243
1863,hydro_reservoir,2030,10,38,38,237.94795147401283
1864,hydro_reservoir,2030,10,39,39,239.63836956420053
1865,hydro_reservoir,2030,10,40,40,239.76406679721407
1866,hydro_reservoir,2030,10,41,41,236.06927254925975
1867,hydro_reservoir,2030,10,42,42,233.4674374368725
1868,hydro_reservoir,2030,10,43,43,230.0818607159107
1869,hydro_reservoir,2030,10,44,44,226.85679583710083
1870,hydro_reservoir,2030,10,45,45,224.52927846136402
1871,hydro_reservoir,2030,10,46,46,221.29051755652304
1872,hydro_reservoir,2030,10,47,47,217.64776026560364
1873,hydro_reservoir,2030,10,48,48,217.12685646123631
1874,hydro_reservoir,2030,10,49,49,218.12597535528357
1875,hydro_reservoir,2030,10,50,50,219.9882264227418
1876,hydro_reservoir,2030,10,51,51,221.7714771748769
1877,hydro_reservoir,2030,10,52,52,223.46869445062117
1878,hydro_reservoir,2030,10,53,53,225.29485116773844
1879,hydro_reservoir,2030,10,54,54,226.92380134142638
1880,hydro_reservoir,2030,10,55,55,227.93449251150463
1881,hydro_reservoir,2030,10,56,56,229.79105557477652
1882,hydro_reservoir,2030,10,57,57,231.386096262142
1883,hydro_reservoir,2030,10,58,58,232.37374401633912
1884,hydro_reservoir,2030,10,59,59,231.96574243168322
1885,hydro_reservoir,2030,10,60,60,232.02812225299493
1886,hydro_reservoir,2030,10,61,61,231.6484135579637
1887,hydro_reservoir,2030,10,62,62,229.76353787491308
1888,hydro_reservoir,2030,10,63,63,229.3749379153637
1889,hydro_reservoir,2030,10,64,64,227.26818930580106
1890,hydro_reservoir,2030,10,65,65,225.1438503605594
1891,hydro_reservoir,2030,10,66,66,223.30818299840726
1892,hydro_reservoir,2030,10,67,67,223.61293852325628
1893,hydro_reservoir,2030,10,68,68,224.98565289548094
1894,hydro_reservoir,2030,10,69,69,224.40428229306923
1895,hydro_reservoir,2030,10,70,70,226.29872255399255
1896,hydro_reservoir,2030,10,71,71,228.11790480547774
1897,hydro_reservoir,2030,10,72,72,229.50511724930587
1898,hydro_reservoir,2030,10,73,73,227.87602325904626
1899,hydro_reservoir,2030,10,74,74,227.99294106678045
1900,hydro_reservoir,2030,10,75,75,224.38348000849214
1901,hydro_reservoir,2030,10,76,76,223.89819437424723
1902,hydro_reservoir,2030,10,77,77,225.6174180197512
1903,hydro_reservoir,2030,10,78,78,226.39484955823693
1904,hydro_reservoir,2030,10,79,79,228.00229856326817
1905,hydro_reservoir,2030,10,80,80,228.30590923194848
1906,hydro_reservoir,2030,10,81,81,228.57725579723606
1907,hydro_reservoir,2030,10,82,82,226.7913825350825
1908,hydro_reservoir,2030,10,83,83,223.26526401590152
1909,hydro_reservoir,2030,10,84,84,225.2206113332574
1910,hydro_reservoir,2030,10,85,85,225.37005189368347
1911,hydro_reservoir,2030,10,86,86,222.63485589502082
1912,hydro_reservoir,2030,10,87,87,219.4974437843667
1913,hydro_reservoir,2030,10,88,88,216.36777731346788
1914,hydro_reservoir,2030,10,89,89,213.5771403193216
1915,hydro_reservoir,2030,10,90,90,210.4303474361104
1916,hydro_reservoir,2030,10,91,91,209.73037900428898
1917,hydro_reservoir,2030,10,92,92,211.47966415790114
1918,hydro_reservoir,2030,10,93,93,213.09982862112068
1919,hydro_reservoir,2030,10,94,94,214.0731872895368
1920,hydro_reservoir,2030,10,95,95,213.05625628691712
1921,hydro_reservoir,2030,10,96,96,212.2996115324163
1922,hydro_reservoir,2030,10,97,97,213.27023258785604
1923,hydro_reservoir,2030,10,98,98,211.02387104091375
1924,hydro_reservoir,2030,10,99,99,208.95910684455356
1925,hydro_reservoir,2030,10,100,100,207.16368222277296
1926,hydro_reservoir,2030,10,101,101,206.67641113876866
1927,hydro_reservoir,2030,10,102,102,205.62093484604708
1928,hydro_reservoir,2030,10,103,103,203.62229621332213
1929,hydro_reservoir,2030,10,104,104,202.30974789786708
1930,hydro_reservoir,2030,10,105,105,200.88176017000245
1931,hydro_reservoir,2030,10,106,106,200.37353369421507
1932,hydro_reservoir,2030,10,107,107,200.03372341517078
1933,hydro_reservoir,2030,10,108,108,201.12233591695428
1934,hydro_reservoir,2030,10,109,109,201.22361468079671
1935,hydro_reservoir,2030,10,110,110,201.5623213465603
1936,hydro_reservoir,2030,10,111,111,201.46037964887807
1937,hydro_reservoir,2030,10,112,112,200.78380916108097
1938,hydro_reservoir,2030,10,113,113,201.38957196440907
1939,hydro_reservoir,2030,10,114,114,202.53043484142822
1940,hydro_reservoir,2030,10,115,115,203.56654504537858
1941,hydro_reservoir,2030,10,116,116,204.71677216375699
1942,hydro_reservoir,2030,10,117,117,205.83552424523114
1943,hydro_reservoir,2030,10,118,118,205.607249564999
1944,hydro_reservoir,2030,10,119,119,206.52324915276793
1945,hydro_reservoir,2030,10,120,120,206.87500977081447
1946,hydro_reservoir,2030,10,121,121,205.22886763893055
1947,hydro_reservoir,2030,10,122,122,203.41062826846095
1948,hydro_reservoir,2030,10,123,123,202.8201392435124
1949,hydro_reservoir,2030,10,124,124,202.93138246310028
1950,hydro_reservoir,2030,10,125,125,203.61385308552983
1951,hydro_reservoir,2030,10,126,126,204.48913368288186
1952,hydro_reservoir,2030,10,127,127,204.16529313140555
1953,hydro_reservoir,2030,10,128,128,203.39139677667833
1954,hydro_reservoir,2030,10,129,129,203.58806015987707
1955,hydro_reservoir,2030,10,130,130,203.04537259550574
1956,hydro_reservoir,2030,10,131,131,202.0790400316447
1957,hydro_reservoir,2030,10,132,132,200.96137088292468
1958,hydro_reservoir,2030,10,133,133,201.18225425406325
1959,hydro_reservoir,2030,10,134,134,201.26621870318405
1960,hydro_reservoir,2030,10,135,135,200.63256795068756
1961,hydro_reservoir,2030,10,136,136,199.61725156487606
1962,hydro_reservoir,2030,10,137,137,197.48957803310992
1963,hydro_reservoir,2030,10,138,138,198.28803038006922
1964,hydro_reservoir,2030,10,139,139,197.6049590626605
1965,hydro_reservoir,2030,10,140,140,196.60594681688957
1966,hydro_reservoir,2030,10,141,141,196.97669390040534
1967,hydro_reservoir,2030,10,142,142,198.28688626824976
1968,hydro_reservoir,2030,10,143,143,199.45491126445305
1969,hydro_reservoir,2030,10,144,144,200.54373419982034
1970,hydro_reservoir,2030,10,145,145,200.00018552692214
1971,hydro_reservoir,2030,10,146,146,200.24971636979384
1972,hydro_reservoir,2030,10,147,147,199.20639706380388
1973,hydro_reservoir,2030,10,148,148,198.62945066510417
1974,hydro_reservoir,2030,10,149,149,198.48078710376453
1975,hydro_reservoir,2030,10,150,150,197.56026337022624
1976,hydro_reservoir,2030,10,151,151,198.68807640403236
1977,hydro_reservoir,2030,10,152,152,199.42771132929693
1978,hydro_reservoir,2030,10,153,153,198.3987855616033
1979,hydro_reservoir,2030,10,154,154,199.60795620334864
1980,hydro_reservoir,2030,10,155,155,199.672613368298
1981,hydro_reservoir,2030,10,156,156,198.77342792897178
1982,hydro_reservoir,2030,10,157,157,199.0827033244751
1983,hydro_reservoir,2030,10,158,158,197.3992183842264
1984,hydro_reservoir,2030,10,159,159,197.10114825443785
1985,hydro_reservoir,2030,10,160,160,197.69458815674744
1986,hydro_reservoir,2030,10,161,161,197.9077248237204
1987,hydro_reservoir,2030,10,162,162,198.9446869360355
1988,hydro_reservoir,2030,10,163,163,199.1988190759044
1989,hydro_reservoir,2030,10,164,164,200.045441837946
1990,hydro_reservoir,2030,10,165,165,199.92569416913267
1991,hydro_reservoir,2030,10,166,166,199.81087202296803
1992,hydro_reservoir,2030,10,167,167,200.9787351410744
1993,hydro_reservoir,2030,10,168,168,201.8207869799058
1994,hydro_reservoir,2030,10,169,169,202.4115396547414
1995,hydro_reservoir,2030,10,170,170,200.99087726206068
1996,hydro_reservoir,2030,10,171,171,200.50082714578286
1997,hydro_reservoir,2030,10,172,172,199.95096717725932
1998,hydro_reservoir,2030,10,173,173,199.2623460629952
1999,hydro_reservoir,2030,10,174,174,198.92152713897718
2000,hydro_reservoir,2030,10,175,175,198.51238991174924
2001,hydro_reservoir,2030,10,176,176,197.60187246553934
2002,hydro_reservoir,2030,10,177,177,198.46329865614774
2003,hydro_reservoir,2030,10,178,178,199.0613094600536
2004,hydro_reservoir,2030,10,179,179,198.44100830926484
2005,hydro_reservoir,2030,10,180,180,197.80912264643052
2006,hydro_reservoir,2030,10,181,181,197.30904786408053
2007,hydro_reservoir,2030,10,182,182,198.12121452935045
2008,hydro_reservoir,2030,10,183,183,199.42368781084147
2009,hydro_reservoir,2030,10,184,184,199.11293532599598
2010,hydro_reservoir,2030,10,185,185,197.44634257153996
2011,hydro_reservoir,2030,10,186,186,197.0891282524715
2012,hydro_reservoir,2030,10,187,187,196.3413435966737
2013,hydro_reservoir,2030,10,188,188,195.387702873541
2014,hydro_reservoir,2030,10,189,189,195.57316363034207
2015,hydro_reservoir,2030,10,190,190,196.29453029624622
2016,hydro_reservoir,2030,10,191,191,197.2128801476911
2017,hydro_reservoir,2030,10,192,192,198.1325020412894
2018,hydro_reservoir,2030,10,193,193,198.66588389482334
2019,hydro_reservoir,2030,10,194,194,198.1313012195611
2020,hydro_reservoir,2030,10,195,195,198.00449733773567
2021,hydro_reservoir,2030,10,196,196,198.5667409731627
2022,hydro_reservoir,2030,10,197,197,199.00291872157425
2023,hydro_reservoir,2030,10,198,198,199.39743699826099
2024,hydro_reservoir,2030,10,199,199,199.63033637970256
2025,hydro_reservoir,2030,10,200,200,200.03956201378386
2026,hydro_reservoir,2030,10,201,201,199.61192688093553
2027,hydro_reservoir,2030,10,202,202,198.5238466760535
2028,hydro_reservoir,2030,10,203,203,198.219352355558
2029,hydro_reservoir,2030,10,204,204,197.8557080701913
2030,hydro_reservoir,2030,10,205,205,197.19992530697627
2031,hydro_reservoir,2030,10,206,206,196.63891420452396
2032,hydro_reservoir,2030,10,207,207,196.8017107725911
2033,hydro_reservoir,2030,10,208,208,197.26302101424395
2034,hydro_reservoir,2030,10,209,209,197.90492655941213
2035,hydro_reservoir,2030,10,210,210,199.09094932778083
2036,hydro_reservoir,2030,10,211,211,199.5897864449092
2037,hydro_reservoir,2030,10,212,212,199.71747029173017
2038,hydro_reservoir,2030,10,213,213,198.063462693187
2039,hydro_reservoir,2030,10,214,214,197.71081731206456
2040,hydro_reservoir,2030,10,215,215,197.22704012788893
2041,hydro_reservoir,2030,10,216,216,197.59390772588594
2042,hydro_reservoir,2030,10,217,217,197.3484058241588
2043,hydro_reservoir,2030,10,218,218,198.00545455621736
2044,hydro_reservoir,2030,10,219,219,197.10926823811033
2045,hydro_reservoir,2030,10,220,220,196.83329670279383
2046,hydro_reservoir,2030,10,221,221,196.51011111895355
2047,hydro_reservoir,2030,10,222,222,194.8616487747274
2048,hydro_reservoir,2030,10,223,223,196.08306930299133
2049,hydro_reservoir,2030,10,224,224,196.39746012107352
2050,hydro_reservoir,2030,10,225,225,194.49949917779304
2051,hydro_reservoir,2030,10,226,226,192.51335376522943
2052,hydro_reservoir,2030,10,227,227,191.90613298932013
2053,hydro_reservoir,2030,10,228,228,191.81743724788984
2054,hydro_reservoir,2030,10,229,229,190.22372160727525
2055,hydro_reservoir,2030,10,230,230,189.7111520509412
2056,hydro_reservoir,2030,10,231,231,190.93077574844656
2057,hydro_reservoir,2030,10,232,232,191.25742579104505
2058,hydro_reservoir,2030,10,233,233,189.7914642614031
2059,hydro_reservoir,2030,10,234,234,190.04565681560086
2060,hydro_reservoir,2030,10,235,235,190.99721053657478
2061,hydro_reservoir,2030,10,236,236,190.84948188408856
2062,hydro_reservoir,2030,10,237,237,191.78640191599771
2063,hydro_reservoir,2030,10,238,238,190.6912177908871
2064,hydro_reservoir,2030,10,239,239,190.23879283270122
2065,hydro_reservoir,2030,10,240,240,189.96676849357587
2066,hydro_reservoir,2030,10,241,241,191.00177606144004
2067,hydro_reservoir,2030,10,242,242,191.97023611956493
2068,hydro_reservoir,2030,10,243,243,192.40314130820497
2069,hydro_reservoir,2030,10,244,244,193.32819671859954
2070,hydro_reservoir,2030,10,245,245,193.64865975073718
2071,hydro_reservoir,2030,10,246,246,193.42524855179252
2072,hydro_reservoir,2030,10,247,247,194.24925846369442
2073,hydro_reservoir,2030,10,248,248,193.4831979353797
2074,hydro_reservoir,2030,10,249,249,194.58936798786462
2075,hydro_reservoir,2030,10,250,250,193.47660392901525
2076,hydro_reservoir,2030,10,251,251,191.72460633216602
2077,hydro_reservoir,2030,10,252,252,192.2241296693789
2078,hydro_reservoir,2030,10,253,253,192.32169652100288
2079,hydro_reservoir,2030,10,254,254,191.56715266981482
2080,hydro_reservoir,2030,10,255,255,190.7018353426289
2081,hydro_reservoir,2030,10,256,256,190.95035661780568
2082,hydro_reservoir,2030,10,257,257,190.52860154275973
2083,hydro_reservoir,2030,10,258,258,191.37671271842387
2084,hydro_reservoir,2030,10,259,259,191.4306583650689
2085,hydro_reservoir,2030,10,260,260,189.36959128693158
2086,hydro_reservoir,2030,10,261,261,188.46085571251368
2087,hydro_reservoir,2030,10,262,262,189.0022813937139
2088,hydro_reservoir,2030,10,263,263,189.0423451223445
2089,hydro_reservoir,2030,10,264,264,187.03564202694815
2090,hydro_reservoir,2030,10,265,265,186.0753911480128
2091,hydro_reservoir,2030,10,266,266,185.60749679609998
2092,hydro_reservoir,2030,10,267,267,186.01099627678698
2093,hydro_reservoir,2030,10,268,268,186.31396450583196
2094,hydro_reservoir,2030,10,269,269,186.51982689694208
2095,hydro_reservoir,2030,10,270,270,185.7126392601257
2096,hydro_reservoir,2030,10,271,271,185.35822349166503
2097,hydro_reservoir,2030,10,272,272,185.6455824186514
2098,hydro_reservoir,2030,10,273,273,185.465091928916
2099,hydro_reservoir,2030,10,274,274,185.60631931707826
2100,hydro_reservoir,2030,10,275,275,187.3336081691433
2101,hydro_reservoir,2030,10,276,276,188.28374012794626
2102,hydro_reservoir,2030,10,277,277,187.80622335585215
2103,hydro_reservoir,2030,10,278,278,185.99911929049355
2104,hydro_reservoir,2030,10,279,279,186.12065589221544
2105,hydro_reservoir,2030,10,280,280,186.0333213096993
2106,hydro_reservoir,2030,10,281,281,186.4259947919499
2107,hydro_reservoir,2030,10,282,282,187.82915618141234
2108,hydro_reservoir,2030,10,283,283,188.62317605631037
2109,hydro_reservoir,2030,10,284,284,190.188712846435
2110,hydro_reservoir,2030,10,285,285,191.85311563674037
2111,hydro_reservoir,2030,10,286,286,192.6974009757013
2112,hydro_reservoir,2030,10,287,287,193.3447853784718
2113,hydro_reservoir,2030,10,288,288,193.65074391871468
2114,hydro_reservoir,2030,10,289,289,193.4517021240074
2115,hydro_reservoir,2030,10,290,290,193.7979565619358
2116,hydro_reservoir,2030,10,291,291,195.07806094766755
2117,hydro_reservoir,2030,10,292,292,195.3954082037656
2118,hydro_reservoir,2030,10,293,293,197.00391516199275
2119,hydro_reservoir,2030,10,294,294,196.84934002722832
2120,hydro_reservoir,2030,10,295,295,196.88430215033944
2121,hydro_reservoir,2030,10,296,296,197.43508987119543
2122,hydro_reservoir,2030,10,297,297,198.5661669758663
2123,hydro_reservoir,2030,10,298,298,200.0570274010689
2124,hydro_reservoir,2030,10,299,299,200.8026431458008
2125,hydro_reservoir,2030,10,300,300,199.23621646592878
2126,hydro_reservoir,2030,10,301,301,196.93837619520008
2127,hydro_reservoir,2030,10,302,302,194.68650712534816
2128,hydro_reservoir,2030,10,303,303,195.89285633169737
2129,hydro_reservoir,2030,10,304,304,195.35581135315775
2130,hydro_reservoir,2030,10,305,305,195.5065508225462
2131,hydro_reservoir,2030,10,306,306,196.12584028540869
2132,hydro_reservoir,2030,10,307,307,196.82047823741962
2133,hydro_reservoir,2030,10,308,308,196.96066656166315
2134,hydro_reservoir,2030,10,309,309,194.7083699202194
2135,hydro_reservoir,2030,10,310,310,194.26152004433425
2136,hydro_reservoir,2030,10,311,311,195.46416942784415
2137,hydro_reservoir,2030,10,312,312,195.48486177722322
2138,hydro_reservoir,2030,10,313,313,196.56781915915215
2139,hydro_reservoir,2030,10,314,314,197.00948068072142
2140,hydro_reservoir,2030,10,315,315,198.36436795424893
2141,hydro_reservoir,2030,10,316,316,199.70388927126314
2142,hydro_reservoir,2030,10,317,317,199.4956040164914
2143,hydro_reservoir,2030,10,318,318,200.8069638620131
2144,hydro_reservoir,2030,10,319,319,202.22128327340445
2145,hydro_reservoir,2030,10,320,320,203.94718387613756
2146,hydro_reservoir,2030,10,321,321,205.68288602715373
2147,hydro_reservoir,2030,10,322,322,207.41936736650104
2148,hydro_reservoir,2030,10,323,323,208.9985551562146
2149,hydro_reservoir,2030,10,324,324,210.7898899347747
2150,hydro_reservoir,2030,10,325,325,211.4957111619393
2151,hydro_reservoir,2030,10,326,326,212.70732686723898
2152,hydro_reservoir,2030,10,327,327,211.93968777240434
2153,hydro_reservoir,2030,10,328,328,213.41992027748762
2154,hydro_reservoir,2030,10,329,329,214.57194273243059
2155,hydro_reservoir,2030,10,330,330,214.64840951777015
2156,hydro_reservoir,2030,10,331,331,215.74006613118644
2157,hydro_reservoir,2030,10,332,332,216.54531042256974
2158,hydro_reservoir,2030,10,333,333,216.98011658543035
2159,hydro_reservoir,2030,10,334,334,216.99831566557665
2160,hydro_reservoir,2030,10,335,335,218.64702102569456
2161,hydro_reservoir,2030,10,336,336,218.25919839458922
2162,hydro_reservoir,2030,10,337,337,215.15980495647656
2163,hydro_reservoir,2030,10,338,338,215.83742486500785
2164,hydro_reservoir,2030,10,339,339,217.11827852383684
2165,hydro_reservoir,2030,10,340,340,218.94481645669453
2166,hydro_reservoir,2030,10,341,341,220.82326964859274
2167,hydro_reservoir,2030,10,342,342,220.5869448868636
2168,hydro_reservoir,2030,10,343,343,222.15308245300116
2169,hydro_reservoir,2030,10,344,344,222.41112505897692
2170,hydro_reservoir,2030,10,345,345,223.04105711128844
2171,hydro_reservoir,2030,10,346,346,222.2894572856649
2172,hydro_reservoir,2030,10,347,347,219.26280756524545
2173,hydro_reservoir,2030,10,348,348,216.97132520692873
2174,hydro_reservoir,2030,10,349,349,214.17837234609993
2175,hydro_reservoir,2030,10,350,350,213.42463225233865
2176,hydro_reservoir,2030,10,351,351,212.5385406874791
2177,hydro_reservoir,2030,10,352,352,212.18155507288233
2178,hydro_reservoir,2030,10,353,353,211.71906086356304
2179,hydro_reservoir,2030,10,354,354,208.7864808281583
2180,hydro_reservoir,2030,10,355,355,205.96054340283715
2181,hydro_reservoir,2030,10,356,356,202.9718161568673
2182,hydro_reservoir,2030,10,357,357,200.61019195108358
2183,hydro_reservoir,2030,10,358,358,197.4018813148294
2184,hydro_reservoir,2030,10,359,359,194.88986024482224
2185,hydro_reservoir,2030,10,360,360,193.92080234584884
2186,hydro_reservoir,2030,10,361,361,194.81467705743978
2187,hydro_reservoir,2030,10,362,362,196.58538014272776
2188,hydro_reservoir,2030,10,363,363,198.48827951257186
2189,hydro_reservoir,2030,10,364,364,200.0121013868913
2190,hydro_reservoir,2030,10,365,365,201.6
