id,asset,milestone_year,rep_period,time_block_start,time_block_end,solution
1,h2_storage,2030,1,1,1,0.0
2,h2_storage,2030,1,2,2,0.0
3,h2_storage,2030,1,3,3,0.0
4,h2_storage,2030,1,4,4,0.0
5,h2_storage,2030,1,5,5,0.0
6,h2_storage,2030,1,6,6,0.0
7,h2_storage,2030,1,7,7,0.0
8,h2_storage,2030,1,8,8,0.0
9,h2_storage,2030,1,9,9,0.0
10,h2_storage,2030,1,10,10,0.0
11,h2_storage,2030,1,11,11,0.0
12,h2_storage,2030,1,12,12,0.0
13,h2_storage,2030,1,13,13,0.0
14,h2_storage,2030,1,14,14,0.0
15,h2_storage,2030,1,15,15,0.0
16,h2_storage,2030,1,16,16,0.0
17,h2_storage,2030,1,17,17,0.0
18,h2_storage,2030,1,18,18,0.0
19,h2_storage,2030,1,19,19,0.0
20,h2_storage,2030,1,20,20,0.0
21,h2_storage,2030,1,21,21,0.0
22,h2_storage,2030,1,22,22,0.0
23,h2_storage,2030,1,23,23,0.0
24,h2_storage,2030,1,24,24,0.0
25,h2_storage,2030,2,1,1,0.0
26,h2_storage,2030,2,2,2,0.0
27,h2_storage,2030,2,3,3,0.0
28,h2_storage,2030,2,4,4,0.0
29,h2_storage,2030,2,5,5,0.0
30,h2_storage,2030,2,6,6,0.0
31,h2_storage,2030,2,7,7,0.0
32,h2_storage,2030,2,8,8,0.0
33,h2_storage,2030,2,9,9,0.0
34,h2_storage,2030,2,10,10,0.0
35,h2_storage,2030,2,11,11,0.0
36,h2_storage,2030,2,12,12,0.0
37,h2_storage,2030,2,13,13,0.0
38,h2_storage,2030,2,14,14,0.0
39,h2_storage,2030,2,15,15,0.0
40,h2_storage,2030,2,16,16,0.0
41,h2_storage,2030,2,17,17,0.0
42,h2_storage,2030,2,18,18,0.0
43,h2_storage,2030,2,19,19,0.0
44,h2_storage,2030,2,20,20,0.0
45,h2_storage,2030,2,21,21,0.0
46,h2_storage,2030,2,22,22,0.0
47,h2_storage,2030,2,23,23,0.0
48,h2_storage,2030,2,24,24,0.0
49,h2_storage,2030,3,1,1,0.0
50,h2_storage,2030,3,2,2,0.0
51,h2_storage,2030,3,3,3,0.0
52,h2_storage,2030,3,4,4,0.0
53,h2_storage,2030,3,5,5,0.0
54,h2_storage,2030,3,6,6,0.0
55,h2_storage,2030,3,7,7,0.0
56,h2_storage,2030,3,8,8,0.0
57,h2_storage,2030,3,9,9,0.0
58,h2_storage,2030,3,10,10,0.0
59,h2_storage,2030,3,11,11,0.0
60,h2_storage,2030,3,12,12,0.0
61,h2_storage,2030,3,13,13,0.0
62,h2_storage,2030,3,14,14,0.0
63,h2_storage,2030,3,15,15,0.0
64,h2_storage,2030,3,16,16,0.0
65,h2_storage,2030,3,17,17,0.0
66,h2_storage,2030,3,18,18,0.0
67,h2_storage,2030,3,19,19,0.0
68,h2_storage,2030,3,20,20,0.0
69,h2_storage,2030,3,21,21,0.0
70,h2_storage,2030,3,22,22,0.0
71,h2_storage,2030,3,23,23,0.0
72,h2_storage,2030,3,24,24,0.0
73,h2_storage,2030,4,1,1,0.0
74,h2_storage,2030,4,2,2,0.0
75,h2_storage,2030,4,3,3,0.0
76,h2_storage,2030,4,4,4,0.0
77,h2_storage,2030,4,5,5,0.0
78,h2_storage,2030,4,6,6,0.0
79,h2_storage,2030,4,7,7,0.0
80,h2_storage,2030,4,8,8,0.0
81,h2_storage,2030,4,9,9,0.0
82,h2_storage,2030,4,10,10,0.0
83,h2_storage,2030,4,11,11,0.0
84,h2_storage,2030,4,12,12,0.0
85,h2_storage,2030,4,13,13,0.0
86,h2_storage,2030,4,14,14,0.0
87,h2_storage,2030,4,15,15,0.0
88,h2_storage,2030,4,16,16,0.0
89,h2_storage,2030,4,17,17,0.0
90,h2_storage,2030,4,18,18,0.0
91,h2_storage,2030,4,19,19,0.0
92,h2_storage,2030,4,20,20,0.0
93,h2_storage,2030,4,21,21,0.0
94,h2_storage,2030,4,22,22,0.0
95,h2_storage,2030,4,23,23,0.0
96,h2_storage,2030,4,24,24,0.0
97,h2_storage,2030,5,1,1,0.0
98,h2_storage,2030,5,2,2,0.0
99,h2_storage,2030,5,3,3,0.0
100,h2_storage,2030,5,4,4,0.0
101,h2_storage,2030,5,5,5,0.0
102,h2_storage,2030,5,6,6,0.0
103,h2_storage,2030,5,7,7,0.0
104,h2_storage,2030,5,8,8,0.0
105,h2_storage,2030,5,9,9,0.0
106,h2_storage,2030,5,10,10,0.0
107,h2_storage,2030,5,11,11,0.0
108,h2_storage,2030,5,12,12,0.0
109,h2_storage,2030,5,13,13,0.0
110,h2_storage,2030,5,14,14,0.0
111,h2_storage,2030,5,15,15,0.0
112,h2_storage,2030,5,16,16,0.0
113,h2_storage,2030,5,17,17,0.0
114,h2_storage,2030,5,18,18,0.0
115,h2_storage,2030,5,19,19,0.0
116,h2_storage,2030,5,20,20,0.0
117,h2_storage,2030,5,21,21,0.0
118,h2_storage,2030,5,22,22,0.0
119,h2_storage,2030,5,23,23,0.0
120,h2_storage,2030,5,24,24,0.0
121,h2_storage,2030,6,1,1,0.0
122,h2_storage,2030,6,2,2,0.0
123,h2_storage,2030,6,3,3,0.0
124,h2_storage,2030,6,4,4,0.0
125,h2_storage,2030,6,5,5,0.0
126,h2_storage,2030,6,6,6,0.0
127,h2_storage,2030,6,7,7,0.0
128,h2_storage,2030,6,8,8,0.0
129,h2_storage,2030,6,9,9,0.0
130,h2_storage,2030,6,10,10,0.0
131,h2_storage,2030,6,11,11,0.0
132,h2_storage,2030,6,12,12,0.0
133,h2_storage,2030,6,13,13,0.0
134,h2_storage,2030,6,14,14,0.0
135,h2_storage,2030,6,15,15,0.0
136,h2_storage,2030,6,16,16,0.0
137,h2_storage,2030,6,17,17,0.0
138,h2_storage,2030,6,18,18,0.0
139,h2_storage,2030,6,19,19,0.0
140,h2_storage,2030,6,20,20,0.0
141,h2_storage,2030,6,21,21,0.0
142,h2_storage,2030,6,22,22,0.0
143,h2_storage,2030,6,23,23,0.0
144,h2_storage,2030,6,24,24,0.0
145,h2_storage,2030,7,1,1,0.0
146,h2_storage,2030,7,2,2,0.0
147,h2_storage,2030,7,3,3,0.0
148,h2_storage,2030,7,4,4,0.0
149,h2_storage,2030,7,5,5,0.0
150,h2_storage,2030,7,6,6,0.0
151,h2_storage,2030,7,7,7,0.0
152,h2_storage,2030,7,8,8,0.0
153,h2_storage,2030,7,9,9,0.0
154,h2_storage,2030,7,10,10,0.0
155,h2_storage,2030,7,11,11,0.0
156,h2_storage,2030,7,12,12,0.0
157,h2_storage,2030,7,13,13,0.0
158,h2_storage,2030,7,14,14,0.0
159,h2_storage,2030,7,15,15,0.0
160,h2_storage,2030,7,16,16,0.0
161,h2_storage,2030,7,17,17,0.0
162,h2_storage,2030,7,18,18,0.0
163,h2_storage,2030,7,19,19,0.0
164,h2_storage,2030,7,20,20,0.0
165,h2_storage,2030,7,21,21,0.0
166,h2_storage,2030,7,22,22,0.0
167,h2_storage,2030,7,23,23,0.0
168,h2_storage,2030,7,24,24,0.0
169,h2_storage,2030,8,1,1,0.0
170,h2_storage,2030,8,2,2,0.0
171,h2_storage,2030,8,3,3,0.0
172,h2_storage,2030,8,4,4,0.0
173,h2_storage,2030,8,5,5,0.0
174,h2_storage,2030,8,6,6,0.0
175,h2_storage,2030,8,7,7,0.0
176,h2_storage,2030,8,8,8,0.0
177,h2_storage,2030,8,9,9,0.0
178,h2_storage,2030,8,10,10,0.0
179,h2_storage,2030,8,11,11,0.0
180,h2_storage,2030,8,12,12,0.0
181,h2_storage,2030,8,13,13,0.0
182,h2_storage,2030,8,14,14,0.0
183,h2_storage,2030,8,15,15,0.0
184,h2_storage,2030,8,16,16,0.0
185,h2_storage,2030,8,17,17,0.0
186,h2_storage,2030,8,18,18,0.0
187,h2_storage,2030,8,19,19,0.0
188,h2_storage,2030,8,20,20,0.0
189,h2_storage,2030,8,21,21,0.0
190,h2_storage,2030,8,22,22,0.0
191,h2_storage,2030,8,23,23,0.0
192,h2_storage,2030,8,24,24,0.0
193,h2_storage,2030,9,1,1,0.0
194,h2_storage,2030,9,2,2,0.0
195,h2_storage,2030,9,3,3,0.0
196,h2_storage,2030,9,4,4,0.0
197,h2_storage,2030,9,5,5,0.0
198,h2_storage,2030,9,6,6,0.0
199,h2_storage,2030,9,7,7,0.0
200,h2_storage,2030,9,8,8,0.0
201,h2_storage,2030,9,9,9,0.0
202,h2_storage,2030,9,10,10,0.0
203,h2_storage,2030,9,11,11,0.0
204,h2_storage,2030,9,12,12,0.0
205,h2_storage,2030,9,13,13,0.0
206,h2_storage,2030,9,14,14,0.0
207,h2_storage,2030,9,15,15,0.0
208,h2_storage,2030,9,16,16,0.0
209,h2_storage,2030,9,17,17,0.0
210,h2_storage,2030,9,18,18,0.0
211,h2_storage,2030,9,19,19,0.0
212,h2_storage,2030,9,20,20,0.0
213,h2_storage,2030,9,21,21,0.0
214,h2_storage,2030,9,22,22,0.0
215,h2_storage,2030,9,23,23,0.0
216,h2_storage,2030,9,24,24,0.0
217,h2_storage,2030,10,1,1,0.0
218,h2_storage,2030,10,2,2,0.0
219,h2_storage,2030,10,3,3,0.0
220,h2_storage,2030,10,4,4,0.0
221,h2_storage,2030,10,5,5,0.0
222,h2_storage,2030,10,6,6,0.0
223,h2_storage,2030,10,7,7,0.0
224,h2_storage,2030,10,8,8,0.0
225,h2_storage,2030,10,9,9,0.0
226,h2_storage,2030,10,10,10,0.0
227,h2_storage,2030,10,11,11,0.0
228,h2_storage,2030,10,12,12,0.0
229,h2_storage,2030,10,13,13,0.0
230,h2_storage,2030,10,14,14,0.0
231,h2_storage,2030,10,15,15,0.0
232,h2_storage,2030,10,16,16,0.0
233,h2_storage,2030,10,17,17,0.0
234,h2_storage,2030,10,18,18,0.0
235,h2_storage,2030,10,19,19,0.0
236,h2_storage,2030,10,20,20,0.0
237,h2_storage,2030,10,21,21,0.0
238,h2_storage,2030,10,22,22,0.0
239,h2_storage,2030,10,23,23,0.0
240,h2_storage,2030,10,24,24,0.0
241,h2_storage,2030,11,1,1,0.0
242,h2_storage,2030,11,2,2,0.0
243,h2_storage,2030,11,3,3,0.0
244,h2_storage,2030,11,4,4,0.0
245,h2_storage,2030,11,5,5,0.0
246,h2_storage,2030,11,6,6,0.0
247,h2_storage,2030,11,7,7,0.0
248,h2_storage,2030,11,8,8,0.0
249,h2_storage,2030,11,9,9,0.0
250,h2_storage,2030,11,10,10,0.0
251,h2_storage,2030,11,11,11,0.0
252,h2_storage,2030,11,12,12,0.0
253,h2_storage,2030,11,13,13,0.0
254,h2_storage,2030,11,14,14,0.0
255,h2_storage,2030,11,15,15,0.0
256,h2_storage,2030,11,16,16,0.0
257,h2_storage,2030,11,17,17,0.0
258,h2_storage,2030,11,18,18,0.0
259,h2_storage,2030,11,19,19,0.0
260,h2_storage,2030,11,20,20,0.0
261,h2_storage,2030,11,21,21,0.0
262,h2_storage,2030,11,22,22,0.0
263,h2_storage,2030,11,23,23,0.0
264,h2_storage,2030,11,24,24,0.0
265,h2_storage,2030,12,1,1,0.0
266,h2_storage,2030,12,2,2,0.0
267,h2_storage,2030,12,3,3,0.0
268,h2_storage,2030,12,4,4,0.0
269,h2_storage,2030,12,5,5,0.0
270,h2_storage,2030,12,6,6,0.0
271,h2_storage,2030,12,7,7,0.0
272,h2_storage,2030,12,8,8,0.0
273,h2_storage,2030,12,9,9,0.0
274,h2_storage,2030,12,10,10,0.0
275,h2_storage,2030,12,11,11,0.0
276,h2_storage,2030,12,12,12,0.0
277,h2_storage,2030,12,13,13,0.0
278,h2_storage,2030,12,14,14,0.0
279,h2_storage,2030,12,15,15,0.0
280,h2_storage,2030,12,16,16,0.0
281,h2_storage,2030,12,17,17,0.0
282,h2_storage,2030,12,18,18,0.0
283,h2_storage,2030,12,19,19,0.0
284,h2_storage,2030,12,20,20,0.0
285,h2_storage,2030,12,21,21,0.0
286,h2_storage,2030,12,22,22,0.0
287,h2_storage,2030,12,23,23,0.0
288,h2_storage,2030,12,24,24,0.0
289,h2_storage,2030,13,1,1,0.0
290,h2_storage,2030,13,2,2,0.0
291,h2_storage,2030,13,3,3,0.0
292,h2_storage,2030,13,4,4,0.0
293,h2_storage,2030,13,5,5,0.0
294,h2_storage,2030,13,6,6,0.0
295,h2_storage,2030,13,7,7,0.0
296,h2_storage,2030,13,8,8,0.0
297,h2_storage,2030,13,9,9,0.0
298,h2_storage,2030,13,10,10,0.0
299,h2_storage,2030,13,11,11,0.0
300,h2_storage,2030,13,12,12,0.0
301,h2_storage,2030,13,13,13,0.0
302,h2_storage,2030,13,14,14,0.0
303,h2_storage,2030,13,15,15,0.0
304,h2_storage,2030,13,16,16,0.0
305,h2_storage,2030,13,17,17,0.0
306,h2_storage,2030,13,18,18,0.0
307,h2_storage,2030,13,19,19,0.0
308,h2_storage,2030,13,20,20,0.0
309,h2_storage,2030,13,21,21,0.0
310,h2_storage,2030,13,22,22,0.0
311,h2_storage,2030,13,23,23,0.0
312,h2_storage,2030,13,24,24,0.0
313,h2_storage,2030,14,1,1,0.0
314,h2_storage,2030,14,2,2,0.0
315,h2_storage,2030,14,3,3,0.0
316,h2_storage,2030,14,4,4,0.0
317,h2_storage,2030,14,5,5,0.0
318,h2_storage,2030,14,6,6,0.0
319,h2_storage,2030,14,7,7,0.0
320,h2_storage,2030,14,8,8,0.0
321,h2_storage,2030,14,9,9,0.0
322,h2_storage,2030,14,10,10,0.0
323,h2_storage,2030,14,11,11,0.0
324,h2_storage,2030,14,12,12,0.0
325,h2_storage,2030,14,13,13,0.0
326,h2_storage,2030,14,14,14,0.0
327,h2_storage,2030,14,15,15,0.0
328,h2_storage,2030,14,16,16,0.0
329,h2_storage,2030,14,17,17,0.0
330,h2_storage,2030,14,18,18,0.0
331,h2_storage,2030,14,19,19,0.0
332,h2_storage,2030,14,20,20,0.0
333,h2_storage,2030,14,21,21,0.0
334,h2_storage,2030,14,22,22,0.0
335,h2_storage,2030,14,23,23,0.0
336,h2_storage,2030,14,24,24,0.0
337,h2_storage,2030,15,1,1,0.0
338,h2_storage,2030,15,2,2,0.0
339,h2_storage,2030,15,3,3,0.0
340,h2_storage,2030,15,4,4,0.0
341,h2_storage,2030,15,5,5,0.0
342,h2_storage,2030,15,6,6,0.0
343,h2_storage,2030,15,7,7,0.0
344,h2_storage,2030,15,8,8,0.0
345,h2_storage,2030,15,9,9,0.0
346,h2_storage,2030,15,10,10,0.0
347,h2_storage,2030,15,11,11,0.0
348,h2_storage,2030,15,12,12,0.0
349,h2_storage,2030,15,13,13,0.0
350,h2_storage,2030,15,14,14,0.0
351,h2_storage,2030,15,15,15,0.0
352,h2_storage,2030,15,16,16,0.0
353,h2_storage,2030,15,17,17,0.0
354,h2_storage,2030,15,18,18,0.0
355,h2_storage,2030,15,19,19,0.0
356,h2_storage,2030,15,20,20,0.0
357,h2_storage,2030,15,21,21,0.0
358,h2_storage,2030,15,22,22,0.0
359,h2_storage,2030,15,23,23,0.0
360,h2_storage,2030,15,24,24,0.0
361,h2_storage,2030,16,1,1,0.0
362,h2_storage,2030,16,2,2,0.0
363,h2_storage,2030,16,3,3,0.0
364,h2_storage,2030,16,4,4,0.0
365,h2_storage,2030,16,5,5,0.0
366,h2_storage,2030,16,6,6,0.0
367,h2_storage,2030,16,7,7,0.0
368,h2_storage,2030,16,8,8,0.0
369,h2_storage,2030,16,9,9,0.0
370,h2_storage,2030,16,10,10,0.0
371,h2_storage,2030,16,11,11,0.0
372,h2_storage,2030,16,12,12,0.0
373,h2_storage,2030,16,13,13,0.0
374,h2_storage,2030,16,14,14,0.0
375,h2_storage,2030,16,15,15,0.0
376,h2_storage,2030,16,16,16,0.0
377,h2_storage,2030,16,17,17,0.0
378,h2_storage,2030,16,18,18,0.0
379,h2_storage,2030,16,19,19,0.0
380,h2_storage,2030,16,20,20,0.0
381,h2_storage,2030,16,21,21,0.0
382,h2_storage,2030,16,22,22,0.0
383,h2_storage,2030,16,23,23,0.0
384,h2_storage,2030,16,24,24,0.0
385,h2_storage,2030,17,1,1,0.0
386,h2_storage,2030,17,2,2,0.0
387,h2_storage,2030,17,3,3,0.0
388,h2_storage,2030,17,4,4,0.0
389,h2_storage,2030,17,5,5,0.0
390,h2_storage,2030,17,6,6,0.0
391,h2_storage,2030,17,7,7,0.0
392,h2_storage,2030,17,8,8,0.0
393,h2_storage,2030,17,9,9,0.0
394,h2_storage,2030,17,10,10,0.0
395,h2_storage,2030,17,11,11,0.0
396,h2_storage,2030,17,12,12,0.0
397,h2_storage,2030,17,13,13,0.0
398,h2_storage,2030,17,14,14,0.0
399,h2_storage,2030,17,15,15,0.0
400,h2_storage,2030,17,16,16,0.0
401,h2_storage,2030,17,17,17,0.0
402,h2_storage,2030,17,18,18,0.0
403,h2_storage,2030,17,19,19,0.0
404,h2_storage,2030,17,20,20,0.0
405,h2_storage,2030,17,21,21,0.0
406,h2_storage,2030,17,22,22,0.0
407,h2_storage,2030,17,23,23,0.0
408,h2_storage,2030,17,24,24,0.0
409,h2_storage,2030,18,1,1,0.0
410,h2_storage,2030,18,2,2,0.0
411,h2_storage,2030,18,3,3,0.0
412,h2_storage,2030,18,4,4,0.0
413,h2_storage,2030,18,5,5,0.0
414,h2_storage,2030,18,6,6,0.0
415,h2_storage,2030,18,7,7,0.0
416,h2_storage,2030,18,8,8,0.0
417,h2_storage,2030,18,9,9,0.0
418,h2_storage,2030,18,10,10,0.0
419,h2_storage,2030,18,11,11,0.0
420,h2_storage,2030,18,12,12,0.0
421,h2_storage,2030,18,13,13,0.0
422,h2_storage,2030,18,14,14,0.0
423,h2_storage,2030,18,15,15,0.0
424,h2_storage,2030,18,16,16,0.0
425,h2_storage,2030,18,17,17,0.0
426,h2_storage,2030,18,18,18,0.0
427,h2_storage,2030,18,19,19,0.0
428,h2_storage,2030,18,20,20,0.0
429,h2_storage,2030,18,21,21,0.0
430,h2_storage,2030,18,22,22,0.0
431,h2_storage,2030,18,23,23,0.0
432,h2_storage,2030,18,24,24,0.0
433,h2_storage,2030,19,1,1,0.0
434,h2_storage,2030,19,2,2,0.0
435,h2_storage,2030,19,3,3,0.0
436,h2_storage,2030,19,4,4,0.0
437,h2_storage,2030,19,5,5,0.0
438,h2_storage,2030,19,6,6,0.0
439,h2_storage,2030,19,7,7,0.0
440,h2_storage,2030,19,8,8,0.0
441,h2_storage,2030,19,9,9,0.0
442,h2_storage,2030,19,10,10,0.0
443,h2_storage,2030,19,11,11,0.0
444,h2_storage,2030,19,12,12,0.0
445,h2_storage,2030,19,13,13,0.0
446,h2_storage,2030,19,14,14,0.0
447,h2_storage,2030,19,15,15,0.0
448,h2_storage,2030,19,16,16,0.0
449,h2_storage,2030,19,17,17,0.0
450,h2_storage,2030,19,18,18,0.0
451,h2_storage,2030,19,19,19,0.0
452,h2_storage,2030,19,20,20,0.0
453,h2_storage,2030,19,21,21,0.0
454,h2_storage,2030,19,22,22,0.0
455,h2_storage,2030,19,23,23,0.0
456,h2_storage,2030,19,24,24,0.0
457,h2_storage,2030,20,1,1,0.0
458,h2_storage,2030,20,2,2,0.0
459,h2_storage,2030,20,3,3,0.0
460,h2_storage,2030,20,4,4,0.0
461,h2_storage,2030,20,5,5,0.0
462,h2_storage,2030,20,6,6,0.0
463,h2_storage,2030,20,7,7,0.0
464,h2_storage,2030,20,8,8,0.0
465,h2_storage,2030,20,9,9,0.0
466,h2_storage,2030,20,10,10,0.0
467,h2_storage,2030,20,11,11,0.0
468,h2_storage,2030,20,12,12,0.0
469,h2_storage,2030,20,13,13,0.0
470,h2_storage,2030,20,14,14,0.0
471,h2_storage,2030,20,15,15,0.0
472,h2_storage,2030,20,16,16,0.0
473,h2_storage,2030,20,17,17,0.0
474,h2_storage,2030,20,18,18,0.0
475,h2_storage,2030,20,19,19,0.0
476,h2_storage,2030,20,20,20,0.0
477,h2_storage,2030,20,21,21,0.0
478,h2_storage,2030,20,22,22,0.0
479,h2_storage,2030,20,23,23,0.0
480,h2_storage,2030,20,24,24,0.0
481,h2_storage,2030,21,1,1,0.0
482,h2_storage,2030,21,2,2,0.0
483,h2_storage,2030,21,3,3,0.0
484,h2_storage,2030,21,4,4,0.0
485,h2_storage,2030,21,5,5,0.0
486,h2_storage,2030,21,6,6,0.0
487,h2_storage,2030,21,7,7,0.0
488,h2_storage,2030,21,8,8,0.0
489,h2_storage,2030,21,9,9,0.0
490,h2_storage,2030,21,10,10,0.0
491,h2_storage,2030,21,11,11,0.0
492,h2_storage,2030,21,12,12,0.0
493,h2_storage,2030,21,13,13,0.0
494,h2_storage,2030,21,14,14,0.0
495,h2_storage,2030,21,15,15,0.0
496,h2_storage,2030,21,16,16,0.0
497,h2_storage,2030,21,17,17,0.0
498,h2_storage,2030,21,18,18,0.0
499,h2_storage,2030,21,19,19,0.0
500,h2_storage,2030,21,20,20,0.0
501,h2_storage,2030,21,21,21,0.0
502,h2_storage,2030,21,22,22,0.0
503,h2_storage,2030,21,23,23,0.0
504,h2_storage,2030,21,24,24,0.0
505,h2_storage,2030,22,1,1,0.0
506,h2_storage,2030,22,2,2,0.0
507,h2_storage,2030,22,3,3,0.0
508,h2_storage,2030,22,4,4,0.0
509,h2_storage,2030,22,5,5,0.0
510,h2_storage,2030,22,6,6,0.0
511,h2_storage,2030,22,7,7,0.0
512,h2_storage,2030,22,8,8,0.0
513,h2_storage,2030,22,9,9,0.0
514,h2_storage,2030,22,10,10,0.0
515,h2_storage,2030,22,11,11,0.0
516,h2_storage,2030,22,12,12,0.0
517,h2_storage,2030,22,13,13,0.0
518,h2_storage,2030,22,14,14,0.0
519,h2_storage,2030,22,15,15,0.0
520,h2_storage,2030,22,16,16,0.0
521,h2_storage,2030,22,17,17,0.0
522,h2_storage,2030,22,18,18,0.0
523,h2_storage,2030,22,19,19,0.0
524,h2_storage,2030,22,20,20,0.0
525,h2_storage,2030,22,21,21,0.0
526,h2_storage,2030,22,22,22,0.0
527,h2_storage,2030,22,23,23,0.0
528,h2_storage,2030,22,24,24,0.0
529,h2_storage,2030,23,1,1,0.0
530,h2_storage,2030,23,2,2,0.0
531,h2_storage,2030,23,3,3,0.0
532,h2_storage,2030,23,4,4,0.0
533,h2_storage,2030,23,5,5,0.0
534,h2_storage,2030,23,6,6,0.0
535,h2_storage,2030,23,7,7,0.0
536,h2_storage,2030,23,8,8,0.0
537,h2_storage,2030,23,9,9,0.0
538,h2_storage,2030,23,10,10,0.0
539,h2_storage,2030,23,11,11,0.0
540,h2_storage,2030,23,12,12,0.0
541,h2_storage,2030,23,13,13,0.0
542,h2_storage,2030,23,14,14,0.0
543,h2_storage,2030,23,15,15,0.0
544,h2_storage,2030,23,16,16,0.0
545,h2_storage,2030,23,17,17,0.0
546,h2_storage,2030,23,18,18,0.0
547,h2_storage,2030,23,19,19,0.0
548,h2_storage,2030,23,20,20,0.0
549,h2_storage,2030,23,21,21,0.0
550,h2_storage,2030,23,22,22,0.0
551,h2_storage,2030,23,23,23,0.0
552,h2_storage,2030,23,24,24,0.0
553,h2_storage,2030,24,1,1,0.0
554,h2_storage,2030,24,2,2,0.0
555,h2_storage,2030,24,3,3,0.0
556,h2_storage,2030,24,4,4,0.0
557,h2_storage,2030,24,5,5,0.0
558,h2_storage,2030,24,6,6,0.0
559,h2_storage,2030,24,7,7,0.0
560,h2_storage,2030,24,8,8,0.0
561,h2_storage,2030,24,9,9,0.0
562,h2_storage,2030,24,10,10,0.0
563,h2_storage,2030,24,11,11,0.0
564,h2_storage,2030,24,12,12,0.0
565,h2_storage,2030,24,13,13,0.0
566,h2_storage,2030,24,14,14,0.0
567,h2_storage,2030,24,15,15,0.0
568,h2_storage,2030,24,16,16,0.0
569,h2_storage,2030,24,17,17,0.0
570,h2_storage,2030,24,18,18,0.0
571,h2_storage,2030,24,19,19,0.0
572,h2_storage,2030,24,20,20,0.0
573,h2_storage,2030,24,21,21,0.0
574,h2_storage,2030,24,22,22,0.0
575,h2_storage,2030,24,23,23,0.0
576,h2_storage,2030,24,24,24,0.0
577,h2_storage,2030,25,1,1,0.0
578,h2_storage,2030,25,2,2,0.0
579,h2_storage,2030,25,3,3,0.0
580,h2_storage,2030,25,4,4,0.0
581,h2_storage,2030,25,5,5,0.0
582,h2_storage,2030,25,6,6,0.0
583,h2_storage,2030,25,7,7,0.0
584,h2_storage,2030,25,8,8,0.0
585,h2_storage,2030,25,9,9,0.0
586,h2_storage,2030,25,10,10,0.0
587,h2_storage,2030,25,11,11,0.0
588,h2_storage,2030,25,12,12,0.0
589,h2_storage,2030,25,13,13,0.0
590,h2_storage,2030,25,14,14,0.0
591,h2_storage,2030,25,15,15,0.0
592,h2_storage,2030,25,16,16,0.0
593,h2_storage,2030,25,17,17,0.0
594,h2_storage,2030,25,18,18,0.0
595,h2_storage,2030,25,19,19,0.0
596,h2_storage,2030,25,20,20,0.0
597,h2_storage,2030,25,21,21,0.0
598,h2_storage,2030,25,22,22,0.0
599,h2_storage,2030,25,23,23,0.0
600,h2_storage,2030,25,24,24,0.0
601,h2_storage,2030,26,1,1,0.0
602,h2_storage,2030,26,2,2,0.0
603,h2_storage,2030,26,3,3,0.0
604,h2_storage,2030,26,4,4,0.0
605,h2_storage,2030,26,5,5,0.0
606,h2_storage,2030,26,6,6,0.0
607,h2_storage,2030,26,7,7,0.0
608,h2_storage,2030,26,8,8,0.0
609,h2_storage,2030,26,9,9,0.0
610,h2_storage,2030,26,10,10,0.0
611,h2_storage,2030,26,11,11,0.0
612,h2_storage,2030,26,12,12,0.0
613,h2_storage,2030,26,13,13,0.0
614,h2_storage,2030,26,14,14,0.0
615,h2_storage,2030,26,15,15,0.0
616,h2_storage,2030,26,16,16,0.0
617,h2_storage,2030,26,17,17,0.0
618,h2_storage,2030,26,18,18,0.0
619,h2_storage,2030,26,19,19,0.0
620,h2_storage,2030,26,20,20,0.0
621,h2_storage,2030,26,21,21,0.0
622,h2_storage,2030,26,22,22,0.0
623,h2_storage,2030,26,23,23,0.0
624,h2_storage,2030,26,24,24,0.0
625,h2_storage,2030,27,1,1,0.0
626,h2_storage,2030,27,2,2,0.0
627,h2_storage,2030,27,3,3,0.0
628,h2_storage,2030,27,4,4,0.0
629,h2_storage,2030,27,5,5,0.0
630,h2_storage,2030,27,6,6,0.0
631,h2_storage,2030,27,7,7,0.0
632,h2_storage,2030,27,8,8,0.0
633,h2_storage,2030,27,9,9,0.0
634,h2_storage,2030,27,10,10,0.0
635,h2_storage,2030,27,11,11,0.0
636,h2_storage,2030,27,12,12,0.0
637,h2_storage,2030,27,13,13,0.0
638,h2_storage,2030,27,14,14,0.0
639,h2_storage,2030,27,15,15,0.0
640,h2_storage,2030,27,16,16,0.0
641,h2_storage,2030,27,17,17,0.0
642,h2_storage,2030,27,18,18,0.0
643,h2_storage,2030,27,19,19,0.0
644,h2_storage,2030,27,20,20,0.0
645,h2_storage,2030,27,21,21,0.0
646,h2_storage,2030,27,22,22,0.0
647,h2_storage,2030,27,23,23,0.0
648,h2_storage,2030,27,24,24,0.0
649,h2_storage,2030,28,1,1,0.0
650,h2_storage,2030,28,2,2,0.0
651,h2_storage,2030,28,3,3,0.0
652,h2_storage,2030,28,4,4,0.0
653,h2_storage,2030,28,5,5,0.0
654,h2_storage,2030,28,6,6,0.0
655,h2_storage,2030,28,7,7,0.0
656,h2_storage,2030,28,8,8,0.0
657,h2_storage,2030,28,9,9,0.0
658,h2_storage,2030,28,10,10,0.0
659,h2_storage,2030,28,11,11,0.0
660,h2_storage,2030,28,12,12,0.0
661,h2_storage,2030,28,13,13,0.0
662,h2_storage,2030,28,14,14,0.0
663,h2_storage,2030,28,15,15,0.0
664,h2_storage,2030,28,16,16,0.0
665,h2_storage,2030,28,17,17,0.0
666,h2_storage,2030,28,18,18,0.0
667,h2_storage,2030,28,19,19,0.0
668,h2_storage,2030,28,20,20,0.0
669,h2_storage,2030,28,21,21,0.0
670,h2_storage,2030,28,22,22,0.0
671,h2_storage,2030,28,23,23,0.0
672,h2_storage,2030,28,24,24,0.0
673,h2_storage,2030,29,1,1,0.0
674,h2_storage,2030,29,2,2,0.0
675,h2_storage,2030,29,3,3,0.0
676,h2_storage,2030,29,4,4,0.0
677,h2_storage,2030,29,5,5,0.0
678,h2_storage,2030,29,6,6,0.0
679,h2_storage,2030,29,7,7,0.0
680,h2_storage,2030,29,8,8,0.0
681,h2_storage,2030,29,9,9,0.0
682,h2_storage,2030,29,10,10,0.0
683,h2_storage,2030,29,11,11,0.0
684,h2_storage,2030,29,12,12,0.0
685,h2_storage,2030,29,13,13,0.0
686,h2_storage,2030,29,14,14,0.0
687,h2_storage,2030,29,15,15,0.0
688,h2_storage,2030,29,16,16,0.0
689,h2_storage,2030,29,17,17,0.0
690,h2_storage,2030,29,18,18,0.0
691,h2_storage,2030,29,19,19,0.0
692,h2_storage,2030,29,20,20,0.0
693,h2_storage,2030,29,21,21,0.0
694,h2_storage,2030,29,22,22,0.0
695,h2_storage,2030,29,23,23,0.0
696,h2_storage,2030,29,24,24,0.0
697,h2_storage,2030,30,1,1,0.0
698,h2_storage,2030,30,2,2,0.0
699,h2_storage,2030,30,3,3,0.0
700,h2_storage,2030,30,4,4,0.0
701,h2_storage,2030,30,5,5,0.0
702,h2_storage,2030,30,6,6,0.0
703,h2_storage,2030,30,7,7,0.0
704,h2_storage,2030,30,8,8,0.0
705,h2_storage,2030,30,9,9,0.0
706,h2_storage,2030,30,10,10,0.0
707,h2_storage,2030,30,11,11,0.0
708,h2_storage,2030,30,12,12,0.0
709,h2_storage,2030,30,13,13,0.0
710,h2_storage,2030,30,14,14,0.0
711,h2_storage,2030,30,15,15,0.0
712,h2_storage,2030,30,16,16,0.0
713,h2_storage,2030,30,17,17,0.0
714,h2_storage,2030,30,18,18,0.0
715,h2_storage,2030,30,19,19,0.0
716,h2_storage,2030,30,20,20,0.0
717,h2_storage,2030,30,21,21,0.0
718,h2_storage,2030,30,22,22,0.0
719,h2_storage,2030,30,23,23,0.0
720,h2_storage,2030,30,24,24,0.0
721,h2_storage,2030,31,1,1,0.0
722,h2_storage,2030,31,2,2,0.0
723,h2_storage,2030,31,3,3,0.0
724,h2_storage,2030,31,4,4,0.0
725,h2_storage,2030,31,5,5,0.0
726,h2_storage,2030,31,6,6,0.0
727,h2_storage,2030,31,7,7,0.0
728,h2_storage,2030,31,8,8,0.0
729,h2_storage,2030,31,9,9,0.0
730,h2_storage,2030,31,10,10,0.0
731,h2_storage,2030,31,11,11,0.0
732,h2_storage,2030,31,12,12,0.0
733,h2_storage,2030,31,13,13,0.0
734,h2_storage,2030,31,14,14,0.0
735,h2_storage,2030,31,15,15,0.0
736,h2_storage,2030,31,16,16,0.0
737,h2_storage,2030,31,17,17,0.0
738,h2_storage,2030,31,18,18,0.0
739,h2_storage,2030,31,19,19,0.0
740,h2_storage,2030,31,20,20,0.0
741,h2_storage,2030,31,21,21,0.0
742,h2_storage,2030,31,22,22,0.0
743,h2_storage,2030,31,23,23,0.0
744,h2_storage,2030,31,24,24,0.0
745,h2_storage,2030,32,1,1,0.0
746,h2_storage,2030,32,2,2,0.0
747,h2_storage,2030,32,3,3,0.0
748,h2_storage,2030,32,4,4,0.0
749,h2_storage,2030,32,5,5,0.0
750,h2_storage,2030,32,6,6,0.0
751,h2_storage,2030,32,7,7,0.0
752,h2_storage,2030,32,8,8,0.0
753,h2_storage,2030,32,9,9,0.0
754,h2_storage,2030,32,10,10,0.0
755,h2_storage,2030,32,11,11,0.0
756,h2_storage,2030,32,12,12,0.0
757,h2_storage,2030,32,13,13,0.0
758,h2_storage,2030,32,14,14,0.0
759,h2_storage,2030,32,15,15,0.0
760,h2_storage,2030,32,16,16,0.0
761,h2_storage,2030,32,17,17,0.0
762,h2_storage,2030,32,18,18,0.0
763,h2_storage,2030,32,19,19,0.0
764,h2_storage,2030,32,20,20,0.0
765,h2_storage,2030,32,21,21,0.0
766,h2_storage,2030,32,22,22,0.0
767,h2_storage,2030,32,23,23,0.0
768,h2_storage,2030,32,24,24,0.0
769,h2_storage,2030,33,1,1,0.0
770,h2_storage,2030,33,2,2,0.0
771,h2_storage,2030,33,3,3,0.0
772,h2_storage,2030,33,4,4,0.0
773,h2_storage,2030,33,5,5,0.0
774,h2_storage,2030,33,6,6,0.0
775,h2_storage,2030,33,7,7,0.0
776,h2_storage,2030,33,8,8,0.0
777,h2_storage,2030,33,9,9,0.0
778,h2_storage,2030,33,10,10,0.0
779,h2_storage,2030,33,11,11,0.0
780,h2_storage,2030,33,12,12,0.0
781,h2_storage,2030,33,13,13,0.0
782,h2_storage,2030,33,14,14,0.0
783,h2_storage,2030,33,15,15,0.0
784,h2_storage,2030,33,16,16,0.0
785,h2_storage,2030,33,17,17,0.0
786,h2_storage,2030,33,18,18,0.0
787,h2_storage,2030,33,19,19,0.0
788,h2_storage,2030,33,20,20,0.0
789,h2_storage,2030,33,21,21,0.0
790,h2_storage,2030,33,22,22,0.0
791,h2_storage,2030,33,23,23,0.0
792,h2_storage,2030,33,24,24,0.0
793,h2_storage,2030,34,1,1,0.0
794,h2_storage,2030,34,2,2,0.0
795,h2_storage,2030,34,3,3,0.0
796,h2_storage,2030,34,4,4,0.0
797,h2_storage,2030,34,5,5,0.0
798,h2_storage,2030,34,6,6,0.0
799,h2_storage,2030,34,7,7,0.0
800,h2_storage,2030,34,8,8,0.0
801,h2_storage,2030,34,9,9,0.0
802,h2_storage,2030,34,10,10,0.0
803,h2_storage,2030,34,11,11,0.0
804,h2_storage,2030,34,12,12,0.0
805,h2_storage,2030,34,13,13,0.0
806,h2_storage,2030,34,14,14,0.0
807,h2_storage,2030,34,15,15,0.0
808,h2_storage,2030,34,16,16,0.0
809,h2_storage,2030,34,17,17,0.0
810,h2_storage,2030,34,18,18,0.0
811,h2_storage,2030,34,19,19,0.0
812,h2_storage,2030,34,20,20,0.0
813,h2_storage,2030,34,21,21,0.0
814,h2_storage,2030,34,22,22,0.0
815,h2_storage,2030,34,23,23,0.0
816,h2_storage,2030,34,24,24,0.0
817,h2_storage,2030,35,1,1,0.0
818,h2_storage,2030,35,2,2,0.0
819,h2_storage,2030,35,3,3,0.0
820,h2_storage,2030,35,4,4,0.0
821,h2_storage,2030,35,5,5,0.0
822,h2_storage,2030,35,6,6,0.0
823,h2_storage,2030,35,7,7,0.0
824,h2_storage,2030,35,8,8,0.0
825,h2_storage,2030,35,9,9,0.0
826,h2_storage,2030,35,10,10,0.0
827,h2_storage,2030,35,11,11,0.0
828,h2_storage,2030,35,12,12,0.0
829,h2_storage,2030,35,13,13,0.0
830,h2_storage,2030,35,14,14,0.0
831,h2_storage,2030,35,15,15,0.0
832,h2_storage,2030,35,16,16,0.0
833,h2_storage,2030,35,17,17,0.0
834,h2_storage,2030,35,18,18,0.0
835,h2_storage,2030,35,19,19,0.0
836,h2_storage,2030,35,20,20,0.0
837,h2_storage,2030,35,21,21,0.0
838,h2_storage,2030,35,22,22,0.0
839,h2_storage,2030,35,23,23,0.0
840,h2_storage,2030,35,24,24,0.0
841,h2_storage,2030,36,1,1,0.0
842,h2_storage,2030,36,2,2,0.0
843,h2_storage,2030,36,3,3,0.0
844,h2_storage,2030,36,4,4,0.0
845,h2_storage,2030,36,5,5,0.0
846,h2_storage,2030,36,6,6,0.0
847,h2_storage,2030,36,7,7,0.0
848,h2_storage,2030,36,8,8,0.0
849,h2_storage,2030,36,9,9,0.0
850,h2_storage,2030,36,10,10,0.0
851,h2_storage,2030,36,11,11,0.0
852,h2_storage,2030,36,12,12,0.0
853,h2_storage,2030,36,13,13,0.0
854,h2_storage,2030,36,14,14,0.0
855,h2_storage,2030,36,15,15,0.0
856,h2_storage,2030,36,16,16,0.0
857,h2_storage,2030,36,17,17,0.0
858,h2_storage,2030,36,18,18,0.0
859,h2_storage,2030,36,19,19,0.0
860,h2_storage,2030,36,20,20,0.0
861,h2_storage,2030,36,21,21,0.0
862,h2_storage,2030,36,22,22,0.0
863,h2_storage,2030,36,23,23,0.0
864,h2_storage,2030,36,24,24,0.0
865,hydro_reservoir,2030,1,1,1,0.08730158730158731
866,hydro_reservoir,2030,1,2,2,0.17460317460317462
867,hydro_reservoir,2030,1,3,3,0.2619047619047619
868,hydro_reservoir,2030,1,4,4,0.34920634920634924
869,hydro_reservoir,2030,1,5,5,0.43650793650793657
870,hydro_reservoir,2030,1,6,6,0.5238095238095238
871,hydro_reservoir,2030,1,7,7,0.6111111111111112
872,hydro_reservoir,2030,1,8,8,0.6984126984126985
873,hydro_reservoir,2030,1,9,9,0.7857142857142858
874,hydro_reservoir,2030,1,10,10,0.8730158730158731
875,hydro_reservoir,2030,1,11,11,0.9603174603174605
876,hydro_reservoir,2030,1,12,12,1.0476190476190477
877,hydro_reservoir,2030,1,13,13,1.1349206349206349
878,hydro_reservoir,2030,1,14,14,1.222222222222222
879,hydro_reservoir,2030,1,15,15,1.3095238095238093
880,hydro_reservoir,2030,1,16,16,1.3968253968253965
881,hydro_reservoir,2030,1,17,17,1.4841269841269837
882,hydro_reservoir,2030,1,18,18,1.571428571428571
883,hydro_reservoir,2030,1,19,19,1.6587301587301582
884,hydro_reservoir,2030,1,20,20,1.7460317460317454
885,hydro_reservoir,2030,1,21,21,1.8333333333333326
886,hydro_reservoir,2030,1,22,22,1.9206349206349198
887,hydro_reservoir,2030,1,23,23,2.007936507936507
888,hydro_reservoir,2030,1,24,24,2.0952380952380945
889,hydro_reservoir,2030,2,1,1,0.02945326278659612
890,hydro_reservoir,2030,2,2,2,0.05890652557319224
891,hydro_reservoir,2030,2,3,3,0.08835978835978836
892,hydro_reservoir,2030,2,4,4,0.11781305114638448
893,hydro_reservoir,2030,2,5,5,0.1472663139329806
894,hydro_reservoir,2030,2,6,6,0.17671957671957672
895,hydro_reservoir,2030,2,7,7,0.20617283950617285
896,hydro_reservoir,2030,2,8,8,0.23562610229276898
897,hydro_reservoir,2030,2,9,9,0.2650793650793651
898,hydro_reservoir,2030,2,10,10,0.2945326278659612
899,hydro_reservoir,2030,2,11,11,0.3239858906525573
900,hydro_reservoir,2030,2,12,12,0.3534391534391534
901,hydro_reservoir,2030,2,13,13,0.3828924162257495
902,hydro_reservoir,2030,2,14,14,0.4123456790123456
903,hydro_reservoir,2030,2,15,15,0.4392667049047331
904,hydro_reservoir,2030,2,16,16,0.4687199676913292
905,hydro_reservoir,2030,2,17,17,0.4981732304779253
906,hydro_reservoir,2030,2,18,18,0.5083701871184345
907,hydro_reservoir,2030,2,19,19,0.4134980812269775
908,hydro_reservoir,2030,2,20,20,0.1962993266256198
909,hydro_reservoir,2030,2,21,21,-0.008401012327911905
910,hydro_reservoir,2030,2,22,22,-0.10728442987762105
911,hydro_reservoir,2030,2,23,23,-0.24764655197072682
912,hydro_reservoir,2030,2,24,24,-0.3436560322062841
913,hydro_reservoir,2030,3,1,1,0.030335097001763667
914,hydro_reservoir,2030,3,2,2,0.060670194003527335
915,hydro_reservoir,2030,3,3,3,0.091005291005291
916,hydro_reservoir,2030,3,4,4,0.12134038800705467
917,hydro_reservoir,2030,3,5,5,0.15167548500881833
918,hydro_reservoir,2030,3,6,6,0.182010582010582
919,hydro_reservoir,2030,3,7,7,0.2123456790123457
920,hydro_reservoir,2030,3,8,8,0.24268077601410937
921,hydro_reservoir,2030,3,9,9,0.27301587301587305
922,hydro_reservoir,2030,3,10,10,0.3033509700176367
923,hydro_reservoir,2030,3,11,11,0.3336860670194004
924,hydro_reservoir,2030,3,12,12,0.3640211640211641
925,hydro_reservoir,2030,3,13,13,0.39435626102292776
926,hydro_reservoir,2030,3,14,14,0.42469135802469143
927,hydro_reservoir,2030,3,15,15,0.4550264550264551
928,hydro_reservoir,2030,3,16,16,0.4853615520282188
929,hydro_reservoir,2030,3,17,17,0.47443746038576623
930,hydro_reservoir,2030,3,18,18,0.42908483417405835
931,hydro_reservoir,2030,3,19,19,0.3352668767851943
932,hydro_reservoir,2030,3,20,20,0.2501274078167031
933,hydro_reservoir,2030,3,21,21,0.1436602611284885
934,hydro_reservoir,2030,3,22,22,0.07459875005853593
935,hydro_reservoir,2030,3,23,23,0.04829098601955162
936,hydro_reservoir,2030,3,24,24,0.059825393311022046
937,hydro_reservoir,2030,4,1,1,0.005162265465112448
938,hydro_reservoir,2030,4,2,2,0.040435634071814386
939,hydro_reservoir,2030,4,3,3,0.07570900267851632
940,hydro_reservoir,2030,4,4,4,0.11098237128521826
941,hydro_reservoir,2030,4,5,5,0.1462557398919202
942,hydro_reservoir,2030,4,6,6,0.18152910849862214
943,hydro_reservoir,2030,4,7,7,0.21680247710532408
944,hydro_reservoir,2030,4,8,8,0.252075845712026
945,hydro_reservoir,2030,4,9,9,0.28734921431872795
946,hydro_reservoir,2030,4,10,10,0.3226225829254299
947,hydro_reservoir,2030,4,11,11,0.35789595153213183
948,hydro_reservoir,2030,4,12,12,0.39316932013883377
949,hydro_reservoir,2030,4,13,13,0.4284426887455357
950,hydro_reservoir,2030,4,14,14,0.46371605735223764
951,hydro_reservoir,2030,4,15,15,0.4989894259589396
952,hydro_reservoir,2030,4,16,16,0.5342627945656415
953,hydro_reservoir,2030,4,17,17,0.5695361631723435
954,hydro_reservoir,2030,4,18,18,0.6048095317790454
955,hydro_reservoir,2030,4,19,19,0.6400829003857473
956,hydro_reservoir,2030,4,20,20,0.6753562689924493
957,hydro_reservoir,2030,4,21,21,0.7106296375991512
958,hydro_reservoir,2030,4,22,22,0.7459030062058531
959,hydro_reservoir,2030,4,23,23,0.7811763748125551
960,hydro_reservoir,2030,4,24,24,0.816449743419257
961,hydro_reservoir,2030,5,1,1,0.08818342151675485
962,hydro_reservoir,2030,5,2,2,0.1763668430335097
963,hydro_reservoir,2030,5,3,3,0.26455026455026454
964,hydro_reservoir,2030,5,4,4,0.3527336860670194
965,hydro_reservoir,2030,5,5,5,0.4409171075837742
966,hydro_reservoir,2030,5,6,6,0.5291005291005291
967,hydro_reservoir,2030,5,7,7,0.6172839506172839
968,hydro_reservoir,2030,5,8,8,0.7054673721340388
969,hydro_reservoir,2030,5,9,9,0.7936507936507936
970,hydro_reservoir,2030,5,10,10,0.8818342151675485
971,hydro_reservoir,2030,5,11,11,0.9460657298356984
972,hydro_reservoir,2030,5,12,12,0.9573154034724459
973,hydro_reservoir,2030,5,13,13,1.0454988249892008
974,hydro_reservoir,2030,5,14,14,1.1336822465059555
975,hydro_reservoir,2030,5,15,15,1.1478452236293042
976,hydro_reservoir,2030,5,16,16,1.095547265704453
977,hydro_reservoir,2030,5,17,17,0.976896952858216
978,hydro_reservoir,2030,5,18,18,0.7984628802349589
979,hydro_reservoir,2030,5,19,19,0.6339358172357927
980,hydro_reservoir,2030,5,20,20,0.4890281556933044
981,hydro_reservoir,2030,5,21,21,0.39095119347221763
982,hydro_reservoir,2030,5,22,22,0.3657349705611007
983,hydro_reservoir,2030,5,23,23,0.41493149448823574
984,hydro_reservoir,2030,5,24,24,0.40610443913929517
985,hydro_reservoir,2030,6,1,1,0.03527336860670194
986,hydro_reservoir,2030,6,2,2,0.07054673721340388
987,hydro_reservoir,2030,6,3,3,0.10582010582010581
988,hydro_reservoir,2030,6,4,4,0.14109347442680775
989,hydro_reservoir,2030,6,5,5,0.1763668430335097
990,hydro_reservoir,2030,6,6,6,0.21164021164021163
991,hydro_reservoir,2030,6,7,7,0.24691358024691357
992,hydro_reservoir,2030,6,8,8,0.2821869488536155
993,hydro_reservoir,2030,6,9,9,0.31746031746031744
994,hydro_reservoir,2030,6,10,10,0.3527336860670194
995,hydro_reservoir,2030,6,11,11,0.3880070546737213
996,hydro_reservoir,2030,6,12,12,0.42328042328042326
997,hydro_reservoir,2030,6,13,13,0.4585537918871252
998,hydro_reservoir,2030,6,14,14,0.49382716049382713
999,hydro_reservoir,2030,6,15,15,0.5291005291005291
1000,hydro_reservoir,2030,6,16,16,0.564373897707231
1001,hydro_reservoir,2030,6,17,17,0.599647266313933
1002,hydro_reservoir,2030,6,18,18,0.6349206349206349
1003,hydro_reservoir,2030,6,19,19,0.6701940035273368
1004,hydro_reservoir,2030,6,20,20,0.7054673721340388
1005,hydro_reservoir,2030,6,21,21,0.7407407407407407
1006,hydro_reservoir,2030,6,22,22,0.7760141093474426
1007,hydro_reservoir,2030,6,23,23,0.8112874779541446
1008,hydro_reservoir,2030,6,24,24,0.8465608465608465
1009,hydro_reservoir,2030,7,1,1,-0.055039518728366835
1010,hydro_reservoir,2030,7,2,2,-0.084761489633419
1011,hydro_reservoir,2030,7,3,3,-0.07452387407081373
1012,hydro_reservoir,2030,7,4,4,-0.048677816549622
1013,hydro_reservoir,2030,7,5,5,0.004144244112385346
1014,hydro_reservoir,2030,7,6,6,0.05934632344658308
1015,hydro_reservoir,2030,7,7,7,0.06002530910100495
1016,hydro_reservoir,2030,7,8,8,0.06836413732343742
1017,hydro_reservoir,2030,7,9,9,-0.04957946479651337
1018,hydro_reservoir,2030,7,10,10,-0.13162277439159423
1019,hydro_reservoir,2030,7,11,11,-0.09827889868600792
1020,hydro_reservoir,2030,7,12,12,-0.025509192416250714
1021,hydro_reservoir,2030,7,13,13,0.0617923948853365
1022,hydro_reservoir,2030,7,14,14,0.14909398218692382
1023,hydro_reservoir,2030,7,15,15,0.23639556948851115
1024,hydro_reservoir,2030,7,16,16,0.3236971567900985
1025,hydro_reservoir,2030,7,17,17,0.4109987440916858
1026,hydro_reservoir,2030,7,18,18,0.4983003313932731
1027,hydro_reservoir,2030,7,19,19,0.5856019186948604
1028,hydro_reservoir,2030,7,20,20,0.6729035059964477
1029,hydro_reservoir,2030,7,21,21,0.7602050932980351
1030,hydro_reservoir,2030,7,22,22,0.8475066805996223
1031,hydro_reservoir,2030,7,23,23,0.9348082679012096
1032,hydro_reservoir,2030,7,24,24,1.022109855202797
1033,hydro_reservoir,2030,8,1,1,0.03015873015873016
1034,hydro_reservoir,2030,8,2,2,0.06031746031746032
1035,hydro_reservoir,2030,8,3,3,0.09047619047619047
1036,hydro_reservoir,2030,8,4,4,0.12063492063492064
1037,hydro_reservoir,2030,8,5,5,0.15079365079365079
1038,hydro_reservoir,2030,8,6,6,0.18095238095238095
1039,hydro_reservoir,2030,8,7,7,0.2111111111111111
1040,hydro_reservoir,2030,8,8,8,0.24126984126984127
1041,hydro_reservoir,2030,8,9,9,0.2714285714285714
1042,hydro_reservoir,2030,8,10,10,0.30158730158730157
1043,hydro_reservoir,2030,8,11,11,0.33174603174603173
1044,hydro_reservoir,2030,8,12,12,0.3619047619047619
1045,hydro_reservoir,2030,8,13,13,0.39206349206349206
1046,hydro_reservoir,2030,8,14,14,0.4222222222222222
1047,hydro_reservoir,2030,8,15,15,0.4523809523809524
1048,hydro_reservoir,2030,8,16,16,0.48253968253968255
1049,hydro_reservoir,2030,8,17,17,0.5126984126984127
1050,hydro_reservoir,2030,8,18,18,0.5428571428571428
1051,hydro_reservoir,2030,8,19,19,0.573015873015873
1052,hydro_reservoir,2030,8,20,20,0.6031746031746031
1053,hydro_reservoir,2030,8,21,21,0.6333333333333333
1054,hydro_reservoir,2030,8,22,22,0.6634920634920635
1055,hydro_reservoir,2030,8,23,23,0.6936507936507936
1056,hydro_reservoir,2030,8,24,24,0.7238095238095238
1057,hydro_reservoir,2030,9,1,1,-0.1017192543922317
1058,hydro_reservoir,2030,9,2,2,-0.18153390995552304
1059,hydro_reservoir,2030,9,3,3,-0.2529216656783183
1060,hydro_reservoir,2030,9,4,4,-0.3209013540167145
1061,hydro_reservoir,2030,9,5,5,-0.39766706607122526
1062,hydro_reservoir,2030,9,6,6,-0.4555082620207651
1063,hydro_reservoir,2030,9,7,7,-0.5108346079619676
1064,hydro_reservoir,2030,9,8,8,-0.7109491634949132
1065,hydro_reservoir,2030,9,9,9,-0.9621205297916771
1066,hydro_reservoir,2030,9,10,10,-1.2012213025928271
1067,hydro_reservoir,2030,9,11,11,-1.3960102976028148
1068,hydro_reservoir,2030,9,12,12,-1.5400354635997004
1069,hydro_reservoir,2030,9,13,13,-1.6571010102420582
1070,hydro_reservoir,2030,9,14,14,-1.7339854853407566
1071,hydro_reservoir,2030,9,15,15,-1.7371963251392593
1072,hydro_reservoir,2030,9,16,16,-1.7109176655272662
1073,hydro_reservoir,2030,9,17,17,-1.6846390059152734
1074,hydro_reservoir,2030,9,18,18,-1.6583603463032803
1075,hydro_reservoir,2030,9,19,19,-1.6320816866912875
1076,hydro_reservoir,2030,9,20,20,-1.6058030270792945
1077,hydro_reservoir,2030,9,21,21,-1.5795243674673016
1078,hydro_reservoir,2030,9,22,22,-1.5532457078553086
1079,hydro_reservoir,2030,9,23,23,-1.5269670482433157
1080,hydro_reservoir,2030,9,24,24,-1.5006883886313227
1081,hydro_reservoir,2030,10,1,1,0.03015873015873016
1082,hydro_reservoir,2030,10,2,2,0.06031746031746032
1083,hydro_reservoir,2030,10,3,3,0.09047619047619047
1084,hydro_reservoir,2030,10,4,4,0.12063492063492064
1085,hydro_reservoir,2030,10,5,5,0.15079365079365079
1086,hydro_reservoir,2030,10,6,6,0.18095238095238095
1087,hydro_reservoir,2030,10,7,7,0.2111111111111111
1088,hydro_reservoir,2030,10,8,8,0.24126984126984127
1089,hydro_reservoir,2030,10,9,9,0.2714285714285714
1090,hydro_reservoir,2030,10,10,10,0.30158730158730157
1091,hydro_reservoir,2030,10,11,11,0.33174603174603173
1092,hydro_reservoir,2030,10,12,12,0.3619047619047619
1093,hydro_reservoir,2030,10,13,13,0.39206349206349206
1094,hydro_reservoir,2030,10,14,14,0.4222222222222222
1095,hydro_reservoir,2030,10,15,15,0.4523809523809524
1096,hydro_reservoir,2030,10,16,16,0.48253968253968255
1097,hydro_reservoir,2030,10,17,17,0.5126984126984127
1098,hydro_reservoir,2030,10,18,18,0.5428571428571428
1099,hydro_reservoir,2030,10,19,19,0.573015873015873
1100,hydro_reservoir,2030,10,20,20,0.6031746031746031
1101,hydro_reservoir,2030,10,21,21,0.6333333333333333
1102,hydro_reservoir,2030,10,22,22,0.6634920634920635
1103,hydro_reservoir,2030,10,23,23,0.6936507936507936
1104,hydro_reservoir,2030,10,24,24,0.7238095238095238
1105,hydro_reservoir,2030,11,1,1,0.0291005291005291
1106,hydro_reservoir,2030,11,2,2,0.0582010582010582
1107,hydro_reservoir,2030,11,3,3,0.0873015873015873
1108,hydro_reservoir,2030,11,4,4,0.1164021164021164
1109,hydro_reservoir,2030,11,5,5,0.1455026455026455
1110,hydro_reservoir,2030,11,6,6,0.1746031746031746
1111,hydro_reservoir,2030,11,7,7,0.2037037037037037
1112,hydro_reservoir,2030,11,8,8,0.2328042328042328
1113,hydro_reservoir,2030,11,9,9,0.26190476190476186
1114,hydro_reservoir,2030,11,10,10,0.29100529100529093
1115,hydro_reservoir,2030,11,11,11,0.32010582010582
1116,hydro_reservoir,2030,11,12,12,0.3492063492063491
1117,hydro_reservoir,2030,11,13,13,0.37830687830687815
1118,hydro_reservoir,2030,11,14,14,0.4074074074074072
1119,hydro_reservoir,2030,11,15,15,0.4365079365079363
1120,hydro_reservoir,2030,11,16,16,0.46560846560846536
1121,hydro_reservoir,2030,11,17,17,0.49470899470899443
1122,hydro_reservoir,2030,11,18,18,0.5238095238095235
1123,hydro_reservoir,2030,11,19,19,0.5529100529100526
1124,hydro_reservoir,2030,11,20,20,0.5820105820105816
1125,hydro_reservoir,2030,11,21,21,0.5384760667696261
1126,hydro_reservoir,2030,11,22,22,0.5245139948731579
1127,hydro_reservoir,2030,11,23,23,0.4604182865217047
1128,hydro_reservoir,2030,11,24,24,0.4540515950804642
1129,hydro_reservoir,2030,12,1,1,0.03527336860670194
1130,hydro_reservoir,2030,12,2,2,0.07054673721340388
1131,hydro_reservoir,2030,12,3,3,0.10582010582010581
1132,hydro_reservoir,2030,12,4,4,0.14109347442680775
1133,hydro_reservoir,2030,12,5,5,0.1763668430335097
1134,hydro_reservoir,2030,12,6,6,0.21164021164021163
1135,hydro_reservoir,2030,12,7,7,0.24691358024691357
1136,hydro_reservoir,2030,12,8,8,0.2821869488536155
1137,hydro_reservoir,2030,12,9,9,0.31746031746031744
1138,hydro_reservoir,2030,12,10,10,0.3527336860670194
1139,hydro_reservoir,2030,12,11,11,0.3880070546737213
1140,hydro_reservoir,2030,12,12,12,0.42328042328042326
1141,hydro_reservoir,2030,12,13,13,0.4585537918871252
1142,hydro_reservoir,2030,12,14,14,0.49382716049382713
1143,hydro_reservoir,2030,12,15,15,0.5291005291005291
1144,hydro_reservoir,2030,12,16,16,0.564373897707231
1145,hydro_reservoir,2030,12,17,17,0.599647266313933
1146,hydro_reservoir,2030,12,18,18,0.6349206349206349
1147,hydro_reservoir,2030,12,19,19,0.6701940035273368
1148,hydro_reservoir,2030,12,20,20,0.7054673721340388
1149,hydro_reservoir,2030,12,21,21,0.7407407407407407
1150,hydro_reservoir,2030,12,22,22,0.7760141093474426
1151,hydro_reservoir,2030,12,23,23,0.8112874779541446
1152,hydro_reservoir,2030,12,24,24,0.8465608465608465
1153,hydro_reservoir,2030,13,1,1,-0.09779846100435509
1154,hydro_reservoir,2030,13,2,2,-0.010496873702767778
1155,hydro_reservoir,2030,13,3,3,0.07680471359881953
1156,hydro_reservoir,2030,13,4,4,0.16410630090040684
1157,hydro_reservoir,2030,13,5,5,0.25140788820199417
1158,hydro_reservoir,2030,13,6,6,0.3387094755035815
1159,hydro_reservoir,2030,13,7,7,0.2874215557924829
1160,hydro_reservoir,2030,13,8,8,0.37472314309407023
1161,hydro_reservoir,2030,13,9,9,0.46202473039565756
1162,hydro_reservoir,2030,13,10,10,0.5493263176972448
1163,hydro_reservoir,2030,13,11,11,0.6366279049988322
1164,hydro_reservoir,2030,13,12,12,0.7239294923004195
1165,hydro_reservoir,2030,13,13,13,0.8112310796020068
1166,hydro_reservoir,2030,13,14,14,0.8985326669035941
1167,hydro_reservoir,2030,13,15,15,0.6508513402810421
1168,hydro_reservoir,2030,13,16,16,0.4228045689369476
1169,hydro_reservoir,2030,13,17,17,0.510106156238535
1170,hydro_reservoir,2030,13,18,18,0.28024524881109525
1171,hydro_reservoir,2030,13,19,19,0.3675468361126825
1172,hydro_reservoir,2030,13,20,20,0.45484842341426984
1173,hydro_reservoir,2030,13,21,21,0.5421500107158572
1174,hydro_reservoir,2030,13,22,22,0.6294515980174444
1175,hydro_reservoir,2030,13,23,23,0.7167531853190318
1176,hydro_reservoir,2030,13,24,24,0.8040547726206191
1177,hydro_reservoir,2030,14,1,1,0.02945326278659612
1178,hydro_reservoir,2030,14,2,2,0.05890652557319224
1179,hydro_reservoir,2030,14,3,3,0.08835978835978836
1180,hydro_reservoir,2030,14,4,4,0.11781305114638448
1181,hydro_reservoir,2030,14,5,5,0.1472663139329806
1182,hydro_reservoir,2030,14,6,6,0.17671957671957672
1183,hydro_reservoir,2030,14,7,7,0.20617283950617285
1184,hydro_reservoir,2030,14,8,8,0.23562610229276898
1185,hydro_reservoir,2030,14,9,9,0.2650793650793651
1186,hydro_reservoir,2030,14,10,10,0.2945326278659612
1187,hydro_reservoir,2030,14,11,11,0.3239858906525573
1188,hydro_reservoir,2030,14,12,12,0.3534391534391534
1189,hydro_reservoir,2030,14,13,13,0.3828924162257495
1190,hydro_reservoir,2030,14,14,14,0.4123456790123456
1191,hydro_reservoir,2030,14,15,15,0.4417989417989417
1192,hydro_reservoir,2030,14,16,16,0.4712522045855378
1193,hydro_reservoir,2030,14,17,17,0.500705467372134
1194,hydro_reservoir,2030,14,18,18,0.53015873015873
1195,hydro_reservoir,2030,14,19,19,0.5442949567829573
1196,hydro_reservoir,2030,14,20,20,0.44704523338431285
1197,hydro_reservoir,2030,14,21,21,0.3530329033959063
1198,hydro_reservoir,2030,14,22,22,0.35410480109959314
1199,hydro_reservoir,2030,14,23,23,0.3114046485065146
1200,hydro_reservoir,2030,14,24,24,0.31217129192778553
1201,hydro_reservoir,2030,15,1,1,-0.06848192678946703
1202,hydro_reservoir,2030,15,2,2,-0.03814682978770337
1203,hydro_reservoir,2030,15,3,3,-0.0078117327859397005
1204,hydro_reservoir,2030,15,4,4,0.022523364215823967
1205,hydro_reservoir,2030,15,5,5,0.05285846121758764
1206,hydro_reservoir,2030,15,6,6,0.0831935582193513
1207,hydro_reservoir,2030,15,7,7,0.05130872359121047
1208,hydro_reservoir,2030,15,8,8,-0.05549997471234955
1209,hydro_reservoir,2030,15,9,9,-0.02516487771058588
1210,hydro_reservoir,2030,15,10,10,0.005170219291177787
1211,hydro_reservoir,2030,15,11,11,0.03550531629294146
1212,hydro_reservoir,2030,15,12,12,0.06584041329470512
1213,hydro_reservoir,2030,15,13,13,0.09617551029646879
1214,hydro_reservoir,2030,15,14,14,0.12651060729823246
1215,hydro_reservoir,2030,15,15,15,0.15684570429999614
1216,hydro_reservoir,2030,15,16,16,0.18718080130175982
1217,hydro_reservoir,2030,15,17,17,0.2175158983035235
1218,hydro_reservoir,2030,15,18,18,0.24446232356488043
1219,hydro_reservoir,2030,15,19,19,0.22795413103442955
1220,hydro_reservoir,2030,15,20,20,-0.7094956895008977
1221,hydro_reservoir,2030,15,21,21,-1.6529247883912173
1222,hydro_reservoir,2030,15,22,22,-1.6483935477734861
1223,hydro_reservoir,2030,15,23,23,-1.6180584507717226
1224,hydro_reservoir,2030,15,24,24,-1.5877233537699589
1225,hydro_reservoir,2030,16,1,1,-0.8056435711144964
1226,hydro_reservoir,2030,16,2,2,-1.5755139697305982
1227,hydro_reservoir,2030,16,3,3,-1.5402406011238963
1228,hydro_reservoir,2030,16,4,4,-1.5049672325171943
1229,hydro_reservoir,2030,16,5,5,-1.4696938639104924
1230,hydro_reservoir,2030,16,6,6,-1.4344204953037905
1231,hydro_reservoir,2030,16,7,7,-1.3991471266970885
1232,hydro_reservoir,2030,16,8,8,-1.6416210589448206
1233,hydro_reservoir,2030,16,9,9,-1.6063476903381186
1234,hydro_reservoir,2030,16,10,10,-1.5710743217314167
1235,hydro_reservoir,2030,16,11,11,-1.5358009531247148
1236,hydro_reservoir,2030,16,12,12,-1.5005275845180128
1237,hydro_reservoir,2030,16,13,13,-1.4652542159113109
1238,hydro_reservoir,2030,16,14,14,-1.429980847304609
1239,hydro_reservoir,2030,16,15,15,-1.394707478697907
1240,hydro_reservoir,2030,16,16,16,-1.359434110091205
1241,hydro_reservoir,2030,16,17,17,-1.3241607414845031
1242,hydro_reservoir,2030,16,18,18,-1.2888873728778012
1243,hydro_reservoir,2030,16,19,19,-1.2536140042710993
1244,hydro_reservoir,2030,16,20,20,-1.2183406356643973
1245,hydro_reservoir,2030,16,21,21,-1.1830672670576954
1246,hydro_reservoir,2030,16,22,22,-1.1477938984509934
1247,hydro_reservoir,2030,16,23,23,-1.1125205298442915
1248,hydro_reservoir,2030,16,24,24,-1.0772471612375896
1249,hydro_reservoir,2030,17,1,1,-0.3018609401886863
1250,hydro_reservoir,2030,17,2,2,-0.2166757550035011
1251,hydro_reservoir,2030,17,3,3,-0.13149056981831592
1252,hydro_reservoir,2030,17,4,4,-0.04630538463313072
1253,hydro_reservoir,2030,17,5,5,0.03887980055205448
1254,hydro_reservoir,2030,17,6,6,0.12406498573723967
1255,hydro_reservoir,2030,17,7,7,0.17940434741375808
1256,hydro_reservoir,2030,17,8,8,0.1930499764731421
1257,hydro_reservoir,2030,17,9,9,0.03522630488067838
1258,hydro_reservoir,2030,17,10,10,-0.8795885099341364
1259,hydro_reservoir,2030,17,11,11,-1.005488675242459
1260,hydro_reservoir,2030,17,12,12,-1.0928959989882632
1261,hydro_reservoir,2030,17,13,13,-1.1079572621167288
1262,hydro_reservoir,2030,17,14,14,-1.0731968177256819
1263,hydro_reservoir,2030,17,15,15,-0.9880116325404965
1264,hydro_reservoir,2030,17,16,16,-0.9028264473553113
1265,hydro_reservoir,2030,17,17,17,-0.817641262170126
1266,hydro_reservoir,2030,17,18,18,-0.7324560769849409
1267,hydro_reservoir,2030,17,19,19,-0.6472708917997557
1268,hydro_reservoir,2030,17,20,20,-0.5620857066145705
1269,hydro_reservoir,2030,17,21,21,-0.4769005214293853
1270,hydro_reservoir,2030,17,22,22,-0.3917153362442001
1271,hydro_reservoir,2030,17,23,23,-0.30653015105901493
1272,hydro_reservoir,2030,17,24,24,-0.2213449658738297
1273,hydro_reservoir,2030,18,1,1,-0.24777224129127906
1274,hydro_reservoir,2030,18,2,2,-0.2176135111325489
1275,hydro_reservoir,2030,18,3,3,-0.18745478097381874
1276,hydro_reservoir,2030,18,4,4,-0.15729605081508857
1277,hydro_reservoir,2030,18,5,5,-0.40954762362026453
1278,hydro_reservoir,2030,18,6,6,-0.37938889346153437
1279,hydro_reservoir,2030,18,7,7,-0.3492301633028042
1280,hydro_reservoir,2030,18,8,8,-0.31907143314407405
1281,hydro_reservoir,2030,18,9,9,-0.2889127029853439
1282,hydro_reservoir,2030,18,10,10,-0.2587539728266137
1283,hydro_reservoir,2030,18,11,11,-0.22859524266788356
1284,hydro_reservoir,2030,18,12,12,-0.1984365125091534
1285,hydro_reservoir,2030,18,13,13,-0.16827778235042323
1286,hydro_reservoir,2030,18,14,14,-0.42111525792488363
1287,hydro_reservoir,2030,18,15,15,-0.39095652776615347
1288,hydro_reservoir,2030,18,16,16,-0.36079779760742337
1289,hydro_reservoir,2030,18,17,17,-0.3306390674486932
1290,hydro_reservoir,2030,18,18,18,-0.30048033728996304
1291,hydro_reservoir,2030,18,19,19,-0.2703216071312329
1292,hydro_reservoir,2030,18,20,20,-0.24016287697250271
1293,hydro_reservoir,2030,18,21,21,-0.21000414681377255
1294,hydro_reservoir,2030,18,22,22,-0.1798454166550424
1295,hydro_reservoir,2030,18,23,23,-0.14968668649631223
1296,hydro_reservoir,2030,18,24,24,-0.11952795633758206
1297,hydro_reservoir,2030,19,1,1,-0.15650682179607256
1298,hydro_reservoir,2030,19,2,2,-0.06832340027931771
1299,hydro_reservoir,2030,19,3,3,-0.2461787494419127
1300,hydro_reservoir,2030,19,4,4,-0.15799532792515786
1301,hydro_reservoir,2030,19,5,5,-0.06981190640840301
1302,hydro_reservoir,2030,19,6,6,0.018371515108351832
1303,hydro_reservoir,2030,19,7,7,0.10655493662510668
1304,hydro_reservoir,2030,19,8,8,0.19473835814186152
1305,hydro_reservoir,2030,19,9,9,0.28292177965861637
1306,hydro_reservoir,2030,19,10,10,0.3711052011753712
1307,hydro_reservoir,2030,19,11,11,0.45928862269212606
1308,hydro_reservoir,2030,19,12,12,0.547472044208881
1309,hydro_reservoir,2030,19,13,13,0.6356554657256358
1310,hydro_reservoir,2030,19,14,14,0.7238388872423906
1311,hydro_reservoir,2030,19,15,15,0.8120223087591455
1312,hydro_reservoir,2030,19,16,16,0.8675097477793409
1313,hydro_reservoir,2030,19,17,17,0.8599965960896985
1314,hydro_reservoir,2030,19,18,18,-0.05181998239354668
1315,hydro_reservoir,2030,19,19,19,-0.10243561839882082
1316,hydro_reservoir,2030,19,20,20,-0.1254084338819762
1317,hydro_reservoir,2030,19,21,21,-0.10120265804079709
1318,hydro_reservoir,2030,19,22,22,-0.013019236524042244
1319,hydro_reservoir,2030,19,23,23,0.0751641849927126
1320,hydro_reservoir,2030,19,24,24,0.16334760650946745
1321,hydro_reservoir,2030,20,1,1,-0.5442127172870694
1322,hydro_reservoir,2030,20,2,2,-1.1088075315822885
1323,hydro_reservoir,2030,20,3,3,-1.0740632635046872
1324,hydro_reservoir,2030,20,4,4,-1.0393189954270858
1325,hydro_reservoir,2030,20,5,5,-1.0045747273494845
1326,hydro_reservoir,2030,20,6,6,-0.969830459271883
1327,hydro_reservoir,2030,20,7,7,-0.9350861911942816
1328,hydro_reservoir,2030,20,8,8,-0.9003419231166802
1329,hydro_reservoir,2030,20,9,9,-0.8655976550390787
1330,hydro_reservoir,2030,20,10,10,-0.8308533869614773
1331,hydro_reservoir,2030,20,11,11,-0.7961091188838758
1332,hydro_reservoir,2030,20,12,12,-0.7613648508062744
1333,hydro_reservoir,2030,20,13,13,-0.7266205827286729
1334,hydro_reservoir,2030,20,14,14,-0.6918763146510715
1335,hydro_reservoir,2030,20,15,15,-0.65713204657347
1336,hydro_reservoir,2030,20,16,16,-0.6223877784958686
1337,hydro_reservoir,2030,20,17,17,-0.5876435104182671
1338,hydro_reservoir,2030,20,18,18,-0.5528992423406657
1339,hydro_reservoir,2030,20,19,19,-0.5181549742630642
1340,hydro_reservoir,2030,20,20,20,-0.48341070618546284
1341,hydro_reservoir,2030,20,21,21,-0.44866643810786144
1342,hydro_reservoir,2030,20,22,22,-0.41392217003026005
1343,hydro_reservoir,2030,20,23,23,-0.37917790195265866
1344,hydro_reservoir,2030,20,24,24,-0.8149833891347075
1345,hydro_reservoir,2030,21,1,1,-0.713822923271629
1346,hydro_reservoir,2030,21,2,2,-0.6847223941710999
1347,hydro_reservoir,2030,21,3,3,-0.6556218650705709
1348,hydro_reservoir,2030,21,4,4,-0.6265213359700418
1349,hydro_reservoir,2030,21,5,5,-0.5974208068695127
1350,hydro_reservoir,2030,21,6,6,-0.5683202777689836
1351,hydro_reservoir,2030,21,7,7,-0.5392197486684546
1352,hydro_reservoir,2030,21,8,8,-0.5101192195679255
1353,hydro_reservoir,2030,21,9,9,-0.4810186904673964
1354,hydro_reservoir,2030,21,10,10,-0.45191816136686735
1355,hydro_reservoir,2030,21,11,11,-0.4228176322663383
1356,hydro_reservoir,2030,21,12,12,-0.3937171031658092
1357,hydro_reservoir,2030,21,13,13,-0.36461657406528014
1358,hydro_reservoir,2030,21,14,14,-0.33551604496475107
1359,hydro_reservoir,2030,21,15,15,-0.306415515864222
1360,hydro_reservoir,2030,21,16,16,-0.27731498676369293
1361,hydro_reservoir,2030,21,17,17,-0.24821445766316383
1362,hydro_reservoir,2030,21,18,18,-0.21911392856263473
1363,hydro_reservoir,2030,21,19,19,-0.19001339946210563
1364,hydro_reservoir,2030,21,20,20,-0.16091287036157653
1365,hydro_reservoir,2030,21,21,21,-0.13181234126104743
1366,hydro_reservoir,2030,21,22,22,-0.10271181216051833
1367,hydro_reservoir,2030,21,23,23,-0.07361128305998924
1368,hydro_reservoir,2030,21,24,24,-0.04451075395946014
1369,hydro_reservoir,2030,22,1,1,-0.1176478121555159
1370,hydro_reservoir,2030,22,2,2,-0.08237444354881396
1371,hydro_reservoir,2030,22,3,3,-0.04710107494211202
1372,hydro_reservoir,2030,22,4,4,-0.011827706335410082
1373,hydro_reservoir,2030,22,5,5,0.023445662271291856
1374,hydro_reservoir,2030,22,6,6,0.058719030877993794
1375,hydro_reservoir,2030,22,7,7,0.09399239948469573
1376,hydro_reservoir,2030,22,8,8,0.12926576809139767
1377,hydro_reservoir,2030,22,9,9,0.1645391366980996
1378,hydro_reservoir,2030,22,10,10,0.19981250530480155
1379,hydro_reservoir,2030,22,11,11,0.23508587391150348
1380,hydro_reservoir,2030,22,12,12,0.2703592425182054
1381,hydro_reservoir,2030,22,13,13,0.30563261112490736
1382,hydro_reservoir,2030,22,14,14,0.3409059797316093
1383,hydro_reservoir,2030,22,15,15,0.37617934833831124
1384,hydro_reservoir,2030,22,16,16,0.4114527169450132
1385,hydro_reservoir,2030,22,17,17,0.4467260855517151
1386,hydro_reservoir,2030,22,18,18,0.48199945415841705
1387,hydro_reservoir,2030,22,19,19,0.517272822765119
1388,hydro_reservoir,2030,22,20,20,0.5525461913718209
1389,hydro_reservoir,2030,22,21,21,0.5878195599785229
1390,hydro_reservoir,2030,22,22,22,0.6230929285852248
1391,hydro_reservoir,2030,22,23,23,0.6583662971919267
1392,hydro_reservoir,2030,22,24,24,0.6936396657986287
1393,hydro_reservoir,2030,23,1,1,-0.48719370365322284
1394,hydro_reservoir,2030,23,2,2,-0.48019384809803844
1395,hydro_reservoir,2030,23,3,3,-0.45431431991539173
1396,hydro_reservoir,2030,23,4,4,-0.4280356603033988
1397,hydro_reservoir,2030,23,5,5,-0.40175700069140585
1398,hydro_reservoir,2030,23,6,6,-0.3754783410794129
1399,hydro_reservoir,2030,23,7,7,-0.34919968146742
1400,hydro_reservoir,2030,23,8,8,-0.32292102185542704
1401,hydro_reservoir,2030,23,9,9,-0.2966423622434341
1402,hydro_reservoir,2030,23,10,10,-0.27036370263144116
1403,hydro_reservoir,2030,23,11,11,-0.24408504301944822
1404,hydro_reservoir,2030,23,12,12,-0.21780638340745528
1405,hydro_reservoir,2030,23,13,13,-0.19152772379546235
1406,hydro_reservoir,2030,23,14,14,-0.1652490641834694
1407,hydro_reservoir,2030,23,15,15,-0.13897040457147647
1408,hydro_reservoir,2030,23,16,16,-0.11269174495948353
1409,hydro_reservoir,2030,23,17,17,-0.08641308534749058
1410,hydro_reservoir,2030,23,18,18,-0.06013442573549763
1411,hydro_reservoir,2030,23,19,19,-0.03385576612350469
1412,hydro_reservoir,2030,23,20,20,-0.007577106511511743
1413,hydro_reservoir,2030,23,21,21,0.018701553100481202
1414,hydro_reservoir,2030,23,22,22,0.04498021271247415
1415,hydro_reservoir,2030,23,23,23,0.07125887232446709
1416,hydro_reservoir,2030,23,24,24,0.09753753193646003
1417,hydro_reservoir,2030,24,1,1,-0.2113456727114697
1418,hydro_reservoir,2030,24,2,2,-0.346802030263153
1419,hydro_reservoir,2030,24,3,3,-0.3148796316740877
1420,hydro_reservoir,2030,24,4,4,-0.28295723308502246
1421,hydro_reservoir,2030,24,5,5,-0.2510348344959572
1422,hydro_reservoir,2030,24,6,6,-0.21911243590689194
1423,hydro_reservoir,2030,24,7,7,-0.18719003731782669
1424,hydro_reservoir,2030,24,8,8,-0.15526763872876143
1425,hydro_reservoir,2030,24,9,9,-0.12334524013969617
1426,hydro_reservoir,2030,24,10,10,-0.0914228415506309
1427,hydro_reservoir,2030,24,11,11,-0.41320152803082183
1428,hydro_reservoir,2030,24,12,12,-0.38127912944175657
1429,hydro_reservoir,2030,24,13,13,-0.3493567308526913
1430,hydro_reservoir,2030,24,14,14,-0.31743433226362605
1431,hydro_reservoir,2030,24,15,15,-0.2855119336745608
1432,hydro_reservoir,2030,24,16,16,-0.25358953508549553
1433,hydro_reservoir,2030,24,17,17,-0.22166713649643027
1434,hydro_reservoir,2030,24,18,18,-0.189744737907365
1435,hydro_reservoir,2030,24,19,19,-0.21162497892524615
1436,hydro_reservoir,2030,24,20,20,-1.179702580336181
1437,hydro_reservoir,2030,24,21,21,-1.2455352287492245
1438,hydro_reservoir,2030,24,22,22,-1.2823966583701663
1439,hydro_reservoir,2030,24,23,23,-1.2921177532543606
1440,hydro_reservoir,2030,24,24,24,-1.2749448358060569
1441,hydro_reservoir,2030,25,1,1,-0.07842726919986509
1442,hydro_reservoir,2030,25,2,2,0.012048921276325397
1443,hydro_reservoir,2030,25,3,3,0.10252511175251589
1444,hydro_reservoir,2030,25,4,4,0.19300130222870637
1445,hydro_reservoir,2030,25,5,5,0.28347749270489686
1446,hydro_reservoir,2030,25,6,6,0.37395368318108735
1447,hydro_reservoir,2030,25,7,7,0.46442987365727784
1448,hydro_reservoir,2030,25,8,8,0.5549060641334683
1449,hydro_reservoir,2030,25,9,9,0.6453822546096588
1450,hydro_reservoir,2030,25,10,10,0.6528337035883721
1451,hydro_reservoir,2030,25,11,11,0.7433098940645626
1452,hydro_reservoir,2030,25,12,12,0.8337860845407531
1453,hydro_reservoir,2030,25,13,13,0.9242622750169436
1454,hydro_reservoir,2030,25,14,14,1.0147384654931342
1455,hydro_reservoir,2030,25,15,15,1.1052146559693248
1456,hydro_reservoir,2030,25,16,16,1.1956908464455154
1457,hydro_reservoir,2030,25,17,17,1.286167036921706
1458,hydro_reservoir,2030,25,18,18,1.3766432273978966
1459,hydro_reservoir,2030,25,19,19,1.4671194178740872
1460,hydro_reservoir,2030,25,20,20,1.4686171933363348
1461,hydro_reservoir,2030,25,21,21,1.5590933838125252
1462,hydro_reservoir,2030,25,22,22,1.6495695742887158
1463,hydro_reservoir,2030,25,23,23,1.7400457647649064
1464,hydro_reservoir,2030,25,24,24,1.8305219552410967
1465,hydro_reservoir,2030,26,1,1,-0.4747884830752551
1466,hydro_reservoir,2030,26,2,2,-0.44992075820753025
1467,hydro_reservoir,2030,26,3,3,-0.4250530333398054
1468,hydro_reservoir,2030,26,4,4,-0.4001853084720805
1469,hydro_reservoir,2030,26,5,5,-0.37531758360435563
1470,hydro_reservoir,2030,26,6,6,-0.35044985873663076
1471,hydro_reservoir,2030,26,7,7,-0.3255821338689059
1472,hydro_reservoir,2030,26,8,8,-0.300714409001181
1473,hydro_reservoir,2030,26,9,9,-0.27584668413345614
1474,hydro_reservoir,2030,26,10,10,-0.25097895926573127
1475,hydro_reservoir,2030,26,11,11,-0.22611123439800643
1476,hydro_reservoir,2030,26,12,12,-0.20124350953028156
1477,hydro_reservoir,2030,26,13,13,-0.17637578466255668
1478,hydro_reservoir,2030,26,14,14,-0.1515080597948318
1479,hydro_reservoir,2030,26,15,15,-0.12664033492710694
1480,hydro_reservoir,2030,26,16,16,-0.10177261005938207
1481,hydro_reservoir,2030,26,17,17,-0.0769048851916572
1482,hydro_reservoir,2030,26,18,18,-0.052037160323932324
1483,hydro_reservoir,2030,26,19,19,-0.027169435456207456
1484,hydro_reservoir,2030,26,20,20,-0.0023017105884825875
1485,hydro_reservoir,2030,26,21,21,0.02256601427924228
1486,hydro_reservoir,2030,26,22,22,0.04743373914696715
1487,hydro_reservoir,2030,26,23,23,0.07230146401469202
1488,hydro_reservoir,2030,26,24,24,0.0971691888824169
1489,hydro_reservoir,2030,27,1,1,0.08994708994708994
1490,hydro_reservoir,2030,27,2,2,0.17989417989417988
1491,hydro_reservoir,2030,27,3,3,0.2698412698412698
1492,hydro_reservoir,2030,27,4,4,0.35978835978835977
1493,hydro_reservoir,2030,27,5,5,0.4497354497354497
1494,hydro_reservoir,2030,27,6,6,0.09544590282438598
1495,hydro_reservoir,2030,27,7,7,-0.3660706558007361
1496,hydro_reservoir,2030,27,8,8,-0.27612356585364617
1497,hydro_reservoir,2030,27,9,9,-0.18617647590655623
1498,hydro_reservoir,2030,27,10,10,-0.8039871750779171
1499,hydro_reservoir,2030,27,11,11,-0.7140400851308271
1500,hydro_reservoir,2030,27,12,12,-0.6240929951837371
1501,hydro_reservoir,2030,27,13,13,-0.5341459052366471
1502,hydro_reservoir,2030,27,14,14,-0.4441988152895571
1503,hydro_reservoir,2030,27,15,15,-0.3542517253424672
1504,hydro_reservoir,2030,27,16,16,-0.26430463539537724
1505,hydro_reservoir,2030,27,17,17,-0.1743575454482873
1506,hydro_reservoir,2030,27,18,18,-0.9739361193867443
1507,hydro_reservoir,2030,27,19,19,-1.814908496032414
1508,hydro_reservoir,2030,27,20,20,-1.7360690151389828
1509,hydro_reservoir,2030,27,21,21,-1.6461219251918928
1510,hydro_reservoir,2030,27,22,22,-1.556174835244803
1511,hydro_reservoir,2030,27,23,23,-1.466227745297713
1512,hydro_reservoir,2030,27,24,24,-1.376280655350623
1513,hydro_reservoir,2030,28,1,1,-0.6588395492221645
1514,hydro_reservoir,2030,28,2,2,-0.6302681206507359
1515,hydro_reservoir,2030,28,3,3,-0.6016966920793073
1516,hydro_reservoir,2030,28,4,4,-0.5731252635078787
1517,hydro_reservoir,2030,28,5,5,-0.5445538349364502
1518,hydro_reservoir,2030,28,6,6,-0.5159824063650216
1519,hydro_reservoir,2030,28,7,7,-0.4874109777935931
1520,hydro_reservoir,2030,28,8,8,-0.4588395492221645
1521,hydro_reservoir,2030,28,9,9,-0.43026812065073594
1522,hydro_reservoir,2030,28,10,10,-0.40169669207930736
1523,hydro_reservoir,2030,28,11,11,-0.3731252635078788
1524,hydro_reservoir,2030,28,12,12,-0.3445538349364502
1525,hydro_reservoir,2030,28,13,13,-0.3159824063650216
1526,hydro_reservoir,2030,28,14,14,-0.28741097779359304
1527,hydro_reservoir,2030,28,15,15,-0.25883954922216446
1528,hydro_reservoir,2030,28,16,16,-0.23026812065073585
1529,hydro_reservoir,2030,28,17,17,-0.20169669207930727
1530,hydro_reservoir,2030,28,18,18,-0.17312526350787869
1531,hydro_reservoir,2030,28,19,19,-0.1445538349364501
1532,hydro_reservoir,2030,28,20,20,-0.11598240636502155
1533,hydro_reservoir,2030,28,21,21,-0.08741097779359298
1534,hydro_reservoir,2030,28,22,22,-0.0588395492221644
1535,hydro_reservoir,2030,28,23,23,-0.030268120650735836
1536,hydro_reservoir,2030,28,24,24,-0.0016966920793072635
1537,hydro_reservoir,2030,29,1,1,0.08994708994708994
1538,hydro_reservoir,2030,29,2,2,0.17989417989417988
1539,hydro_reservoir,2030,29,3,3,0.2698412698412698
1540,hydro_reservoir,2030,29,4,4,0.35978835978835977
1541,hydro_reservoir,2030,29,5,5,0.4497354497354497
1542,hydro_reservoir,2030,29,6,6,0.5396825396825397
1543,hydro_reservoir,2030,29,7,7,0.6296296296296295
1544,hydro_reservoir,2030,29,8,8,-0.10548643182135664
1545,hydro_reservoir,2030,29,9,9,-0.931797402326144
1546,hydro_reservoir,2030,29,10,10,-1.7026916357059214
1547,hydro_reservoir,2030,29,11,11,-1.6127445457588314
1548,hydro_reservoir,2030,29,12,12,-1.5227974558117414
1549,hydro_reservoir,2030,29,13,13,-1.8942048300238299
1550,hydro_reservoir,2030,29,14,14,-2.199946371266642
1551,hydro_reservoir,2030,29,15,15,-2.109999281319552
1552,hydro_reservoir,2030,29,16,16,-2.020052191372462
1553,hydro_reservoir,2030,29,17,17,-1.930105101425372
1554,hydro_reservoir,2030,29,18,18,-1.840158011478282
1555,hydro_reservoir,2030,29,19,19,-1.7502109215311923
1556,hydro_reservoir,2030,29,20,20,-1.6602638315841023
1557,hydro_reservoir,2030,29,21,21,-1.5703167416370123
1558,hydro_reservoir,2030,29,22,22,-1.4803696516899225
1559,hydro_reservoir,2030,29,23,23,-1.3904225617428325
1560,hydro_reservoir,2030,29,24,24,-1.3004754717957425
1561,hydro_reservoir,2030,30,1,1,-0.08804625599328897
1562,hydro_reservoir,2030,30,2,2,-0.05718205846242477
1563,hydro_reservoir,2030,30,3,3,-0.026317860931560577
1564,hydro_reservoir,2030,30,4,4,0.004546336599303619
1565,hydro_reservoir,2030,30,5,5,0.035410534130167814
1566,hydro_reservoir,2030,30,6,6,0.06627473166103201
1567,hydro_reservoir,2030,30,7,7,0.0971389291918962
1568,hydro_reservoir,2030,30,8,8,0.1280031267227604
1569,hydro_reservoir,2030,30,9,9,0.1588673242536246
1570,hydro_reservoir,2030,30,10,10,0.1897315217844888
1571,hydro_reservoir,2030,30,11,11,0.220595719315353
1572,hydro_reservoir,2030,30,12,12,0.25145991684621716
1573,hydro_reservoir,2030,30,13,13,0.2823241143770814
1574,hydro_reservoir,2030,30,14,14,0.3131883119079456
1575,hydro_reservoir,2030,30,15,15,0.2606252948666036
1576,hydro_reservoir,2030,30,16,16,0.2914894923974678
1577,hydro_reservoir,2030,30,17,17,0.322353689928332
1578,hydro_reservoir,2030,30,18,18,0.3532178874591962
1579,hydro_reservoir,2030,30,19,19,0.38408208499006036
1580,hydro_reservoir,2030,30,20,20,0.4149462825209246
1581,hydro_reservoir,2030,30,21,21,0.4458104800517888
1582,hydro_reservoir,2030,30,22,22,0.476674677582653
1583,hydro_reservoir,2030,30,23,23,0.5075388751135171
1584,hydro_reservoir,2030,30,24,24,0.5384030726443814
1585,hydro_reservoir,2030,31,1,1,0.07707231040564375
1586,hydro_reservoir,2030,31,2,2,-0.6597930726984846
1587,hydro_reservoir,2030,31,3,3,-1.3833588983670617
1588,hydro_reservoir,2030,31,4,4,-1.306286587961418
1589,hydro_reservoir,2030,31,5,5,-1.2292142775557744
1590,hydro_reservoir,2030,31,6,6,-1.1521419671501307
1591,hydro_reservoir,2030,31,7,7,-1.075069656744487
1592,hydro_reservoir,2030,31,8,8,-1.6932469707582904
1593,hydro_reservoir,2030,31,9,9,-2.2666802692448718
1594,hydro_reservoir,2030,31,10,10,-2.189607958839228
1595,hydro_reservoir,2030,31,11,11,-2.1125356484335844
1596,hydro_reservoir,2030,31,12,12,-2.0354633380279408
1597,hydro_reservoir,2030,31,13,13,-2.484136838525422
1598,hydro_reservoir,2030,31,14,14,-2.4070645281197782
1599,hydro_reservoir,2030,31,15,15,-2.6958366311471473
1600,hydro_reservoir,2030,31,16,16,-2.6187643207415037
1601,hydro_reservoir,2030,31,17,17,-2.822907424365356
1602,hydro_reservoir,2030,31,18,18,-2.7458351139597124
1603,hydro_reservoir,2030,31,19,19,-2.6687628035540687
1604,hydro_reservoir,2030,31,20,20,-2.591690493148425
1605,hydro_reservoir,2030,31,21,21,-2.5146181827427814
1606,hydro_reservoir,2030,31,22,22,-2.4375458723371373
1607,hydro_reservoir,2030,31,23,23,-2.3604735619314936
1608,hydro_reservoir,2030,31,24,24,-2.28340125152585
1609,hydro_reservoir,2030,32,1,1,-0.12325995227626349
1610,hydro_reservoir,2030,32,2,2,-0.07652273887238342
1611,hydro_reservoir,2030,32,3,3,-0.16456077421677462
1612,hydro_reservoir,2030,32,4,4,-0.11782356081289458
1613,hydro_reservoir,2030,32,5,5,-0.07108634740901454
1614,hydro_reservoir,2030,32,6,6,-0.0243491340051345
1615,hydro_reservoir,2030,32,7,7,0.022388079398745542
1616,hydro_reservoir,2030,32,8,8,0.06912529280262558
1617,hydro_reservoir,2030,32,9,9,0.11586250620650562
1618,hydro_reservoir,2030,32,10,10,0.16259971961038566
1619,hydro_reservoir,2030,32,11,11,0.2093369330142657
1620,hydro_reservoir,2030,32,12,12,0.25607414641814574
1621,hydro_reservoir,2030,32,13,13,0.3028113598220258
1622,hydro_reservoir,2030,32,14,14,0.3495485732259058
1623,hydro_reservoir,2030,32,15,15,0.39628578662978586
1624,hydro_reservoir,2030,32,16,16,0.4430230000336659
1625,hydro_reservoir,2030,32,17,17,0.48976021343754594
1626,hydro_reservoir,2030,32,18,18,0.536497426841426
1627,hydro_reservoir,2030,32,19,19,0.5832346402453061
1628,hydro_reservoir,2030,32,20,20,0.6299718536491862
1629,hydro_reservoir,2030,32,21,21,0.6767090670530662
1630,hydro_reservoir,2030,32,22,22,0.7234462804569464
1631,hydro_reservoir,2030,32,23,23,0.7701834938608264
1632,hydro_reservoir,2030,32,24,24,0.8169207072647064
1633,hydro_reservoir,2030,33,1,1,0.06702090630068291
1634,hydro_reservoir,2030,33,2,2,0.1574970967768734
1635,hydro_reservoir,2030,33,3,3,0.2182703711939452
1636,hydro_reservoir,2030,33,4,4,0.24582269940511992
1637,hydro_reservoir,2030,33,5,5,0.3362988898813104
1638,hydro_reservoir,2030,33,6,6,0.29801622640587244
1639,hydro_reservoir,2030,33,7,7,0.38849241688206293
1640,hydro_reservoir,2030,33,8,8,0.2888694099126285
1641,hydro_reservoir,2030,33,9,9,0.379345600388819
1642,hydro_reservoir,2030,33,10,10,0.46982179086500947
1643,hydro_reservoir,2030,33,11,11,0.5602979813411999
1644,hydro_reservoir,2030,33,12,12,0.6507741718173904
1645,hydro_reservoir,2030,33,13,13,0.48285382078886985
1646,hydro_reservoir,2030,33,14,14,0.5733300112650603
1647,hydro_reservoir,2030,33,15,15,0.6638062017412508
1648,hydro_reservoir,2030,33,16,16,0.7542823922174413
1649,hydro_reservoir,2030,33,17,17,0.8447585826936318
1650,hydro_reservoir,2030,33,18,18,0.9352347731698223
1651,hydro_reservoir,2030,33,19,19,1.0257109636460129
1652,hydro_reservoir,2030,33,20,20,0.2772758868059341
1653,hydro_reservoir,2030,33,21,21,0.3677520772821246
1654,hydro_reservoir,2030,33,22,22,0.4582282677583151
1655,hydro_reservoir,2030,33,23,23,0.5487044582345055
1656,hydro_reservoir,2030,33,24,24,-0.16673298838005635
1657,hydro_reservoir,2030,34,1,1,-0.4563434945155138
1658,hydro_reservoir,2030,34,2,2,-0.3674546056266249
1659,hydro_reservoir,2030,34,3,3,-0.278565716737736
1660,hydro_reservoir,2030,34,4,4,-0.1896768278488471
1661,hydro_reservoir,2030,34,5,5,-0.1007879389599582
1662,hydro_reservoir,2030,34,6,6,-0.011899050071069311
1663,hydro_reservoir,2030,34,7,7,0.07698983881781958
1664,hydro_reservoir,2030,34,8,8,-0.40143353285410094
1665,hydro_reservoir,2030,34,9,9,-0.31254464396521203
1666,hydro_reservoir,2030,34,10,10,-0.22365575507632313
1667,hydro_reservoir,2030,34,11,11,-0.7648585415110319
1668,hydro_reservoir,2030,34,12,12,-0.6759696526221431
1669,hydro_reservoir,2030,34,13,13,-0.5870807637332544
1670,hydro_reservoir,2030,34,14,14,-0.49819187484436545
1671,hydro_reservoir,2030,34,15,15,-0.40930298595547654
1672,hydro_reservoir,2030,34,16,16,-0.32041409706658763
1673,hydro_reservoir,2030,34,17,17,-0.23152520817769873
1674,hydro_reservoir,2030,34,18,18,-0.14263631928880982
1675,hydro_reservoir,2030,34,19,19,-0.05374743039992097
1676,hydro_reservoir,2030,34,20,20,0.035141458488967936
1677,hydro_reservoir,2030,34,21,21,0.12403034737785684
1678,hydro_reservoir,2030,34,22,22,0.21291923626674572
1679,hydro_reservoir,2030,34,23,23,0.3018081251556346
1680,hydro_reservoir,2030,34,24,24,0.3906970140445235
1681,hydro_reservoir,2030,35,1,1,-0.7386553071856528
1682,hydro_reservoir,2030,35,2,2,-1.442520122602076
1683,hydro_reservoir,2030,35,3,3,-1.4135959603445805
1684,hydro_reservoir,2030,35,4,4,-1.3846717980870848
1685,hydro_reservoir,2030,35,5,5,-1.3557476358295892
1686,hydro_reservoir,2030,35,6,6,-1.3268234735720936
1687,hydro_reservoir,2030,35,7,7,-1.9746296258496945
1688,hydro_reservoir,2030,35,8,8,-1.9457054635921989
1689,hydro_reservoir,2030,35,9,9,-1.9167813013347033
1690,hydro_reservoir,2030,35,10,10,-1.8878571390772076
1691,hydro_reservoir,2030,35,11,11,-1.858932976819712
1692,hydro_reservoir,2030,35,12,12,-1.8300088145622164
1693,hydro_reservoir,2030,35,13,13,-1.8010846523047208
1694,hydro_reservoir,2030,35,14,14,-1.7721604900472252
1695,hydro_reservoir,2030,35,15,15,-1.7432363277897296
1696,hydro_reservoir,2030,35,16,16,-1.714312165532234
1697,hydro_reservoir,2030,35,17,17,-1.6853880032747384
1698,hydro_reservoir,2030,35,18,18,-1.6564638410172428
1699,hydro_reservoir,2030,35,19,19,-1.6275396787597471
1700,hydro_reservoir,2030,35,20,20,-1.5986155165022518
1701,hydro_reservoir,2030,35,21,21,-1.5696913542447561
1702,hydro_reservoir,2030,35,22,22,-1.5407671919872605
1703,hydro_reservoir,2030,35,23,23,-1.511843029729765
1704,hydro_reservoir,2030,35,24,24,-1.4829188674722693
1705,hydro_reservoir,2030,36,1,1,-0.36692567727629455
1706,hydro_reservoir,2030,36,2,2,-0.27803678838740564
1707,hydro_reservoir,2030,36,3,3,-0.18914789949851674
1708,hydro_reservoir,2030,36,4,4,-0.10025901060962784
1709,hydro_reservoir,2030,36,5,5,-0.011370121720738952
1710,hydro_reservoir,2030,36,6,6,0.07751876716814994
1711,hydro_reservoir,2030,36,7,7,0.16640765605703883
1712,hydro_reservoir,2030,36,8,8,0.25529654494592774
1713,hydro_reservoir,2030,36,9,9,0.34418543383481665
1714,hydro_reservoir,2030,36,10,10,0.43307432272370555
1715,hydro_reservoir,2030,36,11,11,0.5219632116125944
1716,hydro_reservoir,2030,36,12,12,0.6108521005014833
1717,hydro_reservoir,2030,36,13,13,0.6997409893903722
1718,hydro_reservoir,2030,36,14,14,0.7886298782792611
1719,hydro_reservoir,2030,36,15,15,0.87751876716815
1720,hydro_reservoir,2030,36,16,16,0.9664076560570389
1721,hydro_reservoir,2030,36,17,17,0.12400043853647491
1722,hydro_reservoir,2030,36,18,18,0.1379021202951149
1723,hydro_reservoir,2030,36,19,19,-0.7732089908159963
1724,hydro_reservoir,2030,36,20,20,-0.7617004338975001
1725,hydro_reservoir,2030,36,21,21,-0.7349382360480816
1726,hydro_reservoir,2030,36,22,22,-0.6795636317876761
1727,hydro_reservoir,2030,36,23,23,-0.5979251073300135
1728,hydro_reservoir,2030,36,24,24,-0.5090362184411246
