id,asset,milestone_year,rep_period,time_block_start,time_block_end,solution,dual_accumulated_storage_intra_period
1,h2_storage,2030,1,1,1,,-1.1869431388039158
2,h2_storage,2030,1,2,2,,-1.1869431388039158
3,h2_storage,2030,1,3,3,,-1.1869431388039158
4,h2_storage,2030,1,4,4,,-1.1869431388039158
5,h2_storage,2030,1,5,5,,-1.1869431388039158
6,h2_storage,2030,1,6,6,,-1.1869431388039158
7,h2_storage,2030,1,7,7,,-1.1869431388039158
8,h2_storage,2030,1,8,8,,-1.1869431388039158
9,h2_storage,2030,1,9,9,,-1.1869431388039158
10,h2_storage,2030,1,10,10,,-1.1869431388039158
11,h2_storage,2030,1,11,11,,-1.1869431388039158
12,h2_storage,2030,1,12,12,,-1.1869431388039158
13,h2_storage,2030,1,13,13,,-1.1869431388039158
14,h2_storage,2030,1,14,14,,-1.1869431388039158
15,h2_storage,2030,1,15,15,,-1.1869431388039158
16,h2_storage,2030,1,16,16,,-1.1869431388039158
17,h2_storage,2030,1,17,17,,-1.1869431388039158
18,h2_storage,2030,1,18,18,,-1.1869431388039158
19,h2_storage,2030,1,19,19,,-1.1869431388039158
20,h2_storage,2030,1,20,20,,-1.1869431388039158
21,h2_storage,2030,1,21,21,,-1.1869431388039158
22,h2_storage,2030,1,22,22,,-1.1869431388039158
23,h2_storage,2030,1,23,23,,-1.1869431388039158
24,h2_storage,2030,1,24,24,,-1.1869431388039158
25,h2_storage,2030,2,1,1,,-3.4971868995971023
26,h2_storage,2030,2,2,2,,-3.4971868995971023
27,h2_storage,2030,2,3,3,,-3.4971868995971023
28,h2_storage,2030,2,4,4,,-3.4971868995971023
29,h2_storage,2030,2,5,5,,-3.4971868995971023
30,h2_storage,2030,2,6,6,,-3.4971868995971023
31,h2_storage,2030,2,7,7,,-3.4971868995971023
32,h2_storage,2030,2,8,8,,-3.4971868995971023
33,h2_storage,2030,2,9,9,,-3.4971868995971023
34,h2_storage,2030,2,10,10,,-3.4971868995971023
35,h2_storage,2030,2,11,11,,-3.4971868995971023
36,h2_storage,2030,2,12,12,,-3.4971868995971023
37,h2_storage,2030,2,13,13,,-3.4971868995971023
38,h2_storage,2030,2,14,14,,-3.4971868995971023
39,h2_storage,2030,2,15,15,,-3.4971868995971023
40,h2_storage,2030,2,16,16,,-3.4971868995971023
41,h2_storage,2030,2,17,17,,-3.4971868995971023
42,h2_storage,2030,2,18,18,,-3.4971868995971023
43,h2_storage,2030,2,19,19,,-3.4971868995971023
44,h2_storage,2030,2,20,20,,-3.4971868995971023
45,h2_storage,2030,2,21,21,,-3.4971868995971023
46,h2_storage,2030,2,22,22,,-3.4971868995971023
47,h2_storage,2030,2,23,23,,-3.4971868995971023
48,h2_storage,2030,2,24,24,,-3.4971868995971023
49,h2_storage,2030,3,1,1,,-0.29233170737917774
50,h2_storage,2030,3,2,2,,-0.29233170737917774
51,h2_storage,2030,3,3,3,,-0.29233170737917774
52,h2_storage,2030,3,4,4,,-0.29233170737917774
53,h2_storage,2030,3,5,5,,-0.29233170737917774
54,h2_storage,2030,3,6,6,,-0.29233170737917774
55,h2_storage,2030,3,7,7,,-0.29233170737917774
56,h2_storage,2030,3,8,8,,-0.29233170737917774
57,h2_storage,2030,3,9,9,,-0.29233170737917774
58,h2_storage,2030,3,10,10,,-0.29233170737917774
59,h2_storage,2030,3,11,11,,-0.29233170737917774
60,h2_storage,2030,3,12,12,,-0.29233170737917774
61,h2_storage,2030,3,13,13,,-0.29233170737917774
62,h2_storage,2030,3,14,14,,-0.29233170737917774
63,h2_storage,2030,3,15,15,,-0.29233170737917774
64,h2_storage,2030,3,16,16,,-0.29233170737917774
65,h2_storage,2030,3,17,17,,-0.29233170737917774
66,h2_storage,2030,3,18,18,,-0.29233170737917774
67,h2_storage,2030,3,19,19,,-0.29233170737917774
68,h2_storage,2030,3,20,20,,-0.29233170737917774
69,h2_storage,2030,3,21,21,,-0.29233170737917774
70,h2_storage,2030,3,22,22,,-0.29233170737917774
71,h2_storage,2030,3,23,23,,-0.29233170737917774
72,h2_storage,2030,3,24,24,,-0.29233170737917774
73,h2_storage,2030,4,1,1,,-1.3940919956676783
74,h2_storage,2030,4,2,2,,-1.3940919956676783
75,h2_storage,2030,4,3,3,,-1.3940919956676783
76,h2_storage,2030,4,4,4,,-1.3940919956676783
77,h2_storage,2030,4,5,5,,-1.3940919956676783
78,h2_storage,2030,4,6,6,,-1.3940919956676783
79,h2_storage,2030,4,7,7,,-1.3940919956676783
80,h2_storage,2030,4,8,8,,-1.3940919956676783
81,h2_storage,2030,4,9,9,,-1.3940919956676783
82,h2_storage,2030,4,10,10,,-1.3940919956676783
83,h2_storage,2030,4,11,11,,-1.3940919956676783
84,h2_storage,2030,4,12,12,,-1.3940919956676783
85,h2_storage,2030,4,13,13,,-1.3940919956676783
86,h2_storage,2030,4,14,14,,-1.3940919956676783
87,h2_storage,2030,4,15,15,,-1.3940919956676783
88,h2_storage,2030,4,16,16,,-1.3940919956676783
89,h2_storage,2030,4,17,17,,-1.3940919956676783
90,h2_storage,2030,4,18,18,,-1.3940919956676783
91,h2_storage,2030,4,19,19,,-1.3940919956676783
92,h2_storage,2030,4,20,20,,-1.3940919956676783
93,h2_storage,2030,4,21,21,,-1.3940919956676783
94,h2_storage,2030,4,22,22,,-1.3940919956676783
95,h2_storage,2030,4,23,23,,-1.3940919956676783
96,h2_storage,2030,4,24,24,,-1.3940919956676783
97,h2_storage,2030,5,1,1,,-0.5790137684129789
98,h2_storage,2030,5,2,2,,-0.5790137684129789
99,h2_storage,2030,5,3,3,,-0.5790137684129789
100,h2_storage,2030,5,4,4,,-0.5790137684129789
101,h2_storage,2030,5,5,5,,-0.5790137684129789
102,h2_storage,2030,5,6,6,,-0.5790137684129789
103,h2_storage,2030,5,7,7,,-0.5790137684129789
104,h2_storage,2030,5,8,8,,-0.5790137684129789
105,h2_storage,2030,5,9,9,,-0.5790137684129789
106,h2_storage,2030,5,10,10,,-0.5790137684129789
107,h2_storage,2030,5,11,11,,-0.5790137684129789
108,h2_storage,2030,5,12,12,,-0.5790137684129789
109,h2_storage,2030,5,13,13,,-0.5790137684129789
110,h2_storage,2030,5,14,14,,-0.5790137684129789
111,h2_storage,2030,5,15,15,,-0.5790137684129789
112,h2_storage,2030,5,16,16,,-0.5790137684129789
113,h2_storage,2030,5,17,17,,-0.5790137684129789
114,h2_storage,2030,5,18,18,,-0.5790137684129789
115,h2_storage,2030,5,19,19,,-0.5790137684129789
116,h2_storage,2030,5,20,20,,-0.5790137684129789
117,h2_storage,2030,5,21,21,,-0.5790137684129789
118,h2_storage,2030,5,22,22,,-0.5790137684129789
119,h2_storage,2030,5,23,23,,-0.5790137684129789
120,h2_storage,2030,5,24,24,,-0.5790137684129789
121,h2_storage,2030,6,1,1,,-0.46681731094042217
122,h2_storage,2030,6,2,2,,-0.46681731094042217
123,h2_storage,2030,6,3,3,,-0.46681731094042217
124,h2_storage,2030,6,4,4,,-0.46681731094042217
125,h2_storage,2030,6,5,5,,-0.46681731094042217
126,h2_storage,2030,6,6,6,,-0.46681731094042217
127,h2_storage,2030,6,7,7,,-0.46681731094042217
128,h2_storage,2030,6,8,8,,-0.46681731094042217
129,h2_storage,2030,6,9,9,,-0.46681731094042217
130,h2_storage,2030,6,10,10,,-0.46681731094042217
131,h2_storage,2030,6,11,11,,-0.46681731094042217
132,h2_storage,2030,6,12,12,,-0.46681731094042217
133,h2_storage,2030,6,13,13,,-0.46681731094042217
134,h2_storage,2030,6,14,14,,-0.46681731094042217
135,h2_storage,2030,6,15,15,,-0.46681731094042217
136,h2_storage,2030,6,16,16,,-0.46681731094042217
137,h2_storage,2030,6,17,17,,-0.46681731094042217
138,h2_storage,2030,6,18,18,,-0.46681731094042217
139,h2_storage,2030,6,19,19,,-0.46681731094042217
140,h2_storage,2030,6,20,20,,-0.46681731094042217
141,h2_storage,2030,6,21,21,,-0.46681731094042217
142,h2_storage,2030,6,22,22,,-0.46681731094042217
143,h2_storage,2030,6,23,23,,-0.46681731094042217
144,h2_storage,2030,6,24,24,,-0.46681731094042217
145,h2_storage,2030,7,1,1,,-0.9517223346557866
146,h2_storage,2030,7,2,2,,-0.9517223346557866
147,h2_storage,2030,7,3,3,,-0.9517223346557866
148,h2_storage,2030,7,4,4,,-0.9517223346557866
149,h2_storage,2030,7,5,5,,-0.9517223346557866
150,h2_storage,2030,7,6,6,,-0.9517223346557866
151,h2_storage,2030,7,7,7,,-0.9517223346557866
152,h2_storage,2030,7,8,8,,-0.9517223346557866
153,h2_storage,2030,7,9,9,,-0.9517223346557866
154,h2_storage,2030,7,10,10,,-0.9517223346557866
155,h2_storage,2030,7,11,11,,-0.9517223346557866
156,h2_storage,2030,7,12,12,,-0.9517223346557866
157,h2_storage,2030,7,13,13,,-0.9517223346557866
158,h2_storage,2030,7,14,14,,-0.9517223346557866
159,h2_storage,2030,7,15,15,,-0.9517223346557866
160,h2_storage,2030,7,16,16,,-0.9517223346557866
161,h2_storage,2030,7,17,17,,-0.9517223346557866
162,h2_storage,2030,7,18,18,,-0.9517223346557866
163,h2_storage,2030,7,19,19,,-0.9517223346557866
164,h2_storage,2030,7,20,20,,-0.9517223346557866
165,h2_storage,2030,7,21,21,,-0.9517223346557866
166,h2_storage,2030,7,22,22,,-0.9517223346557866
167,h2_storage,2030,7,23,23,,-0.9517223346557866
168,h2_storage,2030,7,24,24,,-0.9517223346557866
169,h2_storage,2030,8,1,1,,-1.866790382398154
170,h2_storage,2030,8,2,2,,-1.866790382398154
171,h2_storage,2030,8,3,3,,-1.866790382398154
172,h2_storage,2030,8,4,4,,-1.866790382398154
173,h2_storage,2030,8,5,5,,-1.866790382398154
174,h2_storage,2030,8,6,6,,-1.866790382398154
175,h2_storage,2030,8,7,7,,-1.866790382398154
176,h2_storage,2030,8,8,8,,-1.866790382398154
177,h2_storage,2030,8,9,9,,-1.866790382398154
178,h2_storage,2030,8,10,10,,-1.866790382398154
179,h2_storage,2030,8,11,11,,-1.866790382398154
180,h2_storage,2030,8,12,12,,-1.866790382398154
181,h2_storage,2030,8,13,13,,-1.866790382398154
182,h2_storage,2030,8,14,14,,-1.866790382398154
183,h2_storage,2030,8,15,15,,-1.866790382398154
184,h2_storage,2030,8,16,16,,-1.866790382398154
185,h2_storage,2030,8,17,17,,-1.866790382398154
186,h2_storage,2030,8,18,18,,-1.866790382398154
187,h2_storage,2030,8,19,19,,-1.866790382398154
188,h2_storage,2030,8,20,20,,-1.866790382398154
189,h2_storage,2030,8,21,21,,-1.866790382398154
190,h2_storage,2030,8,22,22,,-1.866790382398154
191,h2_storage,2030,8,23,23,,-1.866790382398154
192,h2_storage,2030,8,24,24,,-1.866790382398154
193,h2_storage,2030,9,1,1,,-1.0688897023242292
194,h2_storage,2030,9,2,2,,-1.0688897023242292
195,h2_storage,2030,9,3,3,,-1.0688897023242292
196,h2_storage,2030,9,4,4,,-1.0688897023242292
197,h2_storage,2030,9,5,5,,-1.0688897023242292
198,h2_storage,2030,9,6,6,,-1.0688897023242292
199,h2_storage,2030,9,7,7,,-1.0688897023242292
200,h2_storage,2030,9,8,8,,-1.0688897023242292
201,h2_storage,2030,9,9,9,,-1.0688897023242292
202,h2_storage,2030,9,10,10,,-1.0688897023242292
203,h2_storage,2030,9,11,11,,-1.0688897023242292
204,h2_storage,2030,9,12,12,,-1.0688897023242292
205,h2_storage,2030,9,13,13,,-1.0688897023242292
206,h2_storage,2030,9,14,14,,-1.0688897023242292
207,h2_storage,2030,9,15,15,,-1.0688897023242292
208,h2_storage,2030,9,16,16,,-1.0688897023242292
209,h2_storage,2030,9,17,17,,-1.0688897023242292
210,h2_storage,2030,9,18,18,,-1.0688897023242292
211,h2_storage,2030,9,19,19,,-1.0688897023242292
212,h2_storage,2030,9,20,20,,-1.0688897023242292
213,h2_storage,2030,9,21,21,,-1.0688897023242292
214,h2_storage,2030,9,22,22,,-1.0688897023242292
215,h2_storage,2030,9,23,23,,-1.0688897023242292
216,h2_storage,2030,9,24,24,,-1.0688897023242292
217,h2_storage,2030,10,1,1,,-1.4086414222029042
218,h2_storage,2030,10,2,2,,-1.4086414222029042
219,h2_storage,2030,10,3,3,,-1.4086414222029042
220,h2_storage,2030,10,4,4,,-1.4086414222029042
221,h2_storage,2030,10,5,5,,-1.4086414222029042
222,h2_storage,2030,10,6,6,,-1.4086414222029042
223,h2_storage,2030,10,7,7,,-1.4086414222029042
224,h2_storage,2030,10,8,8,,-1.4086414222029042
225,h2_storage,2030,10,9,9,,-1.4086414222029042
226,h2_storage,2030,10,10,10,,-1.4086414222029042
227,h2_storage,2030,10,11,11,,-1.4086414222029042
228,h2_storage,2030,10,12,12,,-1.4086414222029042
229,h2_storage,2030,10,13,13,,-1.4086414222029042
230,h2_storage,2030,10,14,14,,-1.4086414222029042
231,h2_storage,2030,10,15,15,,-1.4086414222029042
232,h2_storage,2030,10,16,16,,-1.4086414222029042
233,h2_storage,2030,10,17,17,,-1.4086414222029042
234,h2_storage,2030,10,18,18,,-1.4086414222029042
235,h2_storage,2030,10,19,19,,-1.4086414222029042
236,h2_storage,2030,10,20,20,,-1.4086414222029042
237,h2_storage,2030,10,21,21,,-1.4086414222029042
238,h2_storage,2030,10,22,22,,-1.4086414222029042
239,h2_storage,2030,10,23,23,,-1.4086414222029042
240,h2_storage,2030,10,24,24,,-1.4086414222029042
241,h2_storage,2030,11,1,1,,-1.2065712548247427
242,h2_storage,2030,11,2,2,,-1.2065712548247427
243,h2_storage,2030,11,3,3,,-1.2065712548247427
244,h2_storage,2030,11,4,4,,-1.2065712548247427
245,h2_storage,2030,11,5,5,,-1.2065712548247427
246,h2_storage,2030,11,6,6,,-1.2065712548247427
247,h2_storage,2030,11,7,7,,-1.2065712548247427
248,h2_storage,2030,11,8,8,,-1.2065712548247427
249,h2_storage,2030,11,9,9,,-1.2065712548247427
250,h2_storage,2030,11,10,10,,-1.2065712548247427
251,h2_storage,2030,11,11,11,,-1.2065712548247427
252,h2_storage,2030,11,12,12,,-1.2065712548247427
253,h2_storage,2030,11,13,13,,-1.2065712548247427
254,h2_storage,2030,11,14,14,,-1.2065712548247427
255,h2_storage,2030,11,15,15,,-1.2065712548247427
256,h2_storage,2030,11,16,16,,-1.2065712548247427
257,h2_storage,2030,11,17,17,,-1.2065712548247427
258,h2_storage,2030,11,18,18,,-1.2065712548247427
259,h2_storage,2030,11,19,19,,-1.2065712548247427
260,h2_storage,2030,11,20,20,,-1.2065712548247427
261,h2_storage,2030,11,21,21,,-1.2065712548247427
262,h2_storage,2030,11,22,22,,-1.2065712548247427
263,h2_storage,2030,11,23,23,,-1.2065712548247427
264,h2_storage,2030,11,24,24,,-1.2065712548247427
265,h2_storage,2030,12,1,1,,-1.9512990882858157
266,h2_storage,2030,12,2,2,,-1.9512990882858157
267,h2_storage,2030,12,3,3,,-1.9512990882858157
268,h2_storage,2030,12,4,4,,-1.9512990882858157
269,h2_storage,2030,12,5,5,,-1.9512990882858157
270,h2_storage,2030,12,6,6,,-1.9512990882858157
271,h2_storage,2030,12,7,7,,-1.9512990882858157
272,h2_storage,2030,12,8,8,,-1.9512990882858157
273,h2_storage,2030,12,9,9,,-1.9512990882858157
274,h2_storage,2030,12,10,10,,-1.9512990882858157
275,h2_storage,2030,12,11,11,,-1.9512990882858157
276,h2_storage,2030,12,12,12,,-1.9512990882858157
277,h2_storage,2030,12,13,13,,-1.9512990882858157
278,h2_storage,2030,12,14,14,,-1.9512990882858157
279,h2_storage,2030,12,15,15,,-1.9512990882858157
280,h2_storage,2030,12,16,16,,-1.9512990882858157
281,h2_storage,2030,12,17,17,,-1.9512990882858157
282,h2_storage,2030,12,18,18,,-1.9512990882858157
283,h2_storage,2030,12,19,19,,-1.9512990882858157
284,h2_storage,2030,12,20,20,,-1.9512990882858157
285,h2_storage,2030,12,21,21,,-1.9512990882858157
286,h2_storage,2030,12,22,22,,-1.9512990882858157
287,h2_storage,2030,12,23,23,,-1.9512990882858157
288,h2_storage,2030,12,24,24,,-1.9512990882858157
289,h2_storage,2030,13,1,1,,-0.10099074935218288
290,h2_storage,2030,13,2,2,,-0.10099074935218288
291,h2_storage,2030,13,3,3,,-0.10099074935218288
292,h2_storage,2030,13,4,4,,-0.10099074935218288
293,h2_storage,2030,13,5,5,,-0.10099074935218288
294,h2_storage,2030,13,6,6,,-0.10099074935218288
295,h2_storage,2030,13,7,7,,-0.10099074935218288
296,h2_storage,2030,13,8,8,,-0.10099074935218288
297,h2_storage,2030,13,9,9,,-0.10099074935218288
298,h2_storage,2030,13,10,10,,-0.10099074935218288
299,h2_storage,2030,13,11,11,,-0.10099074935218288
300,h2_storage,2030,13,12,12,,-0.10099074935218288
301,h2_storage,2030,13,13,13,,-0.10099074935218288
302,h2_storage,2030,13,14,14,,-0.10099074935218288
303,h2_storage,2030,13,15,15,,-0.10099074935218288
304,h2_storage,2030,13,16,16,,-0.10099074935218288
305,h2_storage,2030,13,17,17,,-0.10099074935218288
306,h2_storage,2030,13,18,18,,-0.10099074935218288
307,h2_storage,2030,13,19,19,,-0.10099074935218288
308,h2_storage,2030,13,20,20,,-0.10099074935218288
309,h2_storage,2030,13,21,21,,-0.10099074935218288
310,h2_storage,2030,13,22,22,,-0.10099074935218288
311,h2_storage,2030,13,23,23,,-0.10099074935218288
312,h2_storage,2030,13,24,24,,-0.10099074935218288
313,h2_storage,2030,14,1,1,,-0.5199089858291746
314,h2_storage,2030,14,2,2,,-0.5199089858291746
315,h2_storage,2030,14,3,3,,-0.5199089858291746
316,h2_storage,2030,14,4,4,,-0.5199089858291746
317,h2_storage,2030,14,5,5,,-0.5199089858291746
318,h2_storage,2030,14,6,6,,-0.5199089858291746
319,h2_storage,2030,14,7,7,,-0.5199089858291746
320,h2_storage,2030,14,8,8,,-0.5199089858291746
321,h2_storage,2030,14,9,9,,-0.5199089858291746
322,h2_storage,2030,14,10,10,,-0.5199089858291746
323,h2_storage,2030,14,11,11,,-0.5199089858291746
324,h2_storage,2030,14,12,12,,-0.5199089858291746
325,h2_storage,2030,14,13,13,,-0.5199089858291746
326,h2_storage,2030,14,14,14,,-0.5199089858291746
327,h2_storage,2030,14,15,15,,-0.5199089858291746
328,h2_storage,2030,14,16,16,,-0.5199089858291746
329,h2_storage,2030,14,17,17,,-0.5199089858291746
330,h2_storage,2030,14,18,18,,-0.5199089858291746
331,h2_storage,2030,14,19,19,,-0.5199089858291746
332,h2_storage,2030,14,20,20,,-0.5199089858291746
333,h2_storage,2030,14,21,21,,-0.5199089858291746
334,h2_storage,2030,14,22,22,,-0.5199089858291746
335,h2_storage,2030,14,23,23,,-0.5199089858291746
336,h2_storage,2030,14,24,24,,-0.5199089858291746
337,h2_storage,2030,15,1,1,,-0.135725484765251
338,h2_storage,2030,15,2,2,,-0.135725484765251
339,h2_storage,2030,15,3,3,,-0.135725484765251
340,h2_storage,2030,15,4,4,,-0.135725484765251
341,h2_storage,2030,15,5,5,,-0.135725484765251
342,h2_storage,2030,15,6,6,,-0.135725484765251
343,h2_storage,2030,15,7,7,,-0.135725484765251
344,h2_storage,2030,15,8,8,,-0.135725484765251
345,h2_storage,2030,15,9,9,,-0.135725484765251
346,h2_storage,2030,15,10,10,,-0.135725484765251
347,h2_storage,2030,15,11,11,,-0.135725484765251
348,h2_storage,2030,15,12,12,,-0.135725484765251
349,h2_storage,2030,15,13,13,,-0.135725484765251
350,h2_storage,2030,15,14,14,,-0.135725484765251
351,h2_storage,2030,15,15,15,,-0.135725484765251
352,h2_storage,2030,15,16,16,,-0.135725484765251
353,h2_storage,2030,15,17,17,,-0.135725484765251
354,h2_storage,2030,15,18,18,,-0.135725484765251
355,h2_storage,2030,15,19,19,,-0.135725484765251
356,h2_storage,2030,15,20,20,,-0.135725484765251
357,h2_storage,2030,15,21,21,,-0.135725484765251
358,h2_storage,2030,15,22,22,,-0.135725484765251
359,h2_storage,2030,15,23,23,,-0.135725484765251
360,h2_storage,2030,15,24,24,,-0.135725484765251
361,h2_storage,2030,16,1,1,,-0.20585951096673838
362,h2_storage,2030,16,2,2,,-0.20585951096673838
363,h2_storage,2030,16,3,3,,-0.20585951096673838
364,h2_storage,2030,16,4,4,,-0.20585951096673838
365,h2_storage,2030,16,5,5,,-0.20585951096673838
366,h2_storage,2030,16,6,6,,-0.20585951096673838
367,h2_storage,2030,16,7,7,,-0.20585951096673838
368,h2_storage,2030,16,8,8,,-0.20585951096673838
369,h2_storage,2030,16,9,9,,-0.20585951096673838
370,h2_storage,2030,16,10,10,,-0.20585951096673838
371,h2_storage,2030,16,11,11,,-0.20585951096673838
372,h2_storage,2030,16,12,12,,-0.20585951096673838
373,h2_storage,2030,16,13,13,,-0.20585951096673838
374,h2_storage,2030,16,14,14,,-0.20585951096673838
375,h2_storage,2030,16,15,15,,-0.20585951096673838
376,h2_storage,2030,16,16,16,,-0.20585951096673838
377,h2_storage,2030,16,17,17,,-0.20585951096673838
378,h2_storage,2030,16,18,18,,-0.20585951096673838
379,h2_storage,2030,16,19,19,,-0.20585951096673838
380,h2_storage,2030,16,20,20,,-0.20585951096673838
381,h2_storage,2030,16,21,21,,-0.20585951096673838
382,h2_storage,2030,16,22,22,,-0.20585951096673838
383,h2_storage,2030,16,23,23,,-0.20585951096673838
384,h2_storage,2030,16,24,24,,-0.20585951096673838
385,h2_storage,2030,17,1,1,,-0.11027411037699093
386,h2_storage,2030,17,2,2,,-0.11027411037699093
387,h2_storage,2030,17,3,3,,-0.11027411037699093
388,h2_storage,2030,17,4,4,,-0.11027411037699093
389,h2_storage,2030,17,5,5,,-0.11027411037699093
390,h2_storage,2030,17,6,6,,-0.11027411037699093
391,h2_storage,2030,17,7,7,,-0.11027411037699093
392,h2_storage,2030,17,8,8,,-0.11027411037699093
393,h2_storage,2030,17,9,9,,-0.11027411037699093
394,h2_storage,2030,17,10,10,,-0.11027411037699093
395,h2_storage,2030,17,11,11,,-0.11027411037699093
396,h2_storage,2030,17,12,12,,-0.11027411037699093
397,h2_storage,2030,17,13,13,,-0.11027411037699093
398,h2_storage,2030,17,14,14,,-0.11027411037699093
399,h2_storage,2030,17,15,15,,-0.11027411037699093
400,h2_storage,2030,17,16,16,,-0.11027411037699093
401,h2_storage,2030,17,17,17,,-0.11027411037699093
402,h2_storage,2030,17,18,18,,-0.11027411037699093
403,h2_storage,2030,17,19,19,,-0.11027411037699093
404,h2_storage,2030,17,20,20,,-0.11027411037699093
405,h2_storage,2030,17,21,21,,-0.11027411037699093
406,h2_storage,2030,17,22,22,,-0.11027411037699093
407,h2_storage,2030,17,23,23,,-0.11027411037699093
408,h2_storage,2030,17,24,24,,-0.11027411037699093
409,h2_storage,2030,18,1,1,,-0.10498432130657392
410,h2_storage,2030,18,2,2,,-0.10498432130657392
411,h2_storage,2030,18,3,3,,-0.10498432130657392
412,h2_storage,2030,18,4,4,,-0.10498432130657392
413,h2_storage,2030,18,5,5,,-0.10498432130657392
414,h2_storage,2030,18,6,6,,-0.10498432130657392
415,h2_storage,2030,18,7,7,,-0.10498432130657392
416,h2_storage,2030,18,8,8,,-0.10498432130657392
417,h2_storage,2030,18,9,9,,-0.10498432130657392
418,h2_storage,2030,18,10,10,,-0.10498432130657392
419,h2_storage,2030,18,11,11,,-0.10498432130657392
420,h2_storage,2030,18,12,12,,-0.10498432130657392
421,h2_storage,2030,18,13,13,,-0.10498432130657392
422,h2_storage,2030,18,14,14,,-0.10498432130657392
423,h2_storage,2030,18,15,15,,-0.10498432130657392
424,h2_storage,2030,18,16,16,,-0.10498432130657392
425,h2_storage,2030,18,17,17,,-0.10498432130657392
426,h2_storage,2030,18,18,18,,-0.10498432130657392
427,h2_storage,2030,18,19,19,,-0.10498432130657392
428,h2_storage,2030,18,20,20,,-0.10498432130657392
429,h2_storage,2030,18,21,21,,-0.10498432130657392
430,h2_storage,2030,18,22,22,,-0.10498432130657392
431,h2_storage,2030,18,23,23,,-0.10498432130657392
432,h2_storage,2030,18,24,24,,-0.10498432130657392
433,h2_storage,2030,19,1,1,,-0.044312758811663834
434,h2_storage,2030,19,2,2,,-0.044312758811663834
435,h2_storage,2030,19,3,3,,-0.044312758811663834
436,h2_storage,2030,19,4,4,,-0.044312758811663834
437,h2_storage,2030,19,5,5,,-0.044312758811663834
438,h2_storage,2030,19,6,6,,-0.044312758811663834
439,h2_storage,2030,19,7,7,,-0.044312758811663834
440,h2_storage,2030,19,8,8,,-0.044312758811663834
441,h2_storage,2030,19,9,9,,-0.044312758811663834
442,h2_storage,2030,19,10,10,,-0.044312758811663834
443,h2_storage,2030,19,11,11,,-0.044312758811663834
444,h2_storage,2030,19,12,12,,-0.044312758811663834
445,h2_storage,2030,19,13,13,,-0.044312758811663834
446,h2_storage,2030,19,14,14,,-0.044312758811663834
447,h2_storage,2030,19,15,15,,-0.044312758811663834
448,h2_storage,2030,19,16,16,,-0.044312758811663834
449,h2_storage,2030,19,17,17,,-0.044312758811663834
450,h2_storage,2030,19,18,18,,-0.044312758811663834
451,h2_storage,2030,19,19,19,,-0.044312758811663834
452,h2_storage,2030,19,20,20,,-0.044312758811663834
453,h2_storage,2030,19,21,21,,-0.044312758811663834
454,h2_storage,2030,19,22,22,,-0.044312758811663834
455,h2_storage,2030,19,23,23,,-0.044312758811663834
456,h2_storage,2030,19,24,24,,-0.044312758811663834
457,h2_storage,2030,20,1,1,,-0.08087872518271726
458,h2_storage,2030,20,2,2,,-0.08087872518271726
459,h2_storage,2030,20,3,3,,-0.08087872518271726
460,h2_storage,2030,20,4,4,,-0.08087872518271726
461,h2_storage,2030,20,5,5,,-0.08087872518271726
462,h2_storage,2030,20,6,6,,-0.08087872518271726
463,h2_storage,2030,20,7,7,,-0.08087872518271726
464,h2_storage,2030,20,8,8,,-0.08087872518271726
465,h2_storage,2030,20,9,9,,-0.08087872518271726
466,h2_storage,2030,20,10,10,,-0.08087872518271726
467,h2_storage,2030,20,11,11,,-0.08087872518271726
468,h2_storage,2030,20,12,12,,-0.08087872518271726
469,h2_storage,2030,20,13,13,,-0.08087872518271726
470,h2_storage,2030,20,14,14,,-0.08087872518271726
471,h2_storage,2030,20,15,15,,-0.08087872518271726
472,h2_storage,2030,20,16,16,,-0.08087872518271726
473,h2_storage,2030,20,17,17,,-0.08087872518271726
474,h2_storage,2030,20,18,18,,-0.08087872518271726
475,h2_storage,2030,20,19,19,,-0.08087872518271726
476,h2_storage,2030,20,20,20,,-0.08087872518271726
477,h2_storage,2030,20,21,21,,-0.08087872518271726
478,h2_storage,2030,20,22,22,,-0.08087872518271726
479,h2_storage,2030,20,23,23,,-0.08087872518271726
480,h2_storage,2030,20,24,24,,-0.08087872518271726
481,h2_storage,2030,21,1,1,,-0.07616021508896831
482,h2_storage,2030,21,2,2,,-0.07616021508896831
483,h2_storage,2030,21,3,3,,-0.07616021508896831
484,h2_storage,2030,21,4,4,,-0.07616021508896831
485,h2_storage,2030,21,5,5,,-0.07616021508896831
486,h2_storage,2030,21,6,6,,-0.07616021508896831
487,h2_storage,2030,21,7,7,,-0.07616021508896831
488,h2_storage,2030,21,8,8,,-0.07616021508896831
489,h2_storage,2030,21,9,9,,-0.07616021508896831
490,h2_storage,2030,21,10,10,,-0.07616021508896831
491,h2_storage,2030,21,11,11,,-0.07616021508896831
492,h2_storage,2030,21,12,12,,-0.07616021508896831
493,h2_storage,2030,21,13,13,,-0.07616021508896831
494,h2_storage,2030,21,14,14,,-0.07616021508896831
495,h2_storage,2030,21,15,15,,-0.07616021508896831
496,h2_storage,2030,21,16,16,,-0.07616021508896831
497,h2_storage,2030,21,17,17,,-0.07616021508896831
498,h2_storage,2030,21,18,18,,-0.07616021508896831
499,h2_storage,2030,21,19,19,,-0.07616021508896831
500,h2_storage,2030,21,20,20,,-0.07616021508896831
501,h2_storage,2030,21,21,21,,-0.07616021508896831
502,h2_storage,2030,21,22,22,,-0.07616021508896831
503,h2_storage,2030,21,23,23,,-0.07616021508896831
504,h2_storage,2030,21,24,24,,-0.07616021508896831
505,h2_storage,2030,22,1,1,,-0.12183755786297007
506,h2_storage,2030,22,2,2,,-0.12183755786297007
507,h2_storage,2030,22,3,3,,-0.12183755786297007
508,h2_storage,2030,22,4,4,,-0.12183755786297007
509,h2_storage,2030,22,5,5,,-0.12183755786297007
510,h2_storage,2030,22,6,6,,-0.12183755786297007
511,h2_storage,2030,22,7,7,,-0.12183755786297007
512,h2_storage,2030,22,8,8,,-0.12183755786297007
513,h2_storage,2030,22,9,9,,-0.12183755786297007
514,h2_storage,2030,22,10,10,,-0.12183755786297007
515,h2_storage,2030,22,11,11,,-0.12183755786297007
516,h2_storage,2030,22,12,12,,-0.12183755786297007
517,h2_storage,2030,22,13,13,,-0.12183755786297007
518,h2_storage,2030,22,14,14,,-0.12183755786297007
519,h2_storage,2030,22,15,15,,-0.12183755786297007
520,h2_storage,2030,22,16,16,,-0.12183755786297007
521,h2_storage,2030,22,17,17,,-0.12183755786297007
522,h2_storage,2030,22,18,18,,-0.12183755786297007
523,h2_storage,2030,22,19,19,,-0.12183755786297007
524,h2_storage,2030,22,20,20,,-0.12183755786297007
525,h2_storage,2030,22,21,21,,-0.12183755786297007
526,h2_storage,2030,22,22,22,,-0.12183755786297007
527,h2_storage,2030,22,23,23,,-0.12183755786297007
528,h2_storage,2030,22,24,24,,-0.12183755786297007
529,h2_storage,2030,23,1,1,,-0.09264756722780772
530,h2_storage,2030,23,2,2,,-0.09264756722780772
531,h2_storage,2030,23,3,3,,-0.09264756722780772
532,h2_storage,2030,23,4,4,,-0.09264756722780772
533,h2_storage,2030,23,5,5,,-0.09264756722780772
534,h2_storage,2030,23,6,6,,-0.09264756722780772
535,h2_storage,2030,23,7,7,,-0.09264756722780772
536,h2_storage,2030,23,8,8,,-0.09264756722780772
537,h2_storage,2030,23,9,9,,-0.09264756722780772
538,h2_storage,2030,23,10,10,,-0.09264756722780772
539,h2_storage,2030,23,11,11,,-0.09264756722780772
540,h2_storage,2030,23,12,12,,-0.09264756722780772
541,h2_storage,2030,23,13,13,,-0.09264756722780772
542,h2_storage,2030,23,14,14,,-0.09264756722780772
543,h2_storage,2030,23,15,15,,-0.09264756722780772
544,h2_storage,2030,23,16,16,,-0.09264756722780772
545,h2_storage,2030,23,17,17,,-0.09264756722780772
546,h2_storage,2030,23,18,18,,-0.09264756722780772
547,h2_storage,2030,23,19,19,,-0.09264756722780772
548,h2_storage,2030,23,20,20,,-0.09264756722780772
549,h2_storage,2030,23,21,21,,-0.09264756722780772
550,h2_storage,2030,23,22,22,,-0.09264756722780772
551,h2_storage,2030,23,23,23,,-0.09264756722780772
552,h2_storage,2030,23,24,24,,-0.09264756722780772
553,h2_storage,2030,24,1,1,,-0.14017001322896225
554,h2_storage,2030,24,2,2,,-0.14017001322896225
555,h2_storage,2030,24,3,3,,-0.14017001322896225
556,h2_storage,2030,24,4,4,,-0.14017001322896225
557,h2_storage,2030,24,5,5,,-0.14017001322896225
558,h2_storage,2030,24,6,6,,-0.14017001322896225
559,h2_storage,2030,24,7,7,,-0.14017001322896225
560,h2_storage,2030,24,8,8,,-0.14017001322896225
561,h2_storage,2030,24,9,9,,-0.14017001322896225
562,h2_storage,2030,24,10,10,,-0.14017001322896225
563,h2_storage,2030,24,11,11,,-0.14017001322896225
564,h2_storage,2030,24,12,12,,-0.14017001322896225
565,h2_storage,2030,24,13,13,,-0.14017001322896225
566,h2_storage,2030,24,14,14,,-0.14017001322896225
567,h2_storage,2030,24,15,15,,-0.14017001322896225
568,h2_storage,2030,24,16,16,,-0.14017001322896225
569,h2_storage,2030,24,17,17,,-0.14017001322896225
570,h2_storage,2030,24,18,18,,-0.14017001322896225
571,h2_storage,2030,24,19,19,,-0.14017001322896225
572,h2_storage,2030,24,20,20,,-0.14017001322896225
573,h2_storage,2030,24,21,21,,-0.14017001322896225
574,h2_storage,2030,24,22,22,,-0.14017001322896225
575,h2_storage,2030,24,23,23,,-0.14017001322896225
576,h2_storage,2030,24,24,24,,-0.14017001322896225
577,h2_storage,2030,25,1,1,,-1.4930104620841904
578,h2_storage,2030,25,2,2,,-1.4930104620841904
579,h2_storage,2030,25,3,3,,-1.4930104620841904
580,h2_storage,2030,25,4,4,,-1.4930104620841904
581,h2_storage,2030,25,5,5,,-1.4930104620841904
582,h2_storage,2030,25,6,6,,-1.4930104620841904
583,h2_storage,2030,25,7,7,,-1.4930104620841904
584,h2_storage,2030,25,8,8,,-1.4930104620841904
585,h2_storage,2030,25,9,9,,-1.4930104620841904
586,h2_storage,2030,25,10,10,,-1.4930104620841904
587,h2_storage,2030,25,11,11,,-1.4930104620841904
588,h2_storage,2030,25,12,12,,-1.4930104620841904
589,h2_storage,2030,25,13,13,,-1.4930104620841904
590,h2_storage,2030,25,14,14,,-1.4930104620841904
591,h2_storage,2030,25,15,15,,-1.4930104620841904
592,h2_storage,2030,25,16,16,,-1.4930104620841904
593,h2_storage,2030,25,17,17,,-1.4930104620841904
594,h2_storage,2030,25,18,18,,-1.4930104620841904
595,h2_storage,2030,25,19,19,,-1.4930104620841904
596,h2_storage,2030,25,20,20,,-1.4930104620841904
597,h2_storage,2030,25,21,21,,-1.4930104620841904
598,h2_storage,2030,25,22,22,,-1.4930104620841904
599,h2_storage,2030,25,23,23,,-1.4930104620841904
600,h2_storage,2030,25,24,24,,-1.4930104620841904
601,h2_storage,2030,26,1,1,,-4.03547522993444
602,h2_storage,2030,26,2,2,,-4.03547522993444
603,h2_storage,2030,26,3,3,,-4.03547522993444
604,h2_storage,2030,26,4,4,,-4.03547522993444
605,h2_storage,2030,26,5,5,,-4.03547522993444
606,h2_storage,2030,26,6,6,,-4.03547522993444
607,h2_storage,2030,26,7,7,,-4.03547522993444
608,h2_storage,2030,26,8,8,,-4.03547522993444
609,h2_storage,2030,26,9,9,,-4.03547522993444
610,h2_storage,2030,26,10,10,,-4.03547522993444
611,h2_storage,2030,26,11,11,,-4.03547522993444
612,h2_storage,2030,26,12,12,,-4.03547522993444
613,h2_storage,2030,26,13,13,,-4.03547522993444
614,h2_storage,2030,26,14,14,,-4.03547522993444
615,h2_storage,2030,26,15,15,,-4.03547522993444
616,h2_storage,2030,26,16,16,,-4.03547522993444
617,h2_storage,2030,26,17,17,,-4.03547522993444
618,h2_storage,2030,26,18,18,,-4.03547522993444
619,h2_storage,2030,26,19,19,,-4.03547522993444
620,h2_storage,2030,26,20,20,,-4.03547522993444
621,h2_storage,2030,26,21,21,,-4.03547522993444
622,h2_storage,2030,26,22,22,,-4.03547522993444
623,h2_storage,2030,26,23,23,,-4.03547522993444
624,h2_storage,2030,26,24,24,,-4.03547522993444
625,h2_storage,2030,27,1,1,,-0.8067357773036081
626,h2_storage,2030,27,2,2,,-0.8067357773036081
627,h2_storage,2030,27,3,3,,-0.8067357773036081
628,h2_storage,2030,27,4,4,,-0.8067357773036081
629,h2_storage,2030,27,5,5,,-0.8067357773036081
630,h2_storage,2030,27,6,6,,-0.8067357773036081
631,h2_storage,2030,27,7,7,,-0.8067357773036081
632,h2_storage,2030,27,8,8,,-0.8067357773036081
633,h2_storage,2030,27,9,9,,-0.8067357773036081
634,h2_storage,2030,27,10,10,,-0.8067357773036081
635,h2_storage,2030,27,11,11,,-0.8067357773036081
636,h2_storage,2030,27,12,12,,-0.8067357773036081
637,h2_storage,2030,27,13,13,,-0.8067357773036081
638,h2_storage,2030,27,14,14,,-0.8067357773036081
639,h2_storage,2030,27,15,15,,-0.8067357773036081
640,h2_storage,2030,27,16,16,,-0.8067357773036081
641,h2_storage,2030,27,17,17,,-0.8067357773036081
642,h2_storage,2030,27,18,18,,-0.8067357773036081
643,h2_storage,2030,27,19,19,,-0.8067357773036081
644,h2_storage,2030,27,20,20,,-0.8067357773036081
645,h2_storage,2030,27,21,21,,-0.8067357773036081
646,h2_storage,2030,27,22,22,,-0.8067357773036081
647,h2_storage,2030,27,23,23,,-0.8067357773036081
648,h2_storage,2030,27,24,24,,-0.8067357773036081
649,h2_storage,2030,28,1,1,,-0.31782405787564305
650,h2_storage,2030,28,2,2,,-0.31782405787564305
651,h2_storage,2030,28,3,3,,-0.31782405787564305
652,h2_storage,2030,28,4,4,,-0.31782405787564305
653,h2_storage,2030,28,5,5,,-0.31782405787564305
654,h2_storage,2030,28,6,6,,-0.31782405787564305
655,h2_storage,2030,28,7,7,,-0.31782405787564305
656,h2_storage,2030,28,8,8,,-0.31782405787564305
657,h2_storage,2030,28,9,9,,-0.31782405787564305
658,h2_storage,2030,28,10,10,,-0.31782405787564305
659,h2_storage,2030,28,11,11,,-0.31782405787564305
660,h2_storage,2030,28,12,12,,-0.31782405787564305
661,h2_storage,2030,28,13,13,,-0.31782405787564305
662,h2_storage,2030,28,14,14,,-0.31782405787564305
663,h2_storage,2030,28,15,15,,-0.31782405787564305
664,h2_storage,2030,28,16,16,,-0.31782405787564305
665,h2_storage,2030,28,17,17,,-0.31782405787564305
666,h2_storage,2030,28,18,18,,-0.31782405787564305
667,h2_storage,2030,28,19,19,,-0.31782405787564305
668,h2_storage,2030,28,20,20,,-0.31782405787564305
669,h2_storage,2030,28,21,21,,-0.31782405787564305
670,h2_storage,2030,28,22,22,,-0.31782405787564305
671,h2_storage,2030,28,23,23,,-0.31782405787564305
672,h2_storage,2030,28,24,24,,-0.31782405787564305
673,h2_storage,2030,29,1,1,,-1.4980829205199064
674,h2_storage,2030,29,2,2,,-1.4980829205199064
675,h2_storage,2030,29,3,3,,-1.4980829205199064
676,h2_storage,2030,29,4,4,,-1.4980829205199064
677,h2_storage,2030,29,5,5,,-1.4980829205199064
678,h2_storage,2030,29,6,6,,-1.4980829205199064
679,h2_storage,2030,29,7,7,,-1.4980829205199064
680,h2_storage,2030,29,8,8,,-1.4980829205199064
681,h2_storage,2030,29,9,9,,-1.4980829205199064
682,h2_storage,2030,29,10,10,,-1.4980829205199064
683,h2_storage,2030,29,11,11,,-1.4980829205199064
684,h2_storage,2030,29,12,12,,-1.4980829205199064
685,h2_storage,2030,29,13,13,,-1.4980829205199064
686,h2_storage,2030,29,14,14,,-1.4980829205199064
687,h2_storage,2030,29,15,15,,-1.4980829205199064
688,h2_storage,2030,29,16,16,,-1.4980829205199064
689,h2_storage,2030,29,17,17,,-1.4980829205199064
690,h2_storage,2030,29,18,18,,-1.4980829205199064
691,h2_storage,2030,29,19,19,,-1.4980829205199064
692,h2_storage,2030,29,20,20,,-1.4980829205199064
693,h2_storage,2030,29,21,21,,-1.4980829205199064
694,h2_storage,2030,29,22,22,,-1.4980829205199064
695,h2_storage,2030,29,23,23,,-1.4980829205199064
696,h2_storage,2030,29,24,24,,-1.4980829205199064
697,h2_storage,2030,30,1,1,,-0.5269812596662798
698,h2_storage,2030,30,2,2,,-0.5269812596662798
699,h2_storage,2030,30,3,3,,-0.5269812596662798
700,h2_storage,2030,30,4,4,,-0.5269812596662798
701,h2_storage,2030,30,5,5,,-0.5269812596662798
702,h2_storage,2030,30,6,6,,-0.5269812596662798
703,h2_storage,2030,30,7,7,,-0.5269812596662798
704,h2_storage,2030,30,8,8,,-0.5269812596662798
705,h2_storage,2030,30,9,9,,-0.5269812596662798
706,h2_storage,2030,30,10,10,,-0.5269812596662798
707,h2_storage,2030,30,11,11,,-0.5269812596662798
708,h2_storage,2030,30,12,12,,-0.5269812596662798
709,h2_storage,2030,30,13,13,,-0.5269812596662798
710,h2_storage,2030,30,14,14,,-0.5269812596662798
711,h2_storage,2030,30,15,15,,-0.5269812596662798
712,h2_storage,2030,30,16,16,,-0.5269812596662798
713,h2_storage,2030,30,17,17,,-0.5269812596662798
714,h2_storage,2030,30,18,18,,-0.5269812596662798
715,h2_storage,2030,30,19,19,,-0.5269812596662798
716,h2_storage,2030,30,20,20,,-0.5269812596662798
717,h2_storage,2030,30,21,21,,-0.5269812596662798
718,h2_storage,2030,30,22,22,,-0.5269812596662798
719,h2_storage,2030,30,23,23,,-0.5269812596662798
720,h2_storage,2030,30,24,24,,-0.5269812596662798
721,h2_storage,2030,31,1,1,,-0.4330380890976397
722,h2_storage,2030,31,2,2,,-0.4330380890976397
723,h2_storage,2030,31,3,3,,-0.4330380890976397
724,h2_storage,2030,31,4,4,,-0.4330380890976397
725,h2_storage,2030,31,5,5,,-0.4330380890976397
726,h2_storage,2030,31,6,6,,-0.4330380890976397
727,h2_storage,2030,31,7,7,,-0.4330380890976397
728,h2_storage,2030,31,8,8,,-0.4330380890976397
729,h2_storage,2030,31,9,9,,-0.4330380890976397
730,h2_storage,2030,31,10,10,,-0.4330380890976397
731,h2_storage,2030,31,11,11,,-0.4330380890976397
732,h2_storage,2030,31,12,12,,-0.4330380890976397
733,h2_storage,2030,31,13,13,,-0.4330380890976397
734,h2_storage,2030,31,14,14,,-0.4330380890976397
735,h2_storage,2030,31,15,15,,-0.4330380890976397
736,h2_storage,2030,31,16,16,,-0.4330380890976397
737,h2_storage,2030,31,17,17,,-0.4330380890976397
738,h2_storage,2030,31,18,18,,-0.4330380890976397
739,h2_storage,2030,31,19,19,,-0.4330380890976397
740,h2_storage,2030,31,20,20,,-0.4330380890976397
741,h2_storage,2030,31,21,21,,-0.4330380890976397
742,h2_storage,2030,31,22,22,,-0.4330380890976397
743,h2_storage,2030,31,23,23,,-0.4330380890976397
744,h2_storage,2030,31,24,24,,-0.4330380890976397
745,h2_storage,2030,32,1,1,,-1.637745125638045
746,h2_storage,2030,32,2,2,,-1.637745125638045
747,h2_storage,2030,32,3,3,,-1.637745125638045
748,h2_storage,2030,32,4,4,,-1.637745125638045
749,h2_storage,2030,32,5,5,,-1.637745125638045
750,h2_storage,2030,32,6,6,,-1.637745125638045
751,h2_storage,2030,32,7,7,,-1.637745125638045
752,h2_storage,2030,32,8,8,,-1.637745125638045
753,h2_storage,2030,32,9,9,,-1.637745125638045
754,h2_storage,2030,32,10,10,,-1.637745125638045
755,h2_storage,2030,32,11,11,,-1.637745125638045
756,h2_storage,2030,32,12,12,,-1.637745125638045
757,h2_storage,2030,32,13,13,,-1.637745125638045
758,h2_storage,2030,32,14,14,,-1.637745125638045
759,h2_storage,2030,32,15,15,,-1.637745125638045
760,h2_storage,2030,32,16,16,,-1.637745125638045
761,h2_storage,2030,32,17,17,,-1.637745125638045
762,h2_storage,2030,32,18,18,,-1.637745125638045
763,h2_storage,2030,32,19,19,,-1.637745125638045
764,h2_storage,2030,32,20,20,,-1.637745125638045
765,h2_storage,2030,32,21,21,,-1.637745125638045
766,h2_storage,2030,32,22,22,,-1.637745125638045
767,h2_storage,2030,32,23,23,,-1.637745125638045
768,h2_storage,2030,32,24,24,,-1.637745125638045
769,h2_storage,2030,33,1,1,,-1.0792363913652847
770,h2_storage,2030,33,2,2,,-1.0792363913652847
771,h2_storage,2030,33,3,3,,-1.0792363913652847
772,h2_storage,2030,33,4,4,,-1.0792363913652847
773,h2_storage,2030,33,5,5,,-1.0792363913652847
774,h2_storage,2030,33,6,6,,-1.0792363913652847
775,h2_storage,2030,33,7,7,,-1.0792363913652847
776,h2_storage,2030,33,8,8,,-1.0792363913652847
777,h2_storage,2030,33,9,9,,-1.0792363913652847
778,h2_storage,2030,33,10,10,,-1.0792363913652847
779,h2_storage,2030,33,11,11,,-1.0792363913652847
780,h2_storage,2030,33,12,12,,-1.0792363913652847
781,h2_storage,2030,33,13,13,,-1.0792363913652847
782,h2_storage,2030,33,14,14,,-1.0792363913652847
783,h2_storage,2030,33,15,15,,-1.0792363913652847
784,h2_storage,2030,33,16,16,,-1.0792363913652847
785,h2_storage,2030,33,17,17,,-1.0792363913652847
786,h2_storage,2030,33,18,18,,-1.0792363913652847
787,h2_storage,2030,33,19,19,,-1.0792363913652847
788,h2_storage,2030,33,20,20,,-1.0792363913652847
789,h2_storage,2030,33,21,21,,-1.0792363913652847
790,h2_storage,2030,33,22,22,,-1.0792363913652847
791,h2_storage,2030,33,23,23,,-1.0792363913652847
792,h2_storage,2030,33,24,24,,-1.0792363913652847
793,h2_storage,2030,34,1,1,,-1.423112474645541
794,h2_storage,2030,34,2,2,,-1.423112474645541
795,h2_storage,2030,34,3,3,,-1.423112474645541
796,h2_storage,2030,34,4,4,,-1.423112474645541
797,h2_storage,2030,34,5,5,,-1.423112474645541
798,h2_storage,2030,34,6,6,,-1.423112474645541
799,h2_storage,2030,34,7,7,,-1.423112474645541
800,h2_storage,2030,34,8,8,,-1.423112474645541
801,h2_storage,2030,34,9,9,,-1.423112474645541
802,h2_storage,2030,34,10,10,,-1.423112474645541
803,h2_storage,2030,34,11,11,,-1.423112474645541
804,h2_storage,2030,34,12,12,,-1.423112474645541
805,h2_storage,2030,34,13,13,,-1.423112474645541
806,h2_storage,2030,34,14,14,,-1.423112474645541
807,h2_storage,2030,34,15,15,,-1.423112474645541
808,h2_storage,2030,34,16,16,,-1.423112474645541
809,h2_storage,2030,34,17,17,,-1.423112474645541
810,h2_storage,2030,34,18,18,,-1.423112474645541
811,h2_storage,2030,34,19,19,,-1.423112474645541
812,h2_storage,2030,34,20,20,,-1.423112474645541
813,h2_storage,2030,34,21,21,,-1.423112474645541
814,h2_storage,2030,34,22,22,,-1.423112474645541
815,h2_storage,2030,34,23,23,,-1.423112474645541
816,h2_storage,2030,34,24,24,,-1.423112474645541
817,h2_storage,2030,35,1,1,,-1.0164617374992557
818,h2_storage,2030,35,2,2,,-1.0164617374992557
819,h2_storage,2030,35,3,3,,-1.0164617374992557
820,h2_storage,2030,35,4,4,,-1.0164617374992557
821,h2_storage,2030,35,5,5,,-1.0164617374992557
822,h2_storage,2030,35,6,6,,-1.0164617374992557
823,h2_storage,2030,35,7,7,,-1.0164617374992557
824,h2_storage,2030,35,8,8,,-1.0164617374992557
825,h2_storage,2030,35,9,9,,-1.0164617374992557
826,h2_storage,2030,35,10,10,,-1.0164617374992557
827,h2_storage,2030,35,11,11,,-1.0164617374992557
828,h2_storage,2030,35,12,12,,-1.0164617374992557
829,h2_storage,2030,35,13,13,,-1.0164617374992557
830,h2_storage,2030,35,14,14,,-1.0164617374992557
831,h2_storage,2030,35,15,15,,-1.0164617374992557
832,h2_storage,2030,35,16,16,,-1.0164617374992557
833,h2_storage,2030,35,17,17,,-1.0164617374992557
834,h2_storage,2030,35,18,18,,-1.0164617374992557
835,h2_storage,2030,35,19,19,,-1.0164617374992557
836,h2_storage,2030,35,20,20,,-1.0164617374992557
837,h2_storage,2030,35,21,21,,-1.0164617374992557
838,h2_storage,2030,35,22,22,,-1.0164617374992557
839,h2_storage,2030,35,23,23,,-1.0164617374992557
840,h2_storage,2030,35,24,24,,-1.0164617374992557
841,h2_storage,2030,36,1,1,,-0.514796474370166
842,h2_storage,2030,36,2,2,,-0.514796474370166
843,h2_storage,2030,36,3,3,,-0.514796474370166
844,h2_storage,2030,36,4,4,,-0.514796474370166
845,h2_storage,2030,36,5,5,,-0.514796474370166
846,h2_storage,2030,36,6,6,,-0.514796474370166
847,h2_storage,2030,36,7,7,,-0.514796474370166
848,h2_storage,2030,36,8,8,,-0.514796474370166
849,h2_storage,2030,36,9,9,,-0.514796474370166
850,h2_storage,2030,36,10,10,,-0.514796474370166
851,h2_storage,2030,36,11,11,,-0.514796474370166
852,h2_storage,2030,36,12,12,,-0.514796474370166
853,h2_storage,2030,36,13,13,,-0.514796474370166
854,h2_storage,2030,36,14,14,,-0.514796474370166
855,h2_storage,2030,36,15,15,,-0.514796474370166
856,h2_storage,2030,36,16,16,,-0.514796474370166
857,h2_storage,2030,36,17,17,,-0.514796474370166
858,h2_storage,2030,36,18,18,,-0.514796474370166
859,h2_storage,2030,36,19,19,,-0.514796474370166
860,h2_storage,2030,36,20,20,,-0.514796474370166
861,h2_storage,2030,36,21,21,,-0.514796474370166
862,h2_storage,2030,36,22,22,,-0.514796474370166
863,h2_storage,2030,36,23,23,,-0.514796474370166
864,h2_storage,2030,36,24,24,,-0.514796474370166
865,hydro_reservoir,2030,1,1,1,,-1.1869431388039156
866,hydro_reservoir,2030,1,2,2,,-1.1869431388039156
867,hydro_reservoir,2030,1,3,3,,-1.1869431388039156
868,hydro_reservoir,2030,1,4,4,,-1.1869431388039156
869,hydro_reservoir,2030,1,5,5,,-1.1869431388039156
870,hydro_reservoir,2030,1,6,6,,-1.1869431388039156
871,hydro_reservoir,2030,1,7,7,,-1.1869431388039156
872,hydro_reservoir,2030,1,8,8,,-1.1869431388039156
873,hydro_reservoir,2030,1,9,9,,-1.1869431388039156
874,hydro_reservoir,2030,1,10,10,,-1.1869431388039156
875,hydro_reservoir,2030,1,11,11,,-1.1869431388039156
876,hydro_reservoir,2030,1,12,12,,-1.1869431388039156
877,hydro_reservoir,2030,1,13,13,,-1.1869431388039156
878,hydro_reservoir,2030,1,14,14,,-1.1869431388039156
879,hydro_reservoir,2030,1,15,15,,-1.1869431388039156
880,hydro_reservoir,2030,1,16,16,,-1.1869431388039156
881,hydro_reservoir,2030,1,17,17,,-1.1869431388039156
882,hydro_reservoir,2030,1,18,18,,-1.1869431388039156
883,hydro_reservoir,2030,1,19,19,,-1.1869431388039156
884,hydro_reservoir,2030,1,20,20,,-1.1869431388039156
885,hydro_reservoir,2030,1,21,21,,-1.1869431388039156
886,hydro_reservoir,2030,1,22,22,,-1.1869431388039156
887,hydro_reservoir,2030,1,23,23,,-1.1869431388039156
888,hydro_reservoir,2030,1,24,24,,-1.1869431388039156
889,hydro_reservoir,2030,2,1,1,,-3.4971868995971014
890,hydro_reservoir,2030,2,2,2,,-3.4971868995971014
891,hydro_reservoir,2030,2,3,3,,-3.4971868995971014
892,hydro_reservoir,2030,2,4,4,,-3.4971868995971014
893,hydro_reservoir,2030,2,5,5,,-3.4971868995971014
894,hydro_reservoir,2030,2,6,6,,-3.4971868995971014
895,hydro_reservoir,2030,2,7,7,,-3.4971868995971014
896,hydro_reservoir,2030,2,8,8,,-3.4971868995971014
897,hydro_reservoir,2030,2,9,9,,-3.4971868995971014
898,hydro_reservoir,2030,2,10,10,,-3.4971868995971014
899,hydro_reservoir,2030,2,11,11,,-3.4971868995971014
900,hydro_reservoir,2030,2,12,12,,-3.4971868995971014
901,hydro_reservoir,2030,2,13,13,,-3.4971868995971014
902,hydro_reservoir,2030,2,14,14,,-3.4971868995971014
903,hydro_reservoir,2030,2,15,15,,-3.4971868995971014
904,hydro_reservoir,2030,2,16,16,,-3.4971868995971014
905,hydro_reservoir,2030,2,17,17,,-3.4971868995971014
906,hydro_reservoir,2030,2,18,18,,-3.4971868995971014
907,hydro_reservoir,2030,2,19,19,,-3.4971868995971014
908,hydro_reservoir,2030,2,20,20,,-3.4971868995971014
909,hydro_reservoir,2030,2,21,21,,-3.4971868995971014
910,hydro_reservoir,2030,2,22,22,,-3.4971868995971014
911,hydro_reservoir,2030,2,23,23,,-3.4971868995971014
912,hydro_reservoir,2030,2,24,24,,-3.4971868995971014
913,hydro_reservoir,2030,3,1,1,,-0.2923317073791777
914,hydro_reservoir,2030,3,2,2,,-0.2923317073791777
915,hydro_reservoir,2030,3,3,3,,-0.2923317073791777
916,hydro_reservoir,2030,3,4,4,,-0.2923317073791777
917,hydro_reservoir,2030,3,5,5,,-0.2923317073791777
918,hydro_reservoir,2030,3,6,6,,-0.2923317073791777
919,hydro_reservoir,2030,3,7,7,,-0.2923317073791777
920,hydro_reservoir,2030,3,8,8,,-0.2923317073791777
921,hydro_reservoir,2030,3,9,9,,-0.2923317073791777
922,hydro_reservoir,2030,3,10,10,,-0.2923317073791777
923,hydro_reservoir,2030,3,11,11,,-0.2923317073791777
924,hydro_reservoir,2030,3,12,12,,-0.2923317073791777
925,hydro_reservoir,2030,3,13,13,,-0.2923317073791777
926,hydro_reservoir,2030,3,14,14,,-0.2923317073791777
927,hydro_reservoir,2030,3,15,15,,-0.2923317073791777
928,hydro_reservoir,2030,3,16,16,,-0.2923317073791777
929,hydro_reservoir,2030,3,17,17,,-0.2923317073791777
930,hydro_reservoir,2030,3,18,18,,-0.2923317073791777
931,hydro_reservoir,2030,3,19,19,,-0.2923317073791777
932,hydro_reservoir,2030,3,20,20,,-0.2923317073791777
933,hydro_reservoir,2030,3,21,21,,-0.2923317073791777
934,hydro_reservoir,2030,3,22,22,,-0.2923317073791777
935,hydro_reservoir,2030,3,23,23,,-0.2923317073791777
936,hydro_reservoir,2030,3,24,24,,-0.2923317073791777
937,hydro_reservoir,2030,4,1,1,,-1.3940919956676783
938,hydro_reservoir,2030,4,2,2,,-1.3940919956676783
939,hydro_reservoir,2030,4,3,3,,-1.3940919956676783
940,hydro_reservoir,2030,4,4,4,,-1.3940919956676783
941,hydro_reservoir,2030,4,5,5,,-1.3940919956676783
942,hydro_reservoir,2030,4,6,6,,-1.3940919956676783
943,hydro_reservoir,2030,4,7,7,,-1.3940919956676783
944,hydro_reservoir,2030,4,8,8,,-1.3940919956676783
945,hydro_reservoir,2030,4,9,9,,-1.3940919956676783
946,hydro_reservoir,2030,4,10,10,,-1.3940919956676783
947,hydro_reservoir,2030,4,11,11,,-1.3940919956676783
948,hydro_reservoir,2030,4,12,12,,-1.3940919956676783
949,hydro_reservoir,2030,4,13,13,,-1.3940919956676783
950,hydro_reservoir,2030,4,14,14,,-1.3940919956676783
951,hydro_reservoir,2030,4,15,15,,-1.3940919956676783
952,hydro_reservoir,2030,4,16,16,,-1.3940919956676783
953,hydro_reservoir,2030,4,17,17,,-1.3940919956676783
954,hydro_reservoir,2030,4,18,18,,-1.3940919956676783
955,hydro_reservoir,2030,4,19,19,,-1.3940919956676783
956,hydro_reservoir,2030,4,20,20,,-1.3940919956676783
957,hydro_reservoir,2030,4,21,21,,-1.3940919956676783
958,hydro_reservoir,2030,4,22,22,,-1.3940919956676783
959,hydro_reservoir,2030,4,23,23,,-1.3940919956676783
960,hydro_reservoir,2030,4,24,24,,-1.3940919956676783
961,hydro_reservoir,2030,5,1,1,,-0.579013768412979
962,hydro_reservoir,2030,5,2,2,,-0.579013768412979
963,hydro_reservoir,2030,5,3,3,,-0.579013768412979
964,hydro_reservoir,2030,5,4,4,,-0.579013768412979
965,hydro_reservoir,2030,5,5,5,,-0.579013768412979
966,hydro_reservoir,2030,5,6,6,,-0.579013768412979
967,hydro_reservoir,2030,5,7,7,,-0.579013768412979
968,hydro_reservoir,2030,5,8,8,,-0.579013768412979
969,hydro_reservoir,2030,5,9,9,,-0.579013768412979
970,hydro_reservoir,2030,5,10,10,,-0.579013768412979
971,hydro_reservoir,2030,5,11,11,,-0.579013768412979
972,hydro_reservoir,2030,5,12,12,,-0.579013768412979
973,hydro_reservoir,2030,5,13,13,,-0.579013768412979
974,hydro_reservoir,2030,5,14,14,,-0.579013768412979
975,hydro_reservoir,2030,5,15,15,,-0.579013768412979
976,hydro_reservoir,2030,5,16,16,,-0.579013768412979
977,hydro_reservoir,2030,5,17,17,,-0.579013768412979
978,hydro_reservoir,2030,5,18,18,,-0.579013768412979
979,hydro_reservoir,2030,5,19,19,,-0.579013768412979
980,hydro_reservoir,2030,5,20,20,,-0.579013768412979
981,hydro_reservoir,2030,5,21,21,,-0.579013768412979
982,hydro_reservoir,2030,5,22,22,,-0.579013768412979
983,hydro_reservoir,2030,5,23,23,,-0.579013768412979
984,hydro_reservoir,2030,5,24,24,,-0.579013768412979
985,hydro_reservoir,2030,6,1,1,,-0.46681731094042217
986,hydro_reservoir,2030,6,2,2,,-0.46681731094042217
987,hydro_reservoir,2030,6,3,3,,-0.46681731094042217
988,hydro_reservoir,2030,6,4,4,,-0.46681731094042217
989,hydro_reservoir,2030,6,5,5,,-0.46681731094042217
990,hydro_reservoir,2030,6,6,6,,-0.46681731094042217
991,hydro_reservoir,2030,6,7,7,,-0.46681731094042217
992,hydro_reservoir,2030,6,8,8,,-0.46681731094042217
993,hydro_reservoir,2030,6,9,9,,-0.46681731094042217
994,hydro_reservoir,2030,6,10,10,,-0.46681731094042217
995,hydro_reservoir,2030,6,11,11,,-0.46681731094042217
996,hydro_reservoir,2030,6,12,12,,-0.46681731094042217
997,hydro_reservoir,2030,6,13,13,,-0.46681731094042217
998,hydro_reservoir,2030,6,14,14,,-0.46681731094042217
999,hydro_reservoir,2030,6,15,15,,-0.46681731094042217
1000,hydro_reservoir,2030,6,16,16,,-0.46681731094042217
1001,hydro_reservoir,2030,6,17,17,,-0.46681731094042217
1002,hydro_reservoir,2030,6,18,18,,-0.46681731094042217
1003,hydro_reservoir,2030,6,19,19,,-0.46681731094042217
1004,hydro_reservoir,2030,6,20,20,,-0.46681731094042217
1005,hydro_reservoir,2030,6,21,21,,-0.46681731094042217
1006,hydro_reservoir,2030,6,22,22,,-0.46681731094042217
1007,hydro_reservoir,2030,6,23,23,,-0.46681731094042217
1008,hydro_reservoir,2030,6,24,24,,-0.46681731094042217
1009,hydro_reservoir,2030,7,1,1,,-0.9517223346557867
1010,hydro_reservoir,2030,7,2,2,,-0.9517223346557867
1011,hydro_reservoir,2030,7,3,3,,-0.9517223346557867
1012,hydro_reservoir,2030,7,4,4,,-0.9517223346557867
1013,hydro_reservoir,2030,7,5,5,,-0.9517223346557867
1014,hydro_reservoir,2030,7,6,6,,-0.9517223346557867
1015,hydro_reservoir,2030,7,7,7,,-0.9517223346557867
1016,hydro_reservoir,2030,7,8,8,,-0.9517223346557867
1017,hydro_reservoir,2030,7,9,9,,-0.9517223346557867
1018,hydro_reservoir,2030,7,10,10,,-0.9517223346557867
1019,hydro_reservoir,2030,7,11,11,,-0.9517223346557867
1020,hydro_reservoir,2030,7,12,12,,-0.9517223346557867
1021,hydro_reservoir,2030,7,13,13,,-0.9517223346557867
1022,hydro_reservoir,2030,7,14,14,,-0.9517223346557867
1023,hydro_reservoir,2030,7,15,15,,-0.9517223346557867
1024,hydro_reservoir,2030,7,16,16,,-0.9517223346557867
1025,hydro_reservoir,2030,7,17,17,,-0.9517223346557867
1026,hydro_reservoir,2030,7,18,18,,-0.9517223346557867
1027,hydro_reservoir,2030,7,19,19,,-0.9517223346557867
1028,hydro_reservoir,2030,7,20,20,,-0.9517223346557867
1029,hydro_reservoir,2030,7,21,21,,-0.9517223346557867
1030,hydro_reservoir,2030,7,22,22,,-0.9517223346557867
1031,hydro_reservoir,2030,7,23,23,,-0.9517223346557867
1032,hydro_reservoir,2030,7,24,24,,-0.9517223346557867
1033,hydro_reservoir,2030,8,1,1,,-1.866790382398154
1034,hydro_reservoir,2030,8,2,2,,-1.866790382398154
1035,hydro_reservoir,2030,8,3,3,,-1.866790382398154
1036,hydro_reservoir,2030,8,4,4,,-1.866790382398154
1037,hydro_reservoir,2030,8,5,5,,-1.866790382398154
1038,hydro_reservoir,2030,8,6,6,,-1.866790382398154
1039,hydro_reservoir,2030,8,7,7,,-1.866790382398154
1040,hydro_reservoir,2030,8,8,8,,-1.866790382398154
1041,hydro_reservoir,2030,8,9,9,,-1.866790382398154
1042,hydro_reservoir,2030,8,10,10,,-1.866790382398154
1043,hydro_reservoir,2030,8,11,11,,-1.866790382398154
1044,hydro_reservoir,2030,8,12,12,,-1.866790382398154
1045,hydro_reservoir,2030,8,13,13,,-1.866790382398154
1046,hydro_reservoir,2030,8,14,14,,-1.866790382398154
1047,hydro_reservoir,2030,8,15,15,,-1.866790382398154
1048,hydro_reservoir,2030,8,16,16,,-1.866790382398154
1049,hydro_reservoir,2030,8,17,17,,-1.866790382398154
1050,hydro_reservoir,2030,8,18,18,,-1.866790382398154
1051,hydro_reservoir,2030,8,19,19,,-1.866790382398154
1052,hydro_reservoir,2030,8,20,20,,-1.866790382398154
1053,hydro_reservoir,2030,8,21,21,,-1.866790382398154
1054,hydro_reservoir,2030,8,22,22,,-1.866790382398154
1055,hydro_reservoir,2030,8,23,23,,-1.866790382398154
1056,hydro_reservoir,2030,8,24,24,,-1.866790382398154
1057,hydro_reservoir,2030,9,1,1,,-1.0688897023242292
1058,hydro_reservoir,2030,9,2,2,,-1.0688897023242292
1059,hydro_reservoir,2030,9,3,3,,-1.0688897023242292
1060,hydro_reservoir,2030,9,4,4,,-1.0688897023242292
1061,hydro_reservoir,2030,9,5,5,,-1.0688897023242292
1062,hydro_reservoir,2030,9,6,6,,-1.0688897023242292
1063,hydro_reservoir,2030,9,7,7,,-1.0688897023242292
1064,hydro_reservoir,2030,9,8,8,,-1.0688897023242292
1065,hydro_reservoir,2030,9,9,9,,-1.0688897023242292
1066,hydro_reservoir,2030,9,10,10,,-1.0688897023242292
1067,hydro_reservoir,2030,9,11,11,,-1.0688897023242292
1068,hydro_reservoir,2030,9,12,12,,-1.0688897023242292
1069,hydro_reservoir,2030,9,13,13,,-1.0688897023242292
1070,hydro_reservoir,2030,9,14,14,,-1.0688897023242292
1071,hydro_reservoir,2030,9,15,15,,-1.0688897023242292
1072,hydro_reservoir,2030,9,16,16,,-1.0688897023242292
1073,hydro_reservoir,2030,9,17,17,,-1.0688897023242292
1074,hydro_reservoir,2030,9,18,18,,-1.0688897023242292
1075,hydro_reservoir,2030,9,19,19,,-1.0688897023242292
1076,hydro_reservoir,2030,9,20,20,,-1.0688897023242292
1077,hydro_reservoir,2030,9,21,21,,-1.0688897023242292
1078,hydro_reservoir,2030,9,22,22,,-1.0688897023242292
1079,hydro_reservoir,2030,9,23,23,,-1.0688897023242292
1080,hydro_reservoir,2030,9,24,24,,-1.0688897023242292
1081,hydro_reservoir,2030,10,1,1,,-1.408641422202904
1082,hydro_reservoir,2030,10,2,2,,-1.408641422202904
1083,hydro_reservoir,2030,10,3,3,,-1.408641422202904
1084,hydro_reservoir,2030,10,4,4,,-1.408641422202904
1085,hydro_reservoir,2030,10,5,5,,-1.408641422202904
1086,hydro_reservoir,2030,10,6,6,,-1.408641422202904
1087,hydro_reservoir,2030,10,7,7,,-1.408641422202904
1088,hydro_reservoir,2030,10,8,8,,-1.408641422202904
1089,hydro_reservoir,2030,10,9,9,,-1.408641422202904
1090,hydro_reservoir,2030,10,10,10,,-1.408641422202904
1091,hydro_reservoir,2030,10,11,11,,-1.408641422202904
1092,hydro_reservoir,2030,10,12,12,,-1.408641422202904
1093,hydro_reservoir,2030,10,13,13,,-1.408641422202904
1094,hydro_reservoir,2030,10,14,14,,-1.408641422202904
1095,hydro_reservoir,2030,10,15,15,,-1.408641422202904
1096,hydro_reservoir,2030,10,16,16,,-1.408641422202904
1097,hydro_reservoir,2030,10,17,17,,-1.408641422202904
1098,hydro_reservoir,2030,10,18,18,,-1.408641422202904
1099,hydro_reservoir,2030,10,19,19,,-1.408641422202904
1100,hydro_reservoir,2030,10,20,20,,-1.408641422202904
1101,hydro_reservoir,2030,10,21,21,,-1.408641422202904
1102,hydro_reservoir,2030,10,22,22,,-1.408641422202904
1103,hydro_reservoir,2030,10,23,23,,-1.408641422202904
1104,hydro_reservoir,2030,10,24,24,,-1.408641422202904
1105,hydro_reservoir,2030,11,1,1,,-1.2065712548247431
1106,hydro_reservoir,2030,11,2,2,,-1.2065712548247431
1107,hydro_reservoir,2030,11,3,3,,-1.2065712548247431
1108,hydro_reservoir,2030,11,4,4,,-1.2065712548247431
1109,hydro_reservoir,2030,11,5,5,,-1.2065712548247431
1110,hydro_reservoir,2030,11,6,6,,-1.2065712548247431
1111,hydro_reservoir,2030,11,7,7,,-1.2065712548247431
1112,hydro_reservoir,2030,11,8,8,,-1.2065712548247431
1113,hydro_reservoir,2030,11,9,9,,-1.2065712548247431
1114,hydro_reservoir,2030,11,10,10,,-1.2065712548247431
1115,hydro_reservoir,2030,11,11,11,,-1.2065712548247431
1116,hydro_reservoir,2030,11,12,12,,-1.2065712548247431
1117,hydro_reservoir,2030,11,13,13,,-1.2065712548247431
1118,hydro_reservoir,2030,11,14,14,,-1.2065712548247431
1119,hydro_reservoir,2030,11,15,15,,-1.2065712548247431
1120,hydro_reservoir,2030,11,16,16,,-1.2065712548247431
1121,hydro_reservoir,2030,11,17,17,,-1.2065712548247431
1122,hydro_reservoir,2030,11,18,18,,-1.2065712548247431
1123,hydro_reservoir,2030,11,19,19,,-1.2065712548247431
1124,hydro_reservoir,2030,11,20,20,,-1.2065712548247431
1125,hydro_reservoir,2030,11,21,21,,-1.2065712548247431
1126,hydro_reservoir,2030,11,22,22,,-1.2065712548247431
1127,hydro_reservoir,2030,11,23,23,,-1.2065712548247431
1128,hydro_reservoir,2030,11,24,24,,-1.2065712548247431
1129,hydro_reservoir,2030,12,1,1,,-1.9512990882858154
1130,hydro_reservoir,2030,12,2,2,,-1.9512990882858154
1131,hydro_reservoir,2030,12,3,3,,-1.9512990882858154
1132,hydro_reservoir,2030,12,4,4,,-1.9512990882858154
1133,hydro_reservoir,2030,12,5,5,,-1.9512990882858154
1134,hydro_reservoir,2030,12,6,6,,-1.9512990882858154
1135,hydro_reservoir,2030,12,7,7,,-1.9512990882858154
1136,hydro_reservoir,2030,12,8,8,,-1.9512990882858154
1137,hydro_reservoir,2030,12,9,9,,-1.9512990882858154
1138,hydro_reservoir,2030,12,10,10,,-1.9512990882858154
1139,hydro_reservoir,2030,12,11,11,,-1.9512990882858154
1140,hydro_reservoir,2030,12,12,12,,-1.9512990882858154
1141,hydro_reservoir,2030,12,13,13,,-1.9512990882858154
1142,hydro_reservoir,2030,12,14,14,,-1.9512990882858154
1143,hydro_reservoir,2030,12,15,15,,-1.9512990882858154
1144,hydro_reservoir,2030,12,16,16,,-1.9512990882858154
1145,hydro_reservoir,2030,12,17,17,,-1.9512990882858154
1146,hydro_reservoir,2030,12,18,18,,-1.9512990882858154
1147,hydro_reservoir,2030,12,19,19,,-1.9512990882858154
1148,hydro_reservoir,2030,12,20,20,,-1.9512990882858154
1149,hydro_reservoir,2030,12,21,21,,-1.9512990882858154
1150,hydro_reservoir,2030,12,22,22,,-1.9512990882858154
1151,hydro_reservoir,2030,12,23,23,,-1.9512990882858154
1152,hydro_reservoir,2030,12,24,24,,-1.9512990882858154
1153,hydro_reservoir,2030,13,1,1,,-0.1009907493521829
1154,hydro_reservoir,2030,13,2,2,,-0.1009907493521829
1155,hydro_reservoir,2030,13,3,3,,-0.1009907493521829
1156,hydro_reservoir,2030,13,4,4,,-0.1009907493521829
1157,hydro_reservoir,2030,13,5,5,,-0.1009907493521829
1158,hydro_reservoir,2030,13,6,6,,-0.1009907493521829
1159,hydro_reservoir,2030,13,7,7,,-0.1009907493521829
1160,hydro_reservoir,2030,13,8,8,,-0.1009907493521829
1161,hydro_reservoir,2030,13,9,9,,-0.1009907493521829
1162,hydro_reservoir,2030,13,10,10,,-0.1009907493521829
1163,hydro_reservoir,2030,13,11,11,,-0.1009907493521829
1164,hydro_reservoir,2030,13,12,12,,-0.1009907493521829
1165,hydro_reservoir,2030,13,13,13,,-0.1009907493521829
1166,hydro_reservoir,2030,13,14,14,,-0.1009907493521829
1167,hydro_reservoir,2030,13,15,15,,-0.1009907493521829
1168,hydro_reservoir,2030,13,16,16,,-0.1009907493521829
1169,hydro_reservoir,2030,13,17,17,,-0.1009907493521829
1170,hydro_reservoir,2030,13,18,18,,-0.1009907493521829
1171,hydro_reservoir,2030,13,19,19,,-0.1009907493521829
1172,hydro_reservoir,2030,13,20,20,,-0.1009907493521829
1173,hydro_reservoir,2030,13,21,21,,-0.1009907493521829
1174,hydro_reservoir,2030,13,22,22,,-0.1009907493521829
1175,hydro_reservoir,2030,13,23,23,,-0.1009907493521829
1176,hydro_reservoir,2030,13,24,24,,-0.1009907493521829
1177,hydro_reservoir,2030,14,1,1,,-0.5199089858291746
1178,hydro_reservoir,2030,14,2,2,,-0.5199089858291746
1179,hydro_reservoir,2030,14,3,3,,-0.5199089858291746
1180,hydro_reservoir,2030,14,4,4,,-0.5199089858291746
1181,hydro_reservoir,2030,14,5,5,,-0.5199089858291746
1182,hydro_reservoir,2030,14,6,6,,-0.5199089858291746
1183,hydro_reservoir,2030,14,7,7,,-0.5199089858291746
1184,hydro_reservoir,2030,14,8,8,,-0.5199089858291746
1185,hydro_reservoir,2030,14,9,9,,-0.5199089858291746
1186,hydro_reservoir,2030,14,10,10,,-0.5199089858291746
1187,hydro_reservoir,2030,14,11,11,,-0.5199089858291746
1188,hydro_reservoir,2030,14,12,12,,-0.5199089858291746
1189,hydro_reservoir,2030,14,13,13,,-0.5199089858291746
1190,hydro_reservoir,2030,14,14,14,,-0.5199089858291746
1191,hydro_reservoir,2030,14,15,15,,-0.5199089858291746
1192,hydro_reservoir,2030,14,16,16,,-0.5199089858291746
1193,hydro_reservoir,2030,14,17,17,,-0.5199089858291746
1194,hydro_reservoir,2030,14,18,18,,-0.5199089858291746
1195,hydro_reservoir,2030,14,19,19,,-0.5199089858291746
1196,hydro_reservoir,2030,14,20,20,,-0.5199089858291746
1197,hydro_reservoir,2030,14,21,21,,-0.5199089858291746
1198,hydro_reservoir,2030,14,22,22,,-0.5199089858291746
1199,hydro_reservoir,2030,14,23,23,,-0.5199089858291746
1200,hydro_reservoir,2030,14,24,24,,-0.5199089858291746
1201,hydro_reservoir,2030,15,1,1,,-0.1357254847652509
1202,hydro_reservoir,2030,15,2,2,,-0.1357254847652509
1203,hydro_reservoir,2030,15,3,3,,-0.1357254847652509
1204,hydro_reservoir,2030,15,4,4,,-0.1357254847652509
1205,hydro_reservoir,2030,15,5,5,,-0.1357254847652509
1206,hydro_reservoir,2030,15,6,6,,-0.1357254847652509
1207,hydro_reservoir,2030,15,7,7,,-0.1357254847652509
1208,hydro_reservoir,2030,15,8,8,,-0.1357254847652509
1209,hydro_reservoir,2030,15,9,9,,-0.1357254847652509
1210,hydro_reservoir,2030,15,10,10,,-0.1357254847652509
1211,hydro_reservoir,2030,15,11,11,,-0.1357254847652509
1212,hydro_reservoir,2030,15,12,12,,-0.1357254847652509
1213,hydro_reservoir,2030,15,13,13,,-0.1357254847652509
1214,hydro_reservoir,2030,15,14,14,,-0.1357254847652509
1215,hydro_reservoir,2030,15,15,15,,-0.1357254847652509
1216,hydro_reservoir,2030,15,16,16,,-0.1357254847652509
1217,hydro_reservoir,2030,15,17,17,,-0.1357254847652509
1218,hydro_reservoir,2030,15,18,18,,-0.1357254847652509
1219,hydro_reservoir,2030,15,19,19,,-0.1357254847652509
1220,hydro_reservoir,2030,15,20,20,,-0.1357254847652509
1221,hydro_reservoir,2030,15,21,21,,-0.1357254847652509
1222,hydro_reservoir,2030,15,22,22,,-0.1357254847652509
1223,hydro_reservoir,2030,15,23,23,,-0.1357254847652509
1224,hydro_reservoir,2030,15,24,24,,-0.1357254847652509
1225,hydro_reservoir,2030,16,1,1,,-0.20585951096673807
1226,hydro_reservoir,2030,16,2,2,,-0.20585951096673807
1227,hydro_reservoir,2030,16,3,3,,-0.20585951096673807
1228,hydro_reservoir,2030,16,4,4,,-0.20585951096673807
1229,hydro_reservoir,2030,16,5,5,,-0.20585951096673807
1230,hydro_reservoir,2030,16,6,6,,-0.20585951096673807
1231,hydro_reservoir,2030,16,7,7,,-0.20585951096673807
1232,hydro_reservoir,2030,16,8,8,,-0.20585951096673807
1233,hydro_reservoir,2030,16,9,9,,-0.20585951096673807
1234,hydro_reservoir,2030,16,10,10,,-0.20585951096673807
1235,hydro_reservoir,2030,16,11,11,,-0.20585951096673807
1236,hydro_reservoir,2030,16,12,12,,-0.20585951096673807
1237,hydro_reservoir,2030,16,13,13,,-0.20585951096673807
1238,hydro_reservoir,2030,16,14,14,,-0.20585951096673807
1239,hydro_reservoir,2030,16,15,15,,-0.20585951096673807
1240,hydro_reservoir,2030,16,16,16,,-0.20585951096673807
1241,hydro_reservoir,2030,16,17,17,,-0.20585951096673807
1242,hydro_reservoir,2030,16,18,18,,-0.20585951096673807
1243,hydro_reservoir,2030,16,19,19,,-0.20585951096673807
1244,hydro_reservoir,2030,16,20,20,,-0.20585951096673807
1245,hydro_reservoir,2030,16,21,21,,-0.20585951096673807
1246,hydro_reservoir,2030,16,22,22,,-0.20585951096673807
1247,hydro_reservoir,2030,16,23,23,,-0.20585951096673807
1248,hydro_reservoir,2030,16,24,24,,-0.20585951096673807
1249,hydro_reservoir,2030,17,1,1,,-0.11027411037699081
1250,hydro_reservoir,2030,17,2,2,,-0.11027411037699081
1251,hydro_reservoir,2030,17,3,3,,-0.11027411037699081
1252,hydro_reservoir,2030,17,4,4,,-0.11027411037699081
1253,hydro_reservoir,2030,17,5,5,,-0.11027411037699081
1254,hydro_reservoir,2030,17,6,6,,-0.11027411037699081
1255,hydro_reservoir,2030,17,7,7,,-0.11027411037699081
1256,hydro_reservoir,2030,17,8,8,,-0.11027411037699081
1257,hydro_reservoir,2030,17,9,9,,-0.11027411037699081
1258,hydro_reservoir,2030,17,10,10,,-0.11027411037699081
1259,hydro_reservoir,2030,17,11,11,,-0.11027411037699081
1260,hydro_reservoir,2030,17,12,12,,-0.11027411037699081
1261,hydro_reservoir,2030,17,13,13,,-0.11027411037699081
1262,hydro_reservoir,2030,17,14,14,,-0.11027411037699081
1263,hydro_reservoir,2030,17,15,15,,-0.11027411037699081
1264,hydro_reservoir,2030,17,16,16,,-0.11027411037699081
1265,hydro_reservoir,2030,17,17,17,,-0.11027411037699081
1266,hydro_reservoir,2030,17,18,18,,-0.11027411037699081
1267,hydro_reservoir,2030,17,19,19,,-0.11027411037699081
1268,hydro_reservoir,2030,17,20,20,,-0.11027411037699081
1269,hydro_reservoir,2030,17,21,21,,-0.11027411037699081
1270,hydro_reservoir,2030,17,22,22,,-0.11027411037699081
1271,hydro_reservoir,2030,17,23,23,,-0.11027411037699081
1272,hydro_reservoir,2030,17,24,24,,-0.11027411037699081
1273,hydro_reservoir,2030,18,1,1,,-0.10498432130657392
1274,hydro_reservoir,2030,18,2,2,,-0.10498432130657392
1275,hydro_reservoir,2030,18,3,3,,-0.10498432130657392
1276,hydro_reservoir,2030,18,4,4,,-0.10498432130657392
1277,hydro_reservoir,2030,18,5,5,,-0.10498432130657392
1278,hydro_reservoir,2030,18,6,6,,-0.10498432130657392
1279,hydro_reservoir,2030,18,7,7,,-0.10498432130657392
1280,hydro_reservoir,2030,18,8,8,,-0.10498432130657392
1281,hydro_reservoir,2030,18,9,9,,-0.10498432130657392
1282,hydro_reservoir,2030,18,10,10,,-0.10498432130657392
1283,hydro_reservoir,2030,18,11,11,,-0.10498432130657392
1284,hydro_reservoir,2030,18,12,12,,-0.10498432130657392
1285,hydro_reservoir,2030,18,13,13,,-0.10498432130657392
1286,hydro_reservoir,2030,18,14,14,,-0.10498432130657392
1287,hydro_reservoir,2030,18,15,15,,-0.10498432130657392
1288,hydro_reservoir,2030,18,16,16,,-0.10498432130657392
1289,hydro_reservoir,2030,18,17,17,,-0.10498432130657392
1290,hydro_reservoir,2030,18,18,18,,-0.10498432130657392
1291,hydro_reservoir,2030,18,19,19,,-0.10498432130657392
1292,hydro_reservoir,2030,18,20,20,,-0.10498432130657392
1293,hydro_reservoir,2030,18,21,21,,-0.10498432130657392
1294,hydro_reservoir,2030,18,22,22,,-0.10498432130657392
1295,hydro_reservoir,2030,18,23,23,,-0.10498432130657392
1296,hydro_reservoir,2030,18,24,24,,-0.10498432130657392
1297,hydro_reservoir,2030,19,1,1,,-0.04431275881166386
1298,hydro_reservoir,2030,19,2,2,,-0.04431275881166386
1299,hydro_reservoir,2030,19,3,3,,-0.04431275881166386
1300,hydro_reservoir,2030,19,4,4,,-0.04431275881166386
1301,hydro_reservoir,2030,19,5,5,,-0.04431275881166386
1302,hydro_reservoir,2030,19,6,6,,-0.04431275881166386
1303,hydro_reservoir,2030,19,7,7,,-0.04431275881166386
1304,hydro_reservoir,2030,19,8,8,,-0.04431275881166386
1305,hydro_reservoir,2030,19,9,9,,-0.04431275881166386
1306,hydro_reservoir,2030,19,10,10,,-0.04431275881166386
1307,hydro_reservoir,2030,19,11,11,,-0.04431275881166386
1308,hydro_reservoir,2030,19,12,12,,-0.04431275881166386
1309,hydro_reservoir,2030,19,13,13,,-0.04431275881166386
1310,hydro_reservoir,2030,19,14,14,,-0.04431275881166386
1311,hydro_reservoir,2030,19,15,15,,-0.04431275881166386
1312,hydro_reservoir,2030,19,16,16,,-0.04431275881166386
1313,hydro_reservoir,2030,19,17,17,,-0.04431275881166386
1314,hydro_reservoir,2030,19,18,18,,-0.04431275881166386
1315,hydro_reservoir,2030,19,19,19,,-0.04431275881166386
1316,hydro_reservoir,2030,19,20,20,,-0.04431275881166386
1317,hydro_reservoir,2030,19,21,21,,-0.04431275881166386
1318,hydro_reservoir,2030,19,22,22,,-0.04431275881166386
1319,hydro_reservoir,2030,19,23,23,,-0.04431275881166386
1320,hydro_reservoir,2030,19,24,24,,-0.04431275881166386
1321,hydro_reservoir,2030,20,1,1,,-0.08087872518271728
1322,hydro_reservoir,2030,20,2,2,,-0.08087872518271728
1323,hydro_reservoir,2030,20,3,3,,-0.08087872518271728
1324,hydro_reservoir,2030,20,4,4,,-0.08087872518271728
1325,hydro_reservoir,2030,20,5,5,,-0.08087872518271728
1326,hydro_reservoir,2030,20,6,6,,-0.08087872518271728
1327,hydro_reservoir,2030,20,7,7,,-0.08087872518271728
1328,hydro_reservoir,2030,20,8,8,,-0.08087872518271728
1329,hydro_reservoir,2030,20,9,9,,-0.08087872518271728
1330,hydro_reservoir,2030,20,10,10,,-0.08087872518271728
1331,hydro_reservoir,2030,20,11,11,,-0.08087872518271728
1332,hydro_reservoir,2030,20,12,12,,-0.08087872518271728
1333,hydro_reservoir,2030,20,13,13,,-0.08087872518271728
1334,hydro_reservoir,2030,20,14,14,,-0.08087872518271728
1335,hydro_reservoir,2030,20,15,15,,-0.08087872518271728
1336,hydro_reservoir,2030,20,16,16,,-0.08087872518271728
1337,hydro_reservoir,2030,20,17,17,,-0.08087872518271728
1338,hydro_reservoir,2030,20,18,18,,-0.08087872518271728
1339,hydro_reservoir,2030,20,19,19,,-0.08087872518271728
1340,hydro_reservoir,2030,20,20,20,,-0.08087872518271728
1341,hydro_reservoir,2030,20,21,21,,-0.08087872518271728
1342,hydro_reservoir,2030,20,22,22,,-0.08087872518271728
1343,hydro_reservoir,2030,20,23,23,,-0.08087872518271728
1344,hydro_reservoir,2030,20,24,24,,-0.08087872518271728
1345,hydro_reservoir,2030,21,1,1,,-0.07616021508896832
1346,hydro_reservoir,2030,21,2,2,,-0.07616021508896832
1347,hydro_reservoir,2030,21,3,3,,-0.07616021508896832
1348,hydro_reservoir,2030,21,4,4,,-0.07616021508896832
1349,hydro_reservoir,2030,21,5,5,,-0.07616021508896832
1350,hydro_reservoir,2030,21,6,6,,-0.07616021508896832
1351,hydro_reservoir,2030,21,7,7,,-0.07616021508896832
1352,hydro_reservoir,2030,21,8,8,,-0.07616021508896832
1353,hydro_reservoir,2030,21,9,9,,-0.07616021508896832
1354,hydro_reservoir,2030,21,10,10,,-0.07616021508896832
1355,hydro_reservoir,2030,21,11,11,,-0.07616021508896832
1356,hydro_reservoir,2030,21,12,12,,-0.07616021508896832
1357,hydro_reservoir,2030,21,13,13,,-0.07616021508896832
1358,hydro_reservoir,2030,21,14,14,,-0.07616021508896832
1359,hydro_reservoir,2030,21,15,15,,-0.07616021508896832
1360,hydro_reservoir,2030,21,16,16,,-0.07616021508896832
1361,hydro_reservoir,2030,21,17,17,,-0.07616021508896832
1362,hydro_reservoir,2030,21,18,18,,-0.07616021508896832
1363,hydro_reservoir,2030,21,19,19,,-0.07616021508896832
1364,hydro_reservoir,2030,21,20,20,,-0.07616021508896832
1365,hydro_reservoir,2030,21,21,21,,-0.07616021508896832
1366,hydro_reservoir,2030,21,22,22,,-0.07616021508896832
1367,hydro_reservoir,2030,21,23,23,,-0.07616021508896832
1368,hydro_reservoir,2030,21,24,24,,-0.07616021508896832
1369,hydro_reservoir,2030,22,1,1,,-0.12183755786297013
1370,hydro_reservoir,2030,22,2,2,,-0.12183755786297013
1371,hydro_reservoir,2030,22,3,3,,-0.12183755786297013
1372,hydro_reservoir,2030,22,4,4,,-0.12183755786297013
1373,hydro_reservoir,2030,22,5,5,,-0.12183755786297013
1374,hydro_reservoir,2030,22,6,6,,-0.12183755786297013
1375,hydro_reservoir,2030,22,7,7,,-0.12183755786297013
1376,hydro_reservoir,2030,22,8,8,,-0.12183755786297013
1377,hydro_reservoir,2030,22,9,9,,-0.12183755786297013
1378,hydro_reservoir,2030,22,10,10,,-0.12183755786297013
1379,hydro_reservoir,2030,22,11,11,,-0.12183755786297013
1380,hydro_reservoir,2030,22,12,12,,-0.12183755786297013
1381,hydro_reservoir,2030,22,13,13,,-0.12183755786297013
1382,hydro_reservoir,2030,22,14,14,,-0.12183755786297013
1383,hydro_reservoir,2030,22,15,15,,-0.12183755786297013
1384,hydro_reservoir,2030,22,16,16,,-0.12183755786297013
1385,hydro_reservoir,2030,22,17,17,,-0.12183755786297013
1386,hydro_reservoir,2030,22,18,18,,-0.12183755786297013
1387,hydro_reservoir,2030,22,19,19,,-0.12183755786297013
1388,hydro_reservoir,2030,22,20,20,,-0.12183755786297013
1389,hydro_reservoir,2030,22,21,21,,-0.12183755786297013
1390,hydro_reservoir,2030,22,22,22,,-0.12183755786297013
1391,hydro_reservoir,2030,22,23,23,,-0.12183755786297013
1392,hydro_reservoir,2030,22,24,24,,-0.12183755786297013
1393,hydro_reservoir,2030,23,1,1,,-0.09264756722780772
1394,hydro_reservoir,2030,23,2,2,,-0.09264756722780772
1395,hydro_reservoir,2030,23,3,3,,-0.09264756722780772
1396,hydro_reservoir,2030,23,4,4,,-0.09264756722780772
1397,hydro_reservoir,2030,23,5,5,,-0.09264756722780772
1398,hydro_reservoir,2030,23,6,6,,-0.09264756722780772
1399,hydro_reservoir,2030,23,7,7,,-0.09264756722780772
1400,hydro_reservoir,2030,23,8,8,,-0.09264756722780772
1401,hydro_reservoir,2030,23,9,9,,-0.09264756722780772
1402,hydro_reservoir,2030,23,10,10,,-0.09264756722780772
1403,hydro_reservoir,2030,23,11,11,,-0.09264756722780772
1404,hydro_reservoir,2030,23,12,12,,-0.09264756722780772
1405,hydro_reservoir,2030,23,13,13,,-0.09264756722780772
1406,hydro_reservoir,2030,23,14,14,,-0.09264756722780772
1407,hydro_reservoir,2030,23,15,15,,-0.09264756722780772
1408,hydro_reservoir,2030,23,16,16,,-0.09264756722780772
1409,hydro_reservoir,2030,23,17,17,,-0.09264756722780772
1410,hydro_reservoir,2030,23,18,18,,-0.09264756722780772
1411,hydro_reservoir,2030,23,19,19,,-0.09264756722780772
1412,hydro_reservoir,2030,23,20,20,,-0.09264756722780772
1413,hydro_reservoir,2030,23,21,21,,-0.09264756722780772
1414,hydro_reservoir,2030,23,22,22,,-0.09264756722780772
1415,hydro_reservoir,2030,23,23,23,,-0.09264756722780772
1416,hydro_reservoir,2030,23,24,24,,-0.09264756722780772
1417,hydro_reservoir,2030,24,1,1,,-0.14017001322896228
1418,hydro_reservoir,2030,24,2,2,,-0.14017001322896228
1419,hydro_reservoir,2030,24,3,3,,-0.14017001322896228
1420,hydro_reservoir,2030,24,4,4,,-0.14017001322896228
1421,hydro_reservoir,2030,24,5,5,,-0.14017001322896228
1422,hydro_reservoir,2030,24,6,6,,-0.14017001322896228
1423,hydro_reservoir,2030,24,7,7,,-0.14017001322896228
1424,hydro_reservoir,2030,24,8,8,,-0.14017001322896228
1425,hydro_reservoir,2030,24,9,9,,-0.14017001322896228
1426,hydro_reservoir,2030,24,10,10,,-0.14017001322896228
1427,hydro_reservoir,2030,24,11,11,,-0.14017001322896228
1428,hydro_reservoir,2030,24,12,12,,-0.14017001322896228
1429,hydro_reservoir,2030,24,13,13,,-0.14017001322896228
1430,hydro_reservoir,2030,24,14,14,,-0.14017001322896228
1431,hydro_reservoir,2030,24,15,15,,-0.14017001322896228
1432,hydro_reservoir,2030,24,16,16,,-0.14017001322896228
1433,hydro_reservoir,2030,24,17,17,,-0.14017001322896228
1434,hydro_reservoir,2030,24,18,18,,-0.14017001322896228
1435,hydro_reservoir,2030,24,19,19,,-0.14017001322896228
1436,hydro_reservoir,2030,24,20,20,,-0.14017001322896228
1437,hydro_reservoir,2030,24,21,21,,-0.14017001322896228
1438,hydro_reservoir,2030,24,22,22,,-0.14017001322896228
1439,hydro_reservoir,2030,24,23,23,,-0.14017001322896228
1440,hydro_reservoir,2030,24,24,24,,-0.14017001322896228
1441,hydro_reservoir,2030,25,1,1,,-1.4930104620841904
1442,hydro_reservoir,2030,25,2,2,,-1.4930104620841904
1443,hydro_reservoir,2030,25,3,3,,-1.4930104620841904
1444,hydro_reservoir,2030,25,4,4,,-1.4930104620841904
1445,hydro_reservoir,2030,25,5,5,,-1.4930104620841904
1446,hydro_reservoir,2030,25,6,6,,-1.4930104620841904
1447,hydro_reservoir,2030,25,7,7,,-1.4930104620841904
1448,hydro_reservoir,2030,25,8,8,,-1.4930104620841904
1449,hydro_reservoir,2030,25,9,9,,-1.4930104620841904
1450,hydro_reservoir,2030,25,10,10,,-1.4930104620841904
1451,hydro_reservoir,2030,25,11,11,,-1.4930104620841904
1452,hydro_reservoir,2030,25,12,12,,-1.4930104620841904
1453,hydro_reservoir,2030,25,13,13,,-1.4930104620841904
1454,hydro_reservoir,2030,25,14,14,,-1.4930104620841904
1455,hydro_reservoir,2030,25,15,15,,-1.4930104620841904
1456,hydro_reservoir,2030,25,16,16,,-1.4930104620841904
1457,hydro_reservoir,2030,25,17,17,,-1.4930104620841904
1458,hydro_reservoir,2030,25,18,18,,-1.4930104620841904
1459,hydro_reservoir,2030,25,19,19,,-1.4930104620841904
1460,hydro_reservoir,2030,25,20,20,,-1.4930104620841904
1461,hydro_reservoir,2030,25,21,21,,-1.4930104620841904
1462,hydro_reservoir,2030,25,22,22,,-1.4930104620841904
1463,hydro_reservoir,2030,25,23,23,,-1.4930104620841904
1464,hydro_reservoir,2030,25,24,24,,-1.4930104620841904
1465,hydro_reservoir,2030,26,1,1,,-4.0354752299344385
1466,hydro_reservoir,2030,26,2,2,,-4.0354752299344385
1467,hydro_reservoir,2030,26,3,3,,-4.0354752299344385
1468,hydro_reservoir,2030,26,4,4,,-4.0354752299344385
1469,hydro_reservoir,2030,26,5,5,,-4.0354752299344385
1470,hydro_reservoir,2030,26,6,6,,-4.0354752299344385
1471,hydro_reservoir,2030,26,7,7,,-4.0354752299344385
1472,hydro_reservoir,2030,26,8,8,,-4.0354752299344385
1473,hydro_reservoir,2030,26,9,9,,-4.0354752299344385
1474,hydro_reservoir,2030,26,10,10,,-4.0354752299344385
1475,hydro_reservoir,2030,26,11,11,,-4.0354752299344385
1476,hydro_reservoir,2030,26,12,12,,-4.0354752299344385
1477,hydro_reservoir,2030,26,13,13,,-4.0354752299344385
1478,hydro_reservoir,2030,26,14,14,,-4.0354752299344385
1479,hydro_reservoir,2030,26,15,15,,-4.0354752299344385
1480,hydro_reservoir,2030,26,16,16,,-4.0354752299344385
1481,hydro_reservoir,2030,26,17,17,,-4.0354752299344385
1482,hydro_reservoir,2030,26,18,18,,-4.0354752299344385
1483,hydro_reservoir,2030,26,19,19,,-4.0354752299344385
1484,hydro_reservoir,2030,26,20,20,,-4.0354752299344385
1485,hydro_reservoir,2030,26,21,21,,-4.0354752299344385
1486,hydro_reservoir,2030,26,22,22,,-4.0354752299344385
1487,hydro_reservoir,2030,26,23,23,,-4.0354752299344385
1488,hydro_reservoir,2030,26,24,24,,-4.0354752299344385
1489,hydro_reservoir,2030,27,1,1,,-0.8067357773036087
1490,hydro_reservoir,2030,27,2,2,,-0.8067357773036087
1491,hydro_reservoir,2030,27,3,3,,-0.8067357773036087
1492,hydro_reservoir,2030,27,4,4,,-0.8067357773036087
1493,hydro_reservoir,2030,27,5,5,,-0.8067357773036087
1494,hydro_reservoir,2030,27,6,6,,-0.8067357773036087
1495,hydro_reservoir,2030,27,7,7,,-0.8067357773036087
1496,hydro_reservoir,2030,27,8,8,,-0.8067357773036087
1497,hydro_reservoir,2030,27,9,9,,-0.8067357773036087
1498,hydro_reservoir,2030,27,10,10,,-0.8067357773036087
1499,hydro_reservoir,2030,27,11,11,,-0.8067357773036087
1500,hydro_reservoir,2030,27,12,12,,-0.8067357773036087
1501,hydro_reservoir,2030,27,13,13,,-0.8067357773036087
1502,hydro_reservoir,2030,27,14,14,,-0.8067357773036087
1503,hydro_reservoir,2030,27,15,15,,-0.8067357773036087
1504,hydro_reservoir,2030,27,16,16,,-0.8067357773036087
1505,hydro_reservoir,2030,27,17,17,,-0.8067357773036087
1506,hydro_reservoir,2030,27,18,18,,-0.8067357773036087
1507,hydro_reservoir,2030,27,19,19,,-0.8067357773036087
1508,hydro_reservoir,2030,27,20,20,,-0.8067357773036087
1509,hydro_reservoir,2030,27,21,21,,-0.8067357773036087
1510,hydro_reservoir,2030,27,22,22,,-0.8067357773036087
1511,hydro_reservoir,2030,27,23,23,,-0.8067357773036087
1512,hydro_reservoir,2030,27,24,24,,-0.8067357773036087
1513,hydro_reservoir,2030,28,1,1,,-0.3178240578756432
1514,hydro_reservoir,2030,28,2,2,,-0.3178240578756432
1515,hydro_reservoir,2030,28,3,3,,-0.3178240578756432
1516,hydro_reservoir,2030,28,4,4,,-0.3178240578756432
1517,hydro_reservoir,2030,28,5,5,,-0.3178240578756432
1518,hydro_reservoir,2030,28,6,6,,-0.3178240578756432
1519,hydro_reservoir,2030,28,7,7,,-0.3178240578756432
1520,hydro_reservoir,2030,28,8,8,,-0.3178240578756432
1521,hydro_reservoir,2030,28,9,9,,-0.3178240578756432
1522,hydro_reservoir,2030,28,10,10,,-0.3178240578756432
1523,hydro_reservoir,2030,28,11,11,,-0.3178240578756432
1524,hydro_reservoir,2030,28,12,12,,-0.3178240578756432
1525,hydro_reservoir,2030,28,13,13,,-0.3178240578756432
1526,hydro_reservoir,2030,28,14,14,,-0.3178240578756432
1527,hydro_reservoir,2030,28,15,15,,-0.3178240578756432
1528,hydro_reservoir,2030,28,16,16,,-0.3178240578756432
1529,hydro_reservoir,2030,28,17,17,,-0.3178240578756432
1530,hydro_reservoir,2030,28,18,18,,-0.3178240578756432
1531,hydro_reservoir,2030,28,19,19,,-0.3178240578756432
1532,hydro_reservoir,2030,28,20,20,,-0.3178240578756432
1533,hydro_reservoir,2030,28,21,21,,-0.3178240578756432
1534,hydro_reservoir,2030,28,22,22,,-0.3178240578756432
1535,hydro_reservoir,2030,28,23,23,,-0.3178240578756432
1536,hydro_reservoir,2030,28,24,24,,-0.3178240578756432
1537,hydro_reservoir,2030,29,1,1,,-1.4980829205199064
1538,hydro_reservoir,2030,29,2,2,,-1.4980829205199064
1539,hydro_reservoir,2030,29,3,3,,-1.4980829205199064
1540,hydro_reservoir,2030,29,4,4,,-1.4980829205199064
1541,hydro_reservoir,2030,29,5,5,,-1.4980829205199064
1542,hydro_reservoir,2030,29,6,6,,-1.4980829205199064
1543,hydro_reservoir,2030,29,7,7,,-1.4980829205199064
1544,hydro_reservoir,2030,29,8,8,,-1.4980829205199064
1545,hydro_reservoir,2030,29,9,9,,-1.4980829205199064
1546,hydro_reservoir,2030,29,10,10,,-1.4980829205199064
1547,hydro_reservoir,2030,29,11,11,,-1.4980829205199064
1548,hydro_reservoir,2030,29,12,12,,-1.4980829205199064
1549,hydro_reservoir,2030,29,13,13,,-1.4980829205199064
1550,hydro_reservoir,2030,29,14,14,,-1.4980829205199064
1551,hydro_reservoir,2030,29,15,15,,-1.4980829205199064
1552,hydro_reservoir,2030,29,16,16,,-1.4980829205199064
1553,hydro_reservoir,2030,29,17,17,,-1.4980829205199064
1554,hydro_reservoir,2030,29,18,18,,-1.4980829205199064
1555,hydro_reservoir,2030,29,19,19,,-1.4980829205199064
1556,hydro_reservoir,2030,29,20,20,,-1.4980829205199064
1557,hydro_reservoir,2030,29,21,21,,-1.4980829205199064
1558,hydro_reservoir,2030,29,22,22,,-1.4980829205199064
1559,hydro_reservoir,2030,29,23,23,,-1.4980829205199064
1560,hydro_reservoir,2030,29,24,24,,-1.4980829205199064
1561,hydro_reservoir,2030,30,1,1,,-0.5269812596662798
1562,hydro_reservoir,2030,30,2,2,,-0.5269812596662798
1563,hydro_reservoir,2030,30,3,3,,-0.5269812596662798
1564,hydro_reservoir,2030,30,4,4,,-0.5269812596662798
1565,hydro_reservoir,2030,30,5,5,,-0.5269812596662798
1566,hydro_reservoir,2030,30,6,6,,-0.5269812596662798
1567,hydro_reservoir,2030,30,7,7,,-0.5269812596662798
1568,hydro_reservoir,2030,30,8,8,,-0.5269812596662798
1569,hydro_reservoir,2030,30,9,9,,-0.5269812596662798
1570,hydro_reservoir,2030,30,10,10,,-0.5269812596662798
1571,hydro_reservoir,2030,30,11,11,,-0.5269812596662798
1572,hydro_reservoir,2030,30,12,12,,-0.5269812596662798
1573,hydro_reservoir,2030,30,13,13,,-0.5269812596662798
1574,hydro_reservoir,2030,30,14,14,,-0.5269812596662798
1575,hydro_reservoir,2030,30,15,15,,-0.5269812596662798
1576,hydro_reservoir,2030,30,16,16,,-0.5269812596662798
1577,hydro_reservoir,2030,30,17,17,,-0.5269812596662798
1578,hydro_reservoir,2030,30,18,18,,-0.5269812596662798
1579,hydro_reservoir,2030,30,19,19,,-0.5269812596662798
1580,hydro_reservoir,2030,30,20,20,,-0.5269812596662798
1581,hydro_reservoir,2030,30,21,21,,-0.5269812596662798
1582,hydro_reservoir,2030,30,22,22,,-0.5269812596662798
1583,hydro_reservoir,2030,30,23,23,,-0.5269812596662798
1584,hydro_reservoir,2030,30,24,24,,-0.5269812596662798
1585,hydro_reservoir,2030,31,1,1,,-0.4330380890976392
1586,hydro_reservoir,2030,31,2,2,,-0.4330380890976392
1587,hydro_reservoir,2030,31,3,3,,-0.4330380890976392
1588,hydro_reservoir,2030,31,4,4,,-0.4330380890976392
1589,hydro_reservoir,2030,31,5,5,,-0.4330380890976392
1590,hydro_reservoir,2030,31,6,6,,-0.4330380890976392
1591,hydro_reservoir,2030,31,7,7,,-0.4330380890976392
1592,hydro_reservoir,2030,31,8,8,,-0.4330380890976392
1593,hydro_reservoir,2030,31,9,9,,-0.4330380890976392
1594,hydro_reservoir,2030,31,10,10,,-0.4330380890976392
1595,hydro_reservoir,2030,31,11,11,,-0.4330380890976392
1596,hydro_reservoir,2030,31,12,12,,-0.4330380890976392
1597,hydro_reservoir,2030,31,13,13,,-0.4330380890976392
1598,hydro_reservoir,2030,31,14,14,,-0.4330380890976392
1599,hydro_reservoir,2030,31,15,15,,-0.4330380890976392
1600,hydro_reservoir,2030,31,16,16,,-0.4330380890976392
1601,hydro_reservoir,2030,31,17,17,,-0.4330380890976392
1602,hydro_reservoir,2030,31,18,18,,-0.4330380890976392
1603,hydro_reservoir,2030,31,19,19,,-0.4330380890976392
1604,hydro_reservoir,2030,31,20,20,,-0.4330380890976392
1605,hydro_reservoir,2030,31,21,21,,-0.4330380890976392
1606,hydro_reservoir,2030,31,22,22,,-0.4330380890976392
1607,hydro_reservoir,2030,31,23,23,,-0.4330380890976392
1608,hydro_reservoir,2030,31,24,24,,-0.4330380890976392
1609,hydro_reservoir,2030,32,1,1,,-1.637745125638045
1610,hydro_reservoir,2030,32,2,2,,-1.637745125638045
1611,hydro_reservoir,2030,32,3,3,,-1.637745125638045
1612,hydro_reservoir,2030,32,4,4,,-1.637745125638045
1613,hydro_reservoir,2030,32,5,5,,-1.637745125638045
1614,hydro_reservoir,2030,32,6,6,,-1.637745125638045
1615,hydro_reservoir,2030,32,7,7,,-1.637745125638045
1616,hydro_reservoir,2030,32,8,8,,-1.637745125638045
1617,hydro_reservoir,2030,32,9,9,,-1.637745125638045
1618,hydro_reservoir,2030,32,10,10,,-1.637745125638045
1619,hydro_reservoir,2030,32,11,11,,-1.637745125638045
1620,hydro_reservoir,2030,32,12,12,,-1.637745125638045
1621,hydro_reservoir,2030,32,13,13,,-1.637745125638045
1622,hydro_reservoir,2030,32,14,14,,-1.637745125638045
1623,hydro_reservoir,2030,32,15,15,,-1.637745125638045
1624,hydro_reservoir,2030,32,16,16,,-1.637745125638045
1625,hydro_reservoir,2030,32,17,17,,-1.637745125638045
1626,hydro_reservoir,2030,32,18,18,,-1.637745125638045
1627,hydro_reservoir,2030,32,19,19,,-1.637745125638045
1628,hydro_reservoir,2030,32,20,20,,-1.637745125638045
1629,hydro_reservoir,2030,32,21,21,,-1.637745125638045
1630,hydro_reservoir,2030,32,22,22,,-1.637745125638045
1631,hydro_reservoir,2030,32,23,23,,-1.637745125638045
1632,hydro_reservoir,2030,32,24,24,,-1.637745125638045
1633,hydro_reservoir,2030,33,1,1,,-1.0792363913652814
1634,hydro_reservoir,2030,33,2,2,,-1.0792363913652814
1635,hydro_reservoir,2030,33,3,3,,-1.0792363913652814
1636,hydro_reservoir,2030,33,4,4,,-1.0792363913652814
1637,hydro_reservoir,2030,33,5,5,,-1.0792363913652814
1638,hydro_reservoir,2030,33,6,6,,-1.0792363913652814
1639,hydro_reservoir,2030,33,7,7,,-1.0792363913652814
1640,hydro_reservoir,2030,33,8,8,,-1.0792363913652814
1641,hydro_reservoir,2030,33,9,9,,-1.0792363913652814
1642,hydro_reservoir,2030,33,10,10,,-1.0792363913652814
1643,hydro_reservoir,2030,33,11,11,,-1.0792363913652814
1644,hydro_reservoir,2030,33,12,12,,-1.0792363913652814
1645,hydro_reservoir,2030,33,13,13,,-1.0792363913652814
1646,hydro_reservoir,2030,33,14,14,,-1.0792363913652814
1647,hydro_reservoir,2030,33,15,15,,-1.0792363913652814
1648,hydro_reservoir,2030,33,16,16,,-1.0792363913652814
1649,hydro_reservoir,2030,33,17,17,,-1.0792363913652814
1650,hydro_reservoir,2030,33,18,18,,-1.0792363913652814
1651,hydro_reservoir,2030,33,19,19,,-1.0792363913652814
1652,hydro_reservoir,2030,33,20,20,,-1.0792363913652814
1653,hydro_reservoir,2030,33,21,21,,-1.0792363913652814
1654,hydro_reservoir,2030,33,22,22,,-1.0792363913652814
1655,hydro_reservoir,2030,33,23,23,,-1.0792363913652814
1656,hydro_reservoir,2030,33,24,24,,-1.0792363913652814
1657,hydro_reservoir,2030,34,1,1,,-1.4231124746455404
1658,hydro_reservoir,2030,34,2,2,,-1.4231124746455404
1659,hydro_reservoir,2030,34,3,3,,-1.4231124746455404
1660,hydro_reservoir,2030,34,4,4,,-1.4231124746455404
1661,hydro_reservoir,2030,34,5,5,,-1.4231124746455404
1662,hydro_reservoir,2030,34,6,6,,-1.4231124746455404
1663,hydro_reservoir,2030,34,7,7,,-1.4231124746455404
1664,hydro_reservoir,2030,34,8,8,,-1.4231124746455404
1665,hydro_reservoir,2030,34,9,9,,-1.4231124746455404
1666,hydro_reservoir,2030,34,10,10,,-1.4231124746455404
1667,hydro_reservoir,2030,34,11,11,,-1.4231124746455404
1668,hydro_reservoir,2030,34,12,12,,-1.4231124746455404
1669,hydro_reservoir,2030,34,13,13,,-1.4231124746455404
1670,hydro_reservoir,2030,34,14,14,,-1.4231124746455404
1671,hydro_reservoir,2030,34,15,15,,-1.4231124746455404
1672,hydro_reservoir,2030,34,16,16,,-1.4231124746455404
1673,hydro_reservoir,2030,34,17,17,,-1.4231124746455404
1674,hydro_reservoir,2030,34,18,18,,-1.4231124746455404
1675,hydro_reservoir,2030,34,19,19,,-1.4231124746455404
1676,hydro_reservoir,2030,34,20,20,,-1.4231124746455404
1677,hydro_reservoir,2030,34,21,21,,-1.4231124746455404
1678,hydro_reservoir,2030,34,22,22,,-1.4231124746455404
1679,hydro_reservoir,2030,34,23,23,,-1.4231124746455404
1680,hydro_reservoir,2030,34,24,24,,-1.4231124746455404
1681,hydro_reservoir,2030,35,1,1,,-1.0164617374992544
1682,hydro_reservoir,2030,35,2,2,,-1.0164617374992544
1683,hydro_reservoir,2030,35,3,3,,-1.0164617374992544
1684,hydro_reservoir,2030,35,4,4,,-1.0164617374992544
1685,hydro_reservoir,2030,35,5,5,,-1.0164617374992544
1686,hydro_reservoir,2030,35,6,6,,-1.0164617374992544
1687,hydro_reservoir,2030,35,7,7,,-1.0164617374992544
1688,hydro_reservoir,2030,35,8,8,,-1.0164617374992544
1689,hydro_reservoir,2030,35,9,9,,-1.0164617374992544
1690,hydro_reservoir,2030,35,10,10,,-1.0164617374992544
1691,hydro_reservoir,2030,35,11,11,,-1.0164617374992544
1692,hydro_reservoir,2030,35,12,12,,-1.0164617374992544
1693,hydro_reservoir,2030,35,13,13,,-1.0164617374992544
1694,hydro_reservoir,2030,35,14,14,,-1.0164617374992544
1695,hydro_reservoir,2030,35,15,15,,-1.0164617374992544
1696,hydro_reservoir,2030,35,16,16,,-1.0164617374992544
1697,hydro_reservoir,2030,35,17,17,,-1.0164617374992544
1698,hydro_reservoir,2030,35,18,18,,-1.0164617374992544
1699,hydro_reservoir,2030,35,19,19,,-1.0164617374992544
1700,hydro_reservoir,2030,35,20,20,,-1.0164617374992544
1701,hydro_reservoir,2030,35,21,21,,-1.0164617374992544
1702,hydro_reservoir,2030,35,22,22,,-1.0164617374992544
1703,hydro_reservoir,2030,35,23,23,,-1.0164617374992544
1704,hydro_reservoir,2030,35,24,24,,-1.0164617374992544
1705,hydro_reservoir,2030,36,1,1,,-0.514796474370166
1706,hydro_reservoir,2030,36,2,2,,-0.514796474370166
1707,hydro_reservoir,2030,36,3,3,,-0.514796474370166
1708,hydro_reservoir,2030,36,4,4,,-0.514796474370166
1709,hydro_reservoir,2030,36,5,5,,-0.514796474370166
1710,hydro_reservoir,2030,36,6,6,,-0.514796474370166
1711,hydro_reservoir,2030,36,7,7,,-0.514796474370166
1712,hydro_reservoir,2030,36,8,8,,-0.514796474370166
1713,hydro_reservoir,2030,36,9,9,,-0.514796474370166
1714,hydro_reservoir,2030,36,10,10,,-0.514796474370166
1715,hydro_reservoir,2030,36,11,11,,-0.514796474370166
1716,hydro_reservoir,2030,36,12,12,,-0.514796474370166
1717,hydro_reservoir,2030,36,13,13,,-0.514796474370166
1718,hydro_reservoir,2030,36,14,14,,-0.514796474370166
1719,hydro_reservoir,2030,36,15,15,,-0.514796474370166
1720,hydro_reservoir,2030,36,16,16,,-0.514796474370166
1721,hydro_reservoir,2030,36,17,17,,-0.514796474370166
1722,hydro_reservoir,2030,36,18,18,,-0.514796474370166
1723,hydro_reservoir,2030,36,19,19,,-0.514796474370166
1724,hydro_reservoir,2030,36,20,20,,-0.514796474370166
1725,hydro_reservoir,2030,36,21,21,,-0.514796474370166
1726,hydro_reservoir,2030,36,22,22,,-0.514796474370166
1727,hydro_reservoir,2030,36,23,23,,-0.514796474370166
1728,hydro_reservoir,2030,36,24,24,,-0.514796474370166
