id,asset,milestone_year,rep_period,time_block_start,time_block_end,dual_balance_conversion
1,electrolizer,2030,1,1,1,22.821076923076923
2,electrolizer,2030,1,2,2,18.1014188147126
3,electrolizer,2030,1,3,3,16.30076923076923
4,electrolizer,2030,1,4,4,16.30076923076923
5,electrolizer,2030,1,5,5,16.30076923076923
6,electrolizer,2030,1,6,6,16.30076923076923
7,electrolizer,2030,1,7,7,16.30076923076923
8,electrolizer,2030,1,8,8,16.30076923076923
9,electrolizer,2030,1,9,9,16.30076923076923
10,electrolizer,2030,1,10,10,13.519001662130728
11,electrolizer,2030,1,11,11,13.519001662130728
12,electrolizer,2030,1,12,12,13.519001662130728
13,electrolizer,2030,1,13,13,13.519001662130728
14,electrolizer,2030,1,14,14,13.519001662130728
15,electrolizer,2030,1,15,15,13.519001662130728
16,electrolizer,2030,1,16,16,13.519001662130728
17,electrolizer,2030,1,17,17,13.519001662130728
18,electrolizer,2030,1,18,18,13.519001662130727
19,electrolizer,2030,1,19,19,16.30076923076923
20,electrolizer,2030,1,20,20,16.30076923076923
21,electrolizer,2030,1,21,21,16.30076923076923
22,electrolizer,2030,1,22,22,16.30076923076923
23,electrolizer,2030,1,23,23,16.30076923076923
24,electrolizer,2030,1,24,24,16.30076923076923
25,electrolizer,2030,2,1,1,0.005384615384615385
26,electrolizer,2030,2,2,2,0.005384615384615385
27,electrolizer,2030,2,3,3,0.005384615384615385
28,electrolizer,2030,2,4,4,0.005384615384615385
29,electrolizer,2030,2,5,5,0.005384615384615385
30,electrolizer,2030,2,6,6,0.005384615384615385
31,electrolizer,2030,2,7,7,0.005384615384615385
32,electrolizer,2030,2,8,8,0.005384615384615385
33,electrolizer,2030,2,9,9,0.005384615384615385
34,electrolizer,2030,2,10,10,0.005384615384615385
35,electrolizer,2030,2,11,11,0.005384615384615385
36,electrolizer,2030,2,12,12,0.005384615384615385
37,electrolizer,2030,2,13,13,0.005384615384615385
38,electrolizer,2030,2,14,14,0.005384615384615385
39,electrolizer,2030,2,15,15,0.004859615384615385
40,electrolizer,2030,2,16,16,0.004859615384615385
41,electrolizer,2030,2,17,17,0.004859615384615385
42,electrolizer,2030,2,18,18,0.004859615384615385
43,electrolizer,2030,2,19,19,0.005384615384615385
44,electrolizer,2030,2,20,20,0.005384615384615385
45,electrolizer,2030,2,21,21,0.005384615384615385
46,electrolizer,2030,2,22,22,0.005384615384615385
47,electrolizer,2030,2,23,23,0.005384615384615385
48,electrolizer,2030,2,24,24,0.005384615384615385
49,electrolizer,2030,3,1,1,0.013606923076923079
50,electrolizer,2030,3,2,2,0.015076923076923078
51,electrolizer,2030,3,3,3,0.01076923076923077
52,electrolizer,2030,3,4,4,0.01076923076923077
53,electrolizer,2030,3,5,5,0.01076923076923077
54,electrolizer,2030,3,6,6,0.01076923076923077
55,electrolizer,2030,3,7,7,0.01076923076923077
56,electrolizer,2030,3,8,8,0.01076923076923077
57,electrolizer,2030,3,9,9,0.01076923076923077
58,electrolizer,2030,3,10,10,0.01076923076923077
59,electrolizer,2030,3,11,11,0.01076923076923077
60,electrolizer,2030,3,12,12,0.01076923076923077
61,electrolizer,2030,3,13,13,0.01076923076923077
62,electrolizer,2030,3,14,14,0.01076923076923077
63,electrolizer,2030,3,15,15,0.01076923076923077
64,electrolizer,2030,3,16,16,0.01076923076923077
65,electrolizer,2030,3,17,17,0.01193266567227786
66,electrolizer,2030,3,18,18,0.01193266567227786
67,electrolizer,2030,3,19,19,0.01076923076923077
68,electrolizer,2030,3,20,20,0.01076923076923077
69,electrolizer,2030,3,21,21,0.01076923076923077
70,electrolizer,2030,3,22,22,0.01076923076923077
71,electrolizer,2030,3,23,23,0.01076923076923077
72,electrolizer,2030,3,24,24,0.01076923076923077
73,electrolizer,2030,4,1,1,0.005384615384615385
74,electrolizer,2030,4,2,2,0.005384615384615385
75,electrolizer,2030,4,3,3,0.005384615384615385
76,electrolizer,2030,4,4,4,0.005384615384615385
77,electrolizer,2030,4,5,5,0.005384615384615385
78,electrolizer,2030,4,6,6,0.005384615384615385
79,electrolizer,2030,4,7,7,0.005384615384615385
80,electrolizer,2030,4,8,8,0.005384615384615385
81,electrolizer,2030,4,9,9,0.005384615384615385
82,electrolizer,2030,4,10,10,0.005384615384615385
83,electrolizer,2030,4,11,11,0.005384615384615385
84,electrolizer,2030,4,12,12,0.005384615384615385
85,electrolizer,2030,4,13,13,0.005384615384615385
86,electrolizer,2030,4,14,14,0.005384615384615385
87,electrolizer,2030,4,15,15,0.005384615384615385
88,electrolizer,2030,4,16,16,0.005384615384615385
89,electrolizer,2030,4,17,17,0.005384615384615385
90,electrolizer,2030,4,18,18,0.005384615384615385
91,electrolizer,2030,4,19,19,0.005384615384615385
92,electrolizer,2030,4,20,20,0.005384615384615385
93,electrolizer,2030,4,21,21,0.005384615384615385
94,electrolizer,2030,4,22,22,0.005384615384615385
95,electrolizer,2030,4,23,23,0.005384615384615385
96,electrolizer,2030,4,24,24,0.005384615384615385
97,electrolizer,2030,5,1,1,0.0068034615384615395
98,electrolizer,2030,5,2,2,0.0068034615384615395
99,electrolizer,2030,5,3,3,0.0068034615384615395
100,electrolizer,2030,5,4,4,0.0068034615384615395
101,electrolizer,2030,5,5,5,0.0068034615384615395
102,electrolizer,2030,5,6,6,0.0068034615384615395
103,electrolizer,2030,5,7,7,0.007538461538461539
104,electrolizer,2030,5,8,8,0.007538461538461539
105,electrolizer,2030,5,9,9,0.007538461538461539
106,electrolizer,2030,5,10,10,0.007538461538461539
107,electrolizer,2030,5,11,11,0.007538461538461539
108,electrolizer,2030,5,12,12,0.0068034615384615395
109,electrolizer,2030,5,13,13,0.0068034615384615395
110,electrolizer,2030,5,14,14,0.0068034615384615395
111,electrolizer,2030,5,15,15,0.0068034615384615395
112,electrolizer,2030,5,16,16,0.007538461538461539
113,electrolizer,2030,5,17,17,0.007538461538461539
114,electrolizer,2030,5,18,18,0.007538461538461539
115,electrolizer,2030,5,19,19,0.007538461538461539
116,electrolizer,2030,5,20,20,0.007538461538461539
117,electrolizer,2030,5,21,21,0.007538461538461539
118,electrolizer,2030,5,22,22,0.005384615384615385
119,electrolizer,2030,5,23,23,0.005384615384615385
120,electrolizer,2030,5,24,24,0.005384615384615385
121,electrolizer,2030,6,1,1,0.005384615384615385
122,electrolizer,2030,6,2,2,0.005384615384615385
123,electrolizer,2030,6,3,3,0.005384615384615385
124,electrolizer,2030,6,4,4,0.005384615384615385
125,electrolizer,2030,6,5,5,0.005384615384615385
126,electrolizer,2030,6,6,6,0.005384615384615385
127,electrolizer,2030,6,7,7,0.005384615384615385
128,electrolizer,2030,6,8,8,0.005384615384615385
129,electrolizer,2030,6,9,9,0.0
130,electrolizer,2030,6,10,10,0.0
131,electrolizer,2030,6,11,11,0.0
132,electrolizer,2030,6,12,12,0.0
133,electrolizer,2030,6,13,13,0.0
134,electrolizer,2030,6,14,14,0.0
135,electrolizer,2030,6,15,15,0.0
136,electrolizer,2030,6,16,16,0.0
137,electrolizer,2030,6,17,17,0.0
138,electrolizer,2030,6,18,18,0.005384615384615385
139,electrolizer,2030,6,19,19,0.005384615384615385
140,electrolizer,2030,6,20,20,0.005384615384615385
141,electrolizer,2030,6,21,21,0.005384615384615385
142,electrolizer,2030,6,22,22,0.005384615384615385
143,electrolizer,2030,6,23,23,0.005384615384615385
144,electrolizer,2030,6,24,24,0.005384615384615385
145,electrolizer,2030,7,1,1,0.0068034615384615395
146,electrolizer,2030,7,2,2,0.0068034615384615395
147,electrolizer,2030,7,3,3,0.0068034615384615395
148,electrolizer,2030,7,4,4,0.0068034615384615395
149,electrolizer,2030,7,5,5,0.0068034615384615395
150,electrolizer,2030,7,6,6,0.0068034615384615395
151,electrolizer,2030,7,7,7,0.0068034615384615395
152,electrolizer,2030,7,8,8,0.007538461538461539
153,electrolizer,2030,7,9,9,0.007538461538461539
154,electrolizer,2030,7,10,10,0.0068034615384615395
155,electrolizer,2030,7,11,11,0.0068034615384615395
156,electrolizer,2030,7,12,12,0.0068034615384615395
157,electrolizer,2030,7,13,13,0.0068034615384615395
158,electrolizer,2030,7,14,14,0.0068034615384615395
159,electrolizer,2030,7,15,15,0.0068034615384615395
160,electrolizer,2030,7,16,16,0.007538461538461539
161,electrolizer,2030,7,17,17,0.007538461538461539
162,electrolizer,2030,7,18,18,0.007538461538461539
163,electrolizer,2030,7,19,19,0.007538461538461539
164,electrolizer,2030,7,20,20,0.007538461538461539
165,electrolizer,2030,7,21,21,0.007538461538461539
166,electrolizer,2030,7,22,22,0.0068034615384615395
167,electrolizer,2030,7,23,23,0.007538461538461539
168,electrolizer,2030,7,24,24,0.005384615384615385
169,electrolizer,2030,8,1,1,0.005384615384615385
170,electrolizer,2030,8,2,2,0.005384615384615385
171,electrolizer,2030,8,3,3,0.005384615384615385
172,electrolizer,2030,8,4,4,0.005384615384615385
173,electrolizer,2030,8,5,5,0.005384615384615385
174,electrolizer,2030,8,6,6,0.005384615384615385
175,electrolizer,2030,8,7,7,0.0004307692307692307
176,electrolizer,2030,8,8,8,0.0
177,electrolizer,2030,8,9,9,0.0
178,electrolizer,2030,8,10,10,0.0
179,electrolizer,2030,8,11,11,0.0
180,electrolizer,2030,8,12,12,0.0
181,electrolizer,2030,8,13,13,0.0
182,electrolizer,2030,8,14,14,0.0004307692307692307
183,electrolizer,2030,8,15,15,0.005384615384615385
184,electrolizer,2030,8,16,16,0.005384615384615385
185,electrolizer,2030,8,17,17,0.005384615384615385
186,electrolizer,2030,8,18,18,0.005384615384615385
187,electrolizer,2030,8,19,19,0.005384615384615385
188,electrolizer,2030,8,20,20,0.005384615384615385
189,electrolizer,2030,8,21,21,0.005384615384615385
190,electrolizer,2030,8,22,22,0.005384615384615385
191,electrolizer,2030,8,23,23,0.005384615384615385
192,electrolizer,2030,8,24,24,0.005384615384615385
193,electrolizer,2030,9,1,1,0.007538461538461539
194,electrolizer,2030,9,2,2,0.007538461538461539
195,electrolizer,2030,9,3,3,0.0068034615384615395
196,electrolizer,2030,9,4,4,0.0068034615384615395
197,electrolizer,2030,9,5,5,0.007538461538461539
198,electrolizer,2030,9,6,6,0.0068034615384615395
199,electrolizer,2030,9,7,7,0.0068034615384615395
200,electrolizer,2030,9,8,8,0.007538461538461539
201,electrolizer,2030,9,9,9,0.005384615384615385
202,electrolizer,2030,9,10,10,0.005384615384615385
203,electrolizer,2030,9,11,11,0.005384615384615385
204,electrolizer,2030,9,12,12,0.005384615384615385
205,electrolizer,2030,9,13,13,0.005384615384615385
206,electrolizer,2030,9,14,14,0.005384615384615385
207,electrolizer,2030,9,15,15,0.005384615384615385
208,electrolizer,2030,9,16,16,0.005384615384615385
209,electrolizer,2030,9,17,17,0.007538461538461539
210,electrolizer,2030,9,18,18,0.007538461538461539
211,electrolizer,2030,9,19,19,0.007538461538461539
212,electrolizer,2030,9,20,20,0.007538461538461539
213,electrolizer,2030,9,21,21,0.007538461538461539
214,electrolizer,2030,9,22,22,0.007538461538461539
215,electrolizer,2030,9,23,23,0.007538461538461539
216,electrolizer,2030,9,24,24,0.007538461538461539
217,electrolizer,2030,10,1,1,0.005384615384615385
218,electrolizer,2030,10,2,2,0.005384615384615385
219,electrolizer,2030,10,3,3,0.005384615384615385
220,electrolizer,2030,10,4,4,0.005384615384615385
221,electrolizer,2030,10,5,5,0.005384615384615385
222,electrolizer,2030,10,6,6,0.005384615384615385
223,electrolizer,2030,10,7,7,0.005384615384615385
224,electrolizer,2030,10,8,8,0.005384615384615385
225,electrolizer,2030,10,9,9,0.005384615384615385
226,electrolizer,2030,10,10,10,0.005384615384615385
227,electrolizer,2030,10,11,11,0.005384615384615385
228,electrolizer,2030,10,12,12,0.005384615384615385
229,electrolizer,2030,10,13,13,0.005384615384615385
230,electrolizer,2030,10,14,14,0.005384615384615385
231,electrolizer,2030,10,15,15,0.005384615384615385
232,electrolizer,2030,10,16,16,0.005384615384615385
233,electrolizer,2030,10,17,17,0.005384615384615385
234,electrolizer,2030,10,18,18,0.005384615384615385
235,electrolizer,2030,10,19,19,0.005384615384615385
236,electrolizer,2030,10,20,20,0.005384615384615385
237,electrolizer,2030,10,21,21,0.005384615384615385
238,electrolizer,2030,10,22,22,0.005384615384615385
239,electrolizer,2030,10,23,23,0.005384615384615385
240,electrolizer,2030,10,24,24,0.005384615384615385
241,electrolizer,2030,11,1,1,0.007538461538461539
242,electrolizer,2030,11,2,2,0.005384615384615385
243,electrolizer,2030,11,3,3,0.005384615384615385
244,electrolizer,2030,11,4,4,0.005384615384615385
245,electrolizer,2030,11,5,5,0.005384615384615385
246,electrolizer,2030,11,6,6,0.005384615384615385
247,electrolizer,2030,11,7,7,0.005384615384615385
248,electrolizer,2030,11,8,8,0.00596633283613893
249,electrolizer,2030,11,9,9,0.005384615384615385
250,electrolizer,2030,11,10,10,0.005384615384615385
251,electrolizer,2030,11,11,11,0.005384615384615385
252,electrolizer,2030,11,12,12,0.005384615384615385
253,electrolizer,2030,11,13,13,0.005384615384615385
254,electrolizer,2030,11,14,14,0.005384615384615385
255,electrolizer,2030,11,15,15,0.005384615384615385
256,electrolizer,2030,11,16,16,0.005384615384615385
257,electrolizer,2030,11,17,17,0.005384615384615385
258,electrolizer,2030,11,18,18,0.00596633283613893
259,electrolizer,2030,11,19,19,0.00596633283613893
260,electrolizer,2030,11,20,20,0.00596633283613893
261,electrolizer,2030,11,21,21,0.00596633283613893
262,electrolizer,2030,11,22,22,0.005384615384615385
263,electrolizer,2030,11,23,23,0.00596633283613893
264,electrolizer,2030,11,24,24,0.005384615384615385
265,electrolizer,2030,12,1,1,0.005384615384615385
266,electrolizer,2030,12,2,2,0.005384615384615385
267,electrolizer,2030,12,3,3,0.005384615384615385
268,electrolizer,2030,12,4,4,0.005384615384615385
269,electrolizer,2030,12,5,5,0.005384615384615385
270,electrolizer,2030,12,6,6,0.005384615384615385
271,electrolizer,2030,12,7,7,0.005384615384615385
272,electrolizer,2030,12,8,8,0.005384615384615385
273,electrolizer,2030,12,9,9,0.0004307692307692307
274,electrolizer,2030,12,10,10,0.0004307692307692307
275,electrolizer,2030,12,11,11,0.0004307692307692307
276,electrolizer,2030,12,12,12,0.0004307692307692307
277,electrolizer,2030,12,13,13,0.0004307692307692307
278,electrolizer,2030,12,14,14,0.005384615384615385
279,electrolizer,2030,12,15,15,0.005384615384615385
280,electrolizer,2030,12,16,16,0.005384615384615385
281,electrolizer,2030,12,17,17,0.005384615384615385
282,electrolizer,2030,12,18,18,0.005384615384615385
283,electrolizer,2030,12,19,19,0.005384615384615385
284,electrolizer,2030,12,20,20,0.005384615384615385
285,electrolizer,2030,12,21,21,0.005384615384615385
286,electrolizer,2030,12,22,22,0.005384615384615385
287,electrolizer,2030,12,23,23,0.005384615384615385
288,electrolizer,2030,12,24,24,0.005384615384615385
289,electrolizer,2030,13,1,1,0.005384615384615385
290,electrolizer,2030,13,2,2,0.005384615384615385
291,electrolizer,2030,13,3,3,0.005384615384615385
292,electrolizer,2030,13,4,4,0.005384615384615385
293,electrolizer,2030,13,5,5,0.005384615384615385
294,electrolizer,2030,13,6,6,0.005384615384615385
295,electrolizer,2030,13,7,7,0.005384615384615385
296,electrolizer,2030,13,8,8,0.00596633283613893
297,electrolizer,2030,13,9,9,0.00596633283613893
298,electrolizer,2030,13,10,10,0.00596633283613893
299,electrolizer,2030,13,11,11,0.005384615384615385
300,electrolizer,2030,13,12,12,0.005384615384615385
301,electrolizer,2030,13,13,13,0.005384615384615385
302,electrolizer,2030,13,14,14,0.005384615384615385
303,electrolizer,2030,13,15,15,0.005384615384615385
304,electrolizer,2030,13,16,16,0.005384615384615385
305,electrolizer,2030,13,17,17,0.00596633283613893
306,electrolizer,2030,13,18,18,0.00596633283613893
307,electrolizer,2030,13,19,19,0.00596633283613893
308,electrolizer,2030,13,20,20,0.00596633283613893
309,electrolizer,2030,13,21,21,0.00596633283613893
310,electrolizer,2030,13,22,22,0.005384615384615385
311,electrolizer,2030,13,23,23,0.00596633283613893
312,electrolizer,2030,13,24,24,0.005384615384615385
313,electrolizer,2030,14,1,1,0.005384615384615385
314,electrolizer,2030,14,2,2,0.005384615384615385
315,electrolizer,2030,14,3,3,0.005384615384615385
316,electrolizer,2030,14,4,4,0.005384615384615385
317,electrolizer,2030,14,5,5,0.005384615384615385
318,electrolizer,2030,14,6,6,0.005384615384615385
319,electrolizer,2030,14,7,7,0.005384615384615385
320,electrolizer,2030,14,8,8,0.0
321,electrolizer,2030,14,9,9,0.0
322,electrolizer,2030,14,10,10,0.0
323,electrolizer,2030,14,11,11,0.0
324,electrolizer,2030,14,12,12,0.0
325,electrolizer,2030,14,13,13,0.0
326,electrolizer,2030,14,14,14,0.0
327,electrolizer,2030,14,15,15,0.0
328,electrolizer,2030,14,16,16,0.0
329,electrolizer,2030,14,17,17,0.0
330,electrolizer,2030,14,18,18,0.0
331,electrolizer,2030,14,19,19,0.005384615384615385
332,electrolizer,2030,14,20,20,0.005384615384615385
333,electrolizer,2030,14,21,21,0.005384615384615385
334,electrolizer,2030,14,22,22,0.005384615384615385
335,electrolizer,2030,14,23,23,0.005384615384615385
336,electrolizer,2030,14,24,24,0.005384615384615385
337,electrolizer,2030,15,1,1,0.005384615384615385
338,electrolizer,2030,15,2,2,0.005384615384615385
339,electrolizer,2030,15,3,3,0.005384615384615385
340,electrolizer,2030,15,4,4,0.005384615384615385
341,electrolizer,2030,15,5,5,0.005384615384615385
342,electrolizer,2030,15,6,6,0.005384615384615385
343,electrolizer,2030,15,7,7,0.005384615384615385
344,electrolizer,2030,15,8,8,0.005966332836138931
345,electrolizer,2030,15,9,9,0.005966332836138931
346,electrolizer,2030,15,10,10,0.005384615384615385
347,electrolizer,2030,15,11,11,0.005384615384615385
348,electrolizer,2030,15,12,12,0.005384615384615385
349,electrolizer,2030,15,13,13,0.005384615384615385
350,electrolizer,2030,15,14,14,0.005384615384615385
351,electrolizer,2030,15,15,15,0.005384615384615385
352,electrolizer,2030,15,16,16,0.005384615384615385
353,electrolizer,2030,15,17,17,0.005966332836138931
354,electrolizer,2030,15,18,18,0.005966332836138931
355,electrolizer,2030,15,19,19,0.005966332836138931
356,electrolizer,2030,15,20,20,0.005966332836138931
357,electrolizer,2030,15,21,21,0.005384615384615385
358,electrolizer,2030,15,22,22,0.005384615384615385
359,electrolizer,2030,15,23,23,0.005384615384615385
360,electrolizer,2030,15,24,24,0.005384615384615385
361,electrolizer,2030,16,1,1,0.005384615384615385
362,electrolizer,2030,16,2,2,0.005384615384615385
363,electrolizer,2030,16,3,3,0.005384615384615385
364,electrolizer,2030,16,4,4,0.005384615384615385
365,electrolizer,2030,16,5,5,0.005384615384615385
366,electrolizer,2030,16,6,6,0.005384615384615385
367,electrolizer,2030,16,7,7,0.005384615384615385
368,electrolizer,2030,16,8,8,0.005384615384615385
369,electrolizer,2030,16,9,9,0.005384615384615385
370,electrolizer,2030,16,10,10,0.0
371,electrolizer,2030,16,11,11,0.0
372,electrolizer,2030,16,12,12,0.0
373,electrolizer,2030,16,13,13,0.0
374,electrolizer,2030,16,14,14,0.0
375,electrolizer,2030,16,15,15,0.0
376,electrolizer,2030,16,16,16,0.0
377,electrolizer,2030,16,17,17,0.0
378,electrolizer,2030,16,18,18,0.005384615384615385
379,electrolizer,2030,16,19,19,0.005384615384615385
380,electrolizer,2030,16,20,20,0.005384615384615385
381,electrolizer,2030,16,21,21,0.005384615384615385
382,electrolizer,2030,16,22,22,0.005384615384615385
383,electrolizer,2030,16,23,23,0.005384615384615385
384,electrolizer,2030,16,24,24,0.005384615384615385
385,electrolizer,2030,17,1,1,0.007538461538461539
386,electrolizer,2030,17,2,2,0.0068034615384615395
387,electrolizer,2030,17,3,3,0.0068034615384615395
388,electrolizer,2030,17,4,4,0.0068034615384615395
389,electrolizer,2030,17,5,5,0.0068034615384615395
390,electrolizer,2030,17,6,6,0.0068034615384615395
391,electrolizer,2030,17,7,7,0.0068034615384615395
392,electrolizer,2030,17,8,8,0.0068034615384615395
393,electrolizer,2030,17,9,9,0.007538461538461539
394,electrolizer,2030,17,10,10,0.007538461538461539
395,electrolizer,2030,17,11,11,0.007538461538461539
396,electrolizer,2030,17,12,12,0.007538461538461539
397,electrolizer,2030,17,13,13,0.0068034615384615395
398,electrolizer,2030,17,14,14,0.0068034615384615395
399,electrolizer,2030,17,15,15,0.0068034615384615395
400,electrolizer,2030,17,16,16,0.007538461538461539
401,electrolizer,2030,17,17,17,0.007538461538461539
402,electrolizer,2030,17,18,18,0.007538461538461539
403,electrolizer,2030,17,19,19,0.007538461538461539
404,electrolizer,2030,17,20,20,0.007538461538461539
405,electrolizer,2030,17,21,21,0.007538461538461539
406,electrolizer,2030,17,22,22,0.007538461538461539
407,electrolizer,2030,17,23,23,0.007538461538461539
408,electrolizer,2030,17,24,24,0.007538461538461539
409,electrolizer,2030,18,1,1,0.028461538461538458
410,electrolizer,2030,18,2,2,0.028461538461538458
411,electrolizer,2030,18,3,3,0.028461538461538458
412,electrolizer,2030,18,4,4,0.028461538461538458
413,electrolizer,2030,18,5,5,0.028461538461538458
414,electrolizer,2030,18,6,6,0.028461538461538458
415,electrolizer,2030,18,7,7,0.028461538461538458
416,electrolizer,2030,18,8,8,0.028461538461538458
417,electrolizer,2030,18,9,9,0.028461538461538458
418,electrolizer,2030,18,10,10,0.028461538461538458
419,electrolizer,2030,18,11,11,0.028461538461538458
420,electrolizer,2030,18,12,12,0.028461538461538458
421,electrolizer,2030,18,13,13,0.028461538461538458
422,electrolizer,2030,18,14,14,0.028461538461538458
423,electrolizer,2030,18,15,15,0.028461538461538458
424,electrolizer,2030,18,16,16,0.028461538461538458
425,electrolizer,2030,18,17,17,0.028461538461538458
426,electrolizer,2030,18,18,18,0.028461538461538458
427,electrolizer,2030,18,19,19,0.028461538461538458
428,electrolizer,2030,18,20,20,0.028461538461538458
429,electrolizer,2030,18,21,21,0.028461538461538458
430,electrolizer,2030,18,22,22,0.028461538461538458
431,electrolizer,2030,18,23,23,0.028461538461538458
432,electrolizer,2030,18,24,24,0.028461538461538458
433,electrolizer,2030,19,1,1,0.005384615384615385
434,electrolizer,2030,19,2,2,0.005384615384615385
435,electrolizer,2030,19,3,3,0.005384615384615385
436,electrolizer,2030,19,4,4,0.005384615384615385
437,electrolizer,2030,19,5,5,0.005384615384615385
438,electrolizer,2030,19,6,6,0.005384615384615385
439,electrolizer,2030,19,7,7,0.005384615384615385
440,electrolizer,2030,19,8,8,0.005384615384615385
441,electrolizer,2030,19,9,9,0.00596633283613893
442,electrolizer,2030,19,10,10,0.00596633283613893
443,electrolizer,2030,19,11,11,0.005384615384615385
444,electrolizer,2030,19,12,12,0.005384615384615385
445,electrolizer,2030,19,13,13,0.005384615384615385
446,electrolizer,2030,19,14,14,0.005384615384615385
447,electrolizer,2030,19,15,15,0.005384615384615385
448,electrolizer,2030,19,16,16,0.005384615384615385
449,electrolizer,2030,19,17,17,0.005384615384615385
450,electrolizer,2030,19,18,18,0.005384615384615385
451,electrolizer,2030,19,19,19,0.00596633283613893
452,electrolizer,2030,19,20,20,0.005966332836138931
453,electrolizer,2030,19,21,21,0.00596633283613893
454,electrolizer,2030,19,22,22,0.005966332836138931
455,electrolizer,2030,19,23,23,0.005384615384615385
456,electrolizer,2030,19,24,24,0.005384615384615385
457,electrolizer,2030,20,1,1,0.005384615384615385
458,electrolizer,2030,20,2,2,0.005384615384615385
459,electrolizer,2030,20,3,3,0.005384615384615385
460,electrolizer,2030,20,4,4,0.005384615384615385
461,electrolizer,2030,20,5,5,0.005384615384615385
462,electrolizer,2030,20,6,6,0.005384615384615385
463,electrolizer,2030,20,7,7,0.005384615384615385
464,electrolizer,2030,20,8,8,0.005384615384615385
465,electrolizer,2030,20,9,9,0.005384615384615385
466,electrolizer,2030,20,10,10,0.005384615384615385
467,electrolizer,2030,20,11,11,0.005384615384615385
468,electrolizer,2030,20,12,12,0.005384615384615385
469,electrolizer,2030,20,13,13,0.005384615384615385
470,electrolizer,2030,20,14,14,0.005384615384615385
471,electrolizer,2030,20,15,15,0.005384615384615385
472,electrolizer,2030,20,16,16,0.005384615384615385
473,electrolizer,2030,20,17,17,0.005384615384615385
474,electrolizer,2030,20,18,18,0.005384615384615385
475,electrolizer,2030,20,19,19,0.005384615384615385
476,electrolizer,2030,20,20,20,0.005384615384615385
477,electrolizer,2030,20,21,21,0.005384615384615385
478,electrolizer,2030,20,22,22,0.005384615384615385
479,electrolizer,2030,20,23,23,0.005384615384615385
480,electrolizer,2030,20,24,24,0.005384615384615385
481,electrolizer,2030,21,1,1,0.005384615384615385
482,electrolizer,2030,21,2,2,0.005384615384615385
483,electrolizer,2030,21,3,3,0.005384615384615385
484,electrolizer,2030,21,4,4,0.005384615384615385
485,electrolizer,2030,21,5,5,0.005384615384615385
486,electrolizer,2030,21,6,6,0.005384615384615385
487,electrolizer,2030,21,7,7,0.005966332836138931
488,electrolizer,2030,21,8,8,0.005966332836138931
489,electrolizer,2030,21,9,9,0.005966332836138931
490,electrolizer,2030,21,10,10,0.005384615384615385
491,electrolizer,2030,21,11,11,0.005384615384615385
492,electrolizer,2030,21,12,12,0.005384615384615385
493,electrolizer,2030,21,13,13,0.005384615384615385
494,electrolizer,2030,21,14,14,0.005384615384615385
495,electrolizer,2030,21,15,15,0.005384615384615385
496,electrolizer,2030,21,16,16,0.005384615384615385
497,electrolizer,2030,21,17,17,0.005384615384615385
498,electrolizer,2030,21,18,18,0.007538461538461539
499,electrolizer,2030,21,19,19,0.007538461538461539
500,electrolizer,2030,21,20,20,0.007538461538461539
501,electrolizer,2030,21,21,21,0.007538461538461539
502,electrolizer,2030,21,22,22,0.007538461538461539
503,electrolizer,2030,21,23,23,0.007538461538461539
504,electrolizer,2030,21,24,24,0.007538461538461539
505,electrolizer,2030,22,1,1,0.005384615384615385
506,electrolizer,2030,22,2,2,0.005384615384615385
507,electrolizer,2030,22,3,3,0.005384615384615385
508,electrolizer,2030,22,4,4,0.005384615384615385
509,electrolizer,2030,22,5,5,0.005384615384615385
510,electrolizer,2030,22,6,6,0.005384615384615385
511,electrolizer,2030,22,7,7,0.005384615384615385
512,electrolizer,2030,22,8,8,0.00596633283613893
513,electrolizer,2030,22,9,9,0.005384615384615385
514,electrolizer,2030,22,10,10,0.005384615384615385
515,electrolizer,2030,22,11,11,0.005384615384615385
516,electrolizer,2030,22,12,12,0.005384615384615385
517,electrolizer,2030,22,13,13,0.005384615384615385
518,electrolizer,2030,22,14,14,0.005384615384615385
519,electrolizer,2030,22,15,15,0.005384615384615385
520,electrolizer,2030,22,16,16,0.005384615384615385
521,electrolizer,2030,22,17,17,0.005384615384615385
522,electrolizer,2030,22,18,18,0.00596633283613893
523,electrolizer,2030,22,19,19,0.00596633283613893
524,electrolizer,2030,22,20,20,0.00596633283613893
525,electrolizer,2030,22,21,21,0.00596633283613893
526,electrolizer,2030,22,22,22,0.005384615384615385
527,electrolizer,2030,22,23,23,0.00596633283613893
528,electrolizer,2030,22,24,24,0.005384615384615385
529,electrolizer,2030,23,1,1,0.005384615384615385
530,electrolizer,2030,23,2,2,0.005384615384615385
531,electrolizer,2030,23,3,3,0.005384615384615385
532,electrolizer,2030,23,4,4,0.005384615384615385
533,electrolizer,2030,23,5,5,0.005384615384615385
534,electrolizer,2030,23,6,6,0.005384615384615385
535,electrolizer,2030,23,7,7,0.00596633283613893
536,electrolizer,2030,23,8,8,0.00596633283613893
537,electrolizer,2030,23,9,9,0.00596633283613893
538,electrolizer,2030,23,10,10,0.005384615384615385
539,electrolizer,2030,23,11,11,0.005384615384615385
540,electrolizer,2030,23,12,12,0.005384615384615385
541,electrolizer,2030,23,13,13,0.005384615384615385
542,electrolizer,2030,23,14,14,0.005384615384615385
543,electrolizer,2030,23,15,15,0.005384615384615385
544,electrolizer,2030,23,16,16,0.005384615384615385
545,electrolizer,2030,23,17,17,0.007538461538461539
546,electrolizer,2030,23,18,18,0.007538461538461539
547,electrolizer,2030,23,19,19,0.007538461538461539
548,electrolizer,2030,23,20,20,0.007538461538461539
549,electrolizer,2030,23,21,21,0.007538461538461539
550,electrolizer,2030,23,22,22,0.007538461538461539
551,electrolizer,2030,23,23,23,0.007538461538461539
552,electrolizer,2030,23,24,24,0.007538461538461539
553,electrolizer,2030,24,1,1,0.005384615384615385
554,electrolizer,2030,24,2,2,0.005384615384615385
555,electrolizer,2030,24,3,3,0.005384615384615385
556,electrolizer,2030,24,4,4,0.005384615384615385
557,electrolizer,2030,24,5,5,0.005384615384615385
558,electrolizer,2030,24,6,6,0.005384615384615385
559,electrolizer,2030,24,7,7,0.005384615384615385
560,electrolizer,2030,24,8,8,0.005384615384615385
561,electrolizer,2030,24,9,9,0.0004307692307692307
562,electrolizer,2030,24,10,10,0.0004307692307692307
563,electrolizer,2030,24,11,11,0.0004307692307692307
564,electrolizer,2030,24,12,12,0.0004307692307692307
565,electrolizer,2030,24,13,13,0.0004307692307692307
566,electrolizer,2030,24,14,14,0.0004307692307692307
567,electrolizer,2030,24,15,15,0.005384615384615385
568,electrolizer,2030,24,16,16,0.005384615384615385
569,electrolizer,2030,24,17,17,0.005384615384615385
570,electrolizer,2030,24,18,18,0.005384615384615385
571,electrolizer,2030,24,19,19,0.005384615384615385
572,electrolizer,2030,24,20,20,0.005384615384615385
573,electrolizer,2030,24,21,21,0.005384615384615385
574,electrolizer,2030,24,22,22,0.005384615384615385
575,electrolizer,2030,24,23,23,0.005384615384615385
576,electrolizer,2030,24,24,24,0.005384615384615385
577,electrolizer,2030,25,1,1,0.005966332836138931
578,electrolizer,2030,25,2,2,0.005384615384615385
579,electrolizer,2030,25,3,3,0.005384615384615385
580,electrolizer,2030,25,4,4,0.005384615384615385
581,electrolizer,2030,25,5,5,0.005384615384615385
582,electrolizer,2030,25,6,6,0.005384615384615385
583,electrolizer,2030,25,7,7,0.005384615384615385
584,electrolizer,2030,25,8,8,0.005384615384615385
585,electrolizer,2030,25,9,9,0.005384615384615385
586,electrolizer,2030,25,10,10,0.005384615384615385
587,electrolizer,2030,25,11,11,0.005384615384615385
588,electrolizer,2030,25,12,12,0.005384615384615385
589,electrolizer,2030,25,13,13,0.005384615384615385
590,electrolizer,2030,25,14,14,0.005384615384615385
591,electrolizer,2030,25,15,15,0.005384615384615385
592,electrolizer,2030,25,16,16,0.005384615384615385
593,electrolizer,2030,25,17,17,0.005384615384615385
594,electrolizer,2030,25,18,18,0.00596633283613893
595,electrolizer,2030,25,19,19,0.00596633283613893
596,electrolizer,2030,25,20,20,0.00596633283613893
597,electrolizer,2030,25,21,21,0.00596633283613893
598,electrolizer,2030,25,22,22,0.005966332836138931
599,electrolizer,2030,25,23,23,0.005966332836138931
600,electrolizer,2030,25,24,24,0.005966332836138931
601,electrolizer,2030,26,1,1,0.005384615384615385
602,electrolizer,2030,26,2,2,0.005384615384615385
603,electrolizer,2030,26,3,3,0.005384615384615385
604,electrolizer,2030,26,4,4,0.005384615384615385
605,electrolizer,2030,26,5,5,0.005384615384615385
606,electrolizer,2030,26,6,6,0.005384615384615385
607,electrolizer,2030,26,7,7,0.005384615384615385
608,electrolizer,2030,26,8,8,0.005384615384615385
609,electrolizer,2030,26,9,9,0.005384615384615385
610,electrolizer,2030,26,10,10,0.005384615384615385
611,electrolizer,2030,26,11,11,0.005384615384615385
612,electrolizer,2030,26,12,12,0.005384615384615385
613,electrolizer,2030,26,13,13,0.005384615384615385
614,electrolizer,2030,26,14,14,0.005384615384615385
615,electrolizer,2030,26,15,15,0.005384615384615385
616,electrolizer,2030,26,16,16,0.005384615384615385
617,electrolizer,2030,26,17,17,0.005384615384615385
618,electrolizer,2030,26,18,18,0.005384615384615385
619,electrolizer,2030,26,19,19,0.00596633283613893
620,electrolizer,2030,26,20,20,0.00596633283613893
621,electrolizer,2030,26,21,21,0.00596633283613893
622,electrolizer,2030,26,22,22,0.005384615384615385
623,electrolizer,2030,26,23,23,0.005384615384615385
624,electrolizer,2030,26,24,24,0.005384615384615385
625,electrolizer,2030,27,1,1,0.007538461538461539
626,electrolizer,2030,27,2,2,0.007538461538461539
627,electrolizer,2030,27,3,3,0.007538461538461539
628,electrolizer,2030,27,4,4,0.007538461538461539
629,electrolizer,2030,27,5,5,0.007538461538461539
630,electrolizer,2030,27,6,6,0.007538461538461539
631,electrolizer,2030,27,7,7,0.007538461538461539
632,electrolizer,2030,27,8,8,0.007538461538461539
633,electrolizer,2030,27,9,9,0.007538461538461539
634,electrolizer,2030,27,10,10,0.007538461538461539
635,electrolizer,2030,27,11,11,0.005384615384615385
636,electrolizer,2030,27,12,12,0.005384615384615385
637,electrolizer,2030,27,13,13,0.005384615384615385
638,electrolizer,2030,27,14,14,0.005384615384615385
639,electrolizer,2030,27,15,15,0.005384615384615385
640,electrolizer,2030,27,16,16,0.007538461538461539
641,electrolizer,2030,27,17,17,5.540459710483105
642,electrolizer,2030,27,18,18,5.540459710483105
643,electrolizer,2030,27,19,19,5.540459710483105
644,electrolizer,2030,27,20,20,5.540459710483105
645,electrolizer,2030,27,21,21,5.540459710483105
646,electrolizer,2030,27,22,22,5.540459710483105
647,electrolizer,2030,27,23,23,0.007538461538461539
648,electrolizer,2030,27,24,24,0.007538461538461539
649,electrolizer,2030,28,1,1,0.005384615384615385
650,electrolizer,2030,28,2,2,0.005384615384615385
651,electrolizer,2030,28,3,3,0.005384615384615385
652,electrolizer,2030,28,4,4,0.005384615384615385
653,electrolizer,2030,28,5,5,0.005384615384615385
654,electrolizer,2030,28,6,6,0.005384615384615385
655,electrolizer,2030,28,7,7,0.005384615384615385
656,electrolizer,2030,28,8,8,0.005384615384615385
657,electrolizer,2030,28,9,9,0.005384615384615385
658,electrolizer,2030,28,10,10,0.005384615384615385
659,electrolizer,2030,28,11,11,0.005384615384615385
660,electrolizer,2030,28,12,12,0.005384615384615385
661,electrolizer,2030,28,13,13,0.005384615384615385
662,electrolizer,2030,28,14,14,0.005384615384615385
663,electrolizer,2030,28,15,15,0.005384615384615385
664,electrolizer,2030,28,16,16,0.005384615384615385
665,electrolizer,2030,28,17,17,0.005384615384615385
666,electrolizer,2030,28,18,18,0.005384615384615385
667,electrolizer,2030,28,19,19,0.005384615384615385
668,electrolizer,2030,28,20,20,0.005384615384615385
669,electrolizer,2030,28,21,21,0.005384615384615385
670,electrolizer,2030,28,22,22,0.005384615384615385
671,electrolizer,2030,28,23,23,0.005384615384615385
672,electrolizer,2030,28,24,24,0.005384615384615385
673,electrolizer,2030,29,1,1,0.01076923076923077
674,electrolizer,2030,29,2,2,0.01076923076923077
675,electrolizer,2030,29,3,3,0.01076923076923077
676,electrolizer,2030,29,4,4,0.01076923076923077
677,electrolizer,2030,29,5,5,0.01076923076923077
678,electrolizer,2030,29,6,6,0.01076923076923077
679,electrolizer,2030,29,7,7,0.01076923076923077
680,electrolizer,2030,29,8,8,0.01076923076923077
681,electrolizer,2030,29,9,9,0.0
682,electrolizer,2030,29,10,10,0.0
683,electrolizer,2030,29,11,11,0.0
684,electrolizer,2030,29,12,12,0.0
685,electrolizer,2030,29,13,13,0.0
686,electrolizer,2030,29,14,14,0.0
687,electrolizer,2030,29,15,15,0.0
688,electrolizer,2030,29,16,16,0.0
689,electrolizer,2030,29,17,17,0.0
690,electrolizer,2030,29,18,18,0.0
691,electrolizer,2030,29,19,19,0.01076923076923077
692,electrolizer,2030,29,20,20,0.015076923076923078
693,electrolizer,2030,29,21,21,0.015076923076923078
694,electrolizer,2030,29,22,22,0.015076923076923078
695,electrolizer,2030,29,23,23,0.015076923076923078
696,electrolizer,2030,29,24,24,0.015076923076923078
697,electrolizer,2030,30,1,1,0.005384615384615385
698,electrolizer,2030,30,2,2,0.005384615384615385
699,electrolizer,2030,30,3,3,0.005384615384615385
700,electrolizer,2030,30,4,4,0.005384615384615385
701,electrolizer,2030,30,5,5,0.005384615384615385
702,electrolizer,2030,30,6,6,0.005384615384615385
703,electrolizer,2030,30,7,7,0.005384615384615385
704,electrolizer,2030,30,8,8,0.005384615384615385
705,electrolizer,2030,30,9,9,0.005384615384615385
706,electrolizer,2030,30,10,10,0.005384615384615385
707,electrolizer,2030,30,11,11,0.005384615384615385
708,electrolizer,2030,30,12,12,0.005384615384615385
709,electrolizer,2030,30,13,13,0.005384615384615385
710,electrolizer,2030,30,14,14,0.005384615384615385
711,electrolizer,2030,30,15,15,0.005384615384615385
712,electrolizer,2030,30,16,16,0.005384615384615385
713,electrolizer,2030,30,17,17,0.005384615384615385
714,electrolizer,2030,30,18,18,0.005384615384615385
715,electrolizer,2030,30,19,19,0.00596633283613893
716,electrolizer,2030,30,20,20,0.00596633283613893
717,electrolizer,2030,30,21,21,0.00596633283613893
718,electrolizer,2030,30,22,22,0.005384615384615385
719,electrolizer,2030,30,23,23,0.00596633283613893
720,electrolizer,2030,30,24,24,0.005384615384615385
721,electrolizer,2030,31,1,1,0.005384615384615385
722,electrolizer,2030,31,2,2,0.005384615384615385
723,electrolizer,2030,31,3,3,0.005384615384615385
724,electrolizer,2030,31,4,4,0.005384615384615385
725,electrolizer,2030,31,5,5,0.005384615384615385
726,electrolizer,2030,31,6,6,0.005384615384615385
727,electrolizer,2030,31,7,7,0.005384615384615385
728,electrolizer,2030,31,8,8,0.005384615384615385
729,electrolizer,2030,31,9,9,0.005384615384615385
730,electrolizer,2030,31,10,10,0.005384615384615385
731,electrolizer,2030,31,11,11,0.005384615384615385
732,electrolizer,2030,31,12,12,0.005384615384615385
733,electrolizer,2030,31,13,13,0.005384615384615385
734,electrolizer,2030,31,14,14,0.005384615384615385
735,electrolizer,2030,31,15,15,0.005384615384615385
736,electrolizer,2030,31,16,16,0.005384615384615385
737,electrolizer,2030,31,17,17,0.005384615384615385
738,electrolizer,2030,31,18,18,0.005384615384615385
739,electrolizer,2030,31,19,19,0.005384615384615385
740,electrolizer,2030,31,20,20,0.005384615384615385
741,electrolizer,2030,31,21,21,0.005384615384615385
742,electrolizer,2030,31,22,22,0.005384615384615385
743,electrolizer,2030,31,23,23,0.005384615384615385
744,electrolizer,2030,31,24,24,0.005384615384615385
745,electrolizer,2030,32,1,1,0.007538461538461539
746,electrolizer,2030,32,2,2,0.007538461538461539
747,electrolizer,2030,32,3,3,0.007538461538461539
748,electrolizer,2030,32,4,4,0.007538461538461539
749,electrolizer,2030,32,5,5,0.007538461538461539
750,electrolizer,2030,32,6,6,0.007538461538461539
751,electrolizer,2030,32,7,7,0.007538461538461539
752,electrolizer,2030,32,8,8,0.007538461538461539
753,electrolizer,2030,32,9,9,0.007538461538461539
754,electrolizer,2030,32,10,10,0.007538461538461539
755,electrolizer,2030,32,11,11,0.005384615384615385
756,electrolizer,2030,32,12,12,0.005384615384615385
757,electrolizer,2030,32,13,13,0.005384615384615385
758,electrolizer,2030,32,14,14,0.005384615384615385
759,electrolizer,2030,32,15,15,0.005384615384615385
760,electrolizer,2030,32,16,16,0.007538461538461539
761,electrolizer,2030,32,17,17,0.007538461538461539
762,electrolizer,2030,32,18,18,0.007538461538461539
763,electrolizer,2030,32,19,19,0.007538461538461539
764,electrolizer,2030,32,20,20,0.007538461538461539
765,electrolizer,2030,32,21,21,0.007538461538461539
766,electrolizer,2030,32,22,22,0.007538461538461539
767,electrolizer,2030,32,23,23,0.007538461538461539
768,electrolizer,2030,32,24,24,0.007538461538461539
769,electrolizer,2030,33,1,1,0.005384615384615385
770,electrolizer,2030,33,2,2,0.005384615384615385
771,electrolizer,2030,33,3,3,0.005384615384615385
772,electrolizer,2030,33,4,4,0.005384615384615385
773,electrolizer,2030,33,5,5,0.005384615384615385
774,electrolizer,2030,33,6,6,0.005384615384615385
775,electrolizer,2030,33,7,7,0.005384615384615385
776,electrolizer,2030,33,8,8,0.005384615384615385
777,electrolizer,2030,33,9,9,0.005384615384615385
778,electrolizer,2030,33,10,10,0.005384615384615385
779,electrolizer,2030,33,11,11,0.005384615384615385
780,electrolizer,2030,33,12,12,0.005384615384615385
781,electrolizer,2030,33,13,13,0.005384615384615385
782,electrolizer,2030,33,14,14,0.005384615384615385
783,electrolizer,2030,33,15,15,0.005384615384615385
784,electrolizer,2030,33,16,16,0.005384615384615385
785,electrolizer,2030,33,17,17,0.005384615384615385
786,electrolizer,2030,33,18,18,0.005384615384615385
787,electrolizer,2030,33,19,19,0.005384615384615385
788,electrolizer,2030,33,20,20,0.005384615384615385
789,electrolizer,2030,33,21,21,0.00596633283613893
790,electrolizer,2030,33,22,22,0.005384615384615385
791,electrolizer,2030,33,23,23,0.005384615384615385
792,electrolizer,2030,33,24,24,0.005384615384615385
793,electrolizer,2030,34,1,1,0.7479201196075961
794,electrolizer,2030,34,2,2,0.7479201196075961
795,electrolizer,2030,34,3,3,0.7479201196075961
796,electrolizer,2030,34,4,4,0.7479201196075961
797,electrolizer,2030,34,5,5,0.7479201196075961
798,electrolizer,2030,34,6,6,0.7479201196075961
799,electrolizer,2030,34,7,7,0.7479201196075961
800,electrolizer,2030,34,8,8,0.747920119607596
801,electrolizer,2030,34,9,9,0.8287203541358404
802,electrolizer,2030,34,10,10,0.8287203541358404
803,electrolizer,2030,34,11,11,0.8287203541358404
804,electrolizer,2030,34,12,12,0.7479201196075961
805,electrolizer,2030,34,13,13,0.747920119607596
806,electrolizer,2030,34,14,14,0.747920119607596
807,electrolizer,2030,34,15,15,0.8287203541358404
808,electrolizer,2030,34,16,16,0.8287203541358404
809,electrolizer,2030,34,17,17,0.8287203541358404
810,electrolizer,2030,34,18,18,0.8287203541358404
811,electrolizer,2030,34,19,19,0.8287203541358404
812,electrolizer,2030,34,20,20,0.8287203541358404
813,electrolizer,2030,34,21,21,0.8287203541358404
814,electrolizer,2030,34,22,22,0.007538461538461539
815,electrolizer,2030,34,23,23,0.007538461538461539
816,electrolizer,2030,34,24,24,0.008352865970594503
817,electrolizer,2030,35,1,1,0.005384615384615385
818,electrolizer,2030,35,2,2,0.005384615384615385
819,electrolizer,2030,35,3,3,0.005384615384615385
820,electrolizer,2030,35,4,4,0.005384615384615385
821,electrolizer,2030,35,5,5,0.005384615384615385
822,electrolizer,2030,35,6,6,0.005384615384615385
823,electrolizer,2030,35,7,7,0.005384615384615385
824,electrolizer,2030,35,8,8,0.005384615384615385
825,electrolizer,2030,35,9,9,0.005384615384615385
826,electrolizer,2030,35,10,10,0.0
827,electrolizer,2030,35,11,11,0.0
828,electrolizer,2030,35,12,12,0.0
829,electrolizer,2030,35,13,13,0.0
830,electrolizer,2030,35,14,14,0.0
831,electrolizer,2030,35,15,15,0.0
832,electrolizer,2030,35,16,16,0.0
833,electrolizer,2030,35,17,17,0.0
834,electrolizer,2030,35,18,18,0.005384615384615385
835,electrolizer,2030,35,19,19,0.005384615384615385
836,electrolizer,2030,35,20,20,0.005384615384615385
837,electrolizer,2030,35,21,21,0.005384615384615385
838,electrolizer,2030,35,22,22,0.005384615384615385
839,electrolizer,2030,35,23,23,0.005384615384615385
840,electrolizer,2030,35,24,24,0.005384615384615385
841,electrolizer,2030,36,1,1,0.007538461538461539
842,electrolizer,2030,36,2,2,0.005384615384615385
843,electrolizer,2030,36,3,3,0.005384615384615385
844,electrolizer,2030,36,4,4,0.005384615384615385
845,electrolizer,2030,36,5,5,0.005384615384615385
846,electrolizer,2030,36,6,6,0.005384615384615385
847,electrolizer,2030,36,7,7,0.005384615384615385
848,electrolizer,2030,36,8,8,0.005384615384615385
849,electrolizer,2030,36,9,9,0.005384615384615385
850,electrolizer,2030,36,10,10,0.005384615384615385
851,electrolizer,2030,36,11,11,0.005384615384615385
852,electrolizer,2030,36,12,12,0.005384615384615385
853,electrolizer,2030,36,13,13,0.005384615384615385
854,electrolizer,2030,36,14,14,0.005384615384615385
855,electrolizer,2030,36,15,15,0.005384615384615385
856,electrolizer,2030,36,16,16,0.005384615384615385
857,electrolizer,2030,36,17,17,0.005384615384615385
858,electrolizer,2030,36,18,18,0.00596633283613893
859,electrolizer,2030,36,19,19,0.00596633283613893
860,electrolizer,2030,36,20,20,0.00596633283613893
861,electrolizer,2030,36,21,21,0.00596633283613893
862,electrolizer,2030,36,22,22,0.005384615384615385
863,electrolizer,2030,36,23,23,0.005384615384615385
864,electrolizer,2030,36,24,24,0.005384615384615385
865,electrolizer,2030,37,1,1,0.007538461538461539
866,electrolizer,2030,37,2,2,0.007538461538461539
867,electrolizer,2030,37,3,3,0.007538461538461539
868,electrolizer,2030,37,4,4,0.007538461538461539
869,electrolizer,2030,37,5,5,0.007538461538461539
870,electrolizer,2030,37,6,6,0.007538461538461539
871,electrolizer,2030,37,7,7,0.007538461538461539
872,electrolizer,2030,37,8,8,0.007538461538461539
873,electrolizer,2030,37,9,9,0.008352865970594503
874,electrolizer,2030,37,10,10,0.007538461538461539
875,electrolizer,2030,37,11,11,0.005384615384615385
876,electrolizer,2030,37,12,12,0.005384615384615385
877,electrolizer,2030,37,13,13,0.005384615384615385
878,electrolizer,2030,37,14,14,0.005384615384615385
879,electrolizer,2030,37,15,15,0.005384615384615385
880,electrolizer,2030,37,16,16,0.005384615384615385
881,electrolizer,2030,37,17,17,0.007538461538461539
882,electrolizer,2030,37,18,18,0.007538461538461539
883,electrolizer,2030,37,19,19,0.007538461538461539
884,electrolizer,2030,37,20,20,0.007538461538461539
885,electrolizer,2030,37,21,21,0.007538461538461539
886,electrolizer,2030,37,22,22,0.007538461538461539
887,electrolizer,2030,37,23,23,0.007538461538461539
888,electrolizer,2030,37,24,24,0.007538461538461539
889,electrolizer,2030,38,1,1,0.005384615384615385
890,electrolizer,2030,38,2,2,0.005384615384615385
891,electrolizer,2030,38,3,3,0.005384615384615385
892,electrolizer,2030,38,4,4,0.005384615384615385
893,electrolizer,2030,38,5,5,0.005384615384615385
894,electrolizer,2030,38,6,6,0.005384615384615385
895,electrolizer,2030,38,7,7,0.005384615384615385
896,electrolizer,2030,38,8,8,0.005384615384615385
897,electrolizer,2030,38,9,9,0.005384615384615385
898,electrolizer,2030,38,10,10,0.005384615384615385
899,electrolizer,2030,38,11,11,0.005384615384615385
900,electrolizer,2030,38,12,12,0.005384615384615385
901,electrolizer,2030,38,13,13,0.005384615384615385
902,electrolizer,2030,38,14,14,0.005384615384615385
903,electrolizer,2030,38,15,15,0.005384615384615385
904,electrolizer,2030,38,16,16,0.005384615384615385
905,electrolizer,2030,38,17,17,0.005384615384615385
906,electrolizer,2030,38,18,18,0.005384615384615385
907,electrolizer,2030,38,19,19,0.005384615384615385
908,electrolizer,2030,38,20,20,0.005384615384615385
909,electrolizer,2030,38,21,21,0.005384615384615385
910,electrolizer,2030,38,22,22,0.005384615384615385
911,electrolizer,2030,38,23,23,0.00596633283613893
912,electrolizer,2030,38,24,24,0.005384615384615385
913,electrolizer,2030,39,1,1,0.007538461538461539
914,electrolizer,2030,39,2,2,0.007538461538461539
915,electrolizer,2030,39,3,3,0.007538461538461539
916,electrolizer,2030,39,4,4,0.007538461538461539
917,electrolizer,2030,39,5,5,0.007538461538461539
918,electrolizer,2030,39,6,6,0.007538461538461539
919,electrolizer,2030,39,7,7,0.007538461538461539
920,electrolizer,2030,39,8,8,0.007538461538461539
921,electrolizer,2030,39,9,9,0.008352865970594503
922,electrolizer,2030,39,10,10,0.007538461538461539
923,electrolizer,2030,39,11,11,0.005384615384615385
924,electrolizer,2030,39,12,12,0.005384615384615385
925,electrolizer,2030,39,13,13,0.005384615384615385
926,electrolizer,2030,39,14,14,0.005384615384615385
927,electrolizer,2030,39,15,15,0.005384615384615385
928,electrolizer,2030,39,16,16,0.005384615384615385
929,electrolizer,2030,39,17,17,0.007538461538461539
930,electrolizer,2030,39,18,18,0.007538461538461539
931,electrolizer,2030,39,19,19,0.007538461538461539
932,electrolizer,2030,39,20,20,0.007538461538461539
933,electrolizer,2030,39,21,21,0.007538461538461539
934,electrolizer,2030,39,22,22,0.007538461538461539
935,electrolizer,2030,39,23,23,0.007538461538461539
936,electrolizer,2030,39,24,24,0.007538461538461539
937,electrolizer,2030,40,1,1,0.005384615384615385
938,electrolizer,2030,40,2,2,0.005384615384615385
939,electrolizer,2030,40,3,3,0.005384615384615385
940,electrolizer,2030,40,4,4,0.005384615384615385
941,electrolizer,2030,40,5,5,0.005384615384615385
942,electrolizer,2030,40,6,6,0.005384615384615385
943,electrolizer,2030,40,7,7,0.005384615384615385
944,electrolizer,2030,40,8,8,0.005384615384615385
945,electrolizer,2030,40,9,9,0.005384615384615385
946,electrolizer,2030,40,10,10,0.005384615384615385
947,electrolizer,2030,40,11,11,0.005384615384615385
948,electrolizer,2030,40,12,12,0.005384615384615385
949,electrolizer,2030,40,13,13,0.005384615384615385
950,electrolizer,2030,40,14,14,0.005384615384615385
951,electrolizer,2030,40,15,15,0.005384615384615385
952,electrolizer,2030,40,16,16,0.005384615384615385
953,electrolizer,2030,40,17,17,0.005384615384615385
954,electrolizer,2030,40,18,18,0.005384615384615385
955,electrolizer,2030,40,19,19,0.005384615384615385
956,electrolizer,2030,40,20,20,0.005384615384615385
957,electrolizer,2030,40,21,21,0.005384615384615385
958,electrolizer,2030,40,22,22,0.005384615384615385
959,electrolizer,2030,40,23,23,0.005384615384615385
960,electrolizer,2030,40,24,24,0.005384615384615385
961,electrolizer,2030,41,1,1,0.0
962,electrolizer,2030,41,2,2,0.0
963,electrolizer,2030,41,3,3,0.0
964,electrolizer,2030,41,4,4,0.0
965,electrolizer,2030,41,5,5,0.028461538461538458
966,electrolizer,2030,41,6,6,0.0
967,electrolizer,2030,41,7,7,0.0
968,electrolizer,2030,41,8,8,0.0
969,electrolizer,2030,41,9,9,0.0
970,electrolizer,2030,41,10,10,0.0
971,electrolizer,2030,41,11,11,0.0
972,electrolizer,2030,41,12,12,0.0
973,electrolizer,2030,41,13,13,0.0
974,electrolizer,2030,41,14,14,0.0
975,electrolizer,2030,41,15,15,0.0
976,electrolizer,2030,41,16,16,0.0
977,electrolizer,2030,41,17,17,0.0
978,electrolizer,2030,41,18,18,0.0
979,electrolizer,2030,41,19,19,0.028461538461538458
980,electrolizer,2030,41,20,20,0.0
981,electrolizer,2030,41,21,21,0.028461538461538458
982,electrolizer,2030,41,22,22,0.0
983,electrolizer,2030,41,23,23,0.028461538461538458
984,electrolizer,2030,41,24,24,0.0
985,electrolizer,2030,42,1,1,0.005384615384615385
986,electrolizer,2030,42,2,2,0.005384615384615385
987,electrolizer,2030,42,3,3,0.005384615384615385
988,electrolizer,2030,42,4,4,0.005384615384615385
989,electrolizer,2030,42,5,5,0.005384615384615385
990,electrolizer,2030,42,6,6,0.005384615384615385
991,electrolizer,2030,42,7,7,0.005384615384615385
992,electrolizer,2030,42,8,8,0.005384615384615385
993,electrolizer,2030,42,9,9,0.0
994,electrolizer,2030,42,10,10,0.0
995,electrolizer,2030,42,11,11,0.0
996,electrolizer,2030,42,12,12,0.0
997,electrolizer,2030,42,13,13,0.0
998,electrolizer,2030,42,14,14,0.0
999,electrolizer,2030,42,15,15,0.0
1000,electrolizer,2030,42,16,16,0.0
1001,electrolizer,2030,42,17,17,0.0
1002,electrolizer,2030,42,18,18,0.0
1003,electrolizer,2030,42,19,19,0.005384615384615385
1004,electrolizer,2030,42,20,20,0.005384615384615385
1005,electrolizer,2030,42,21,21,0.005384615384615385
1006,electrolizer,2030,42,22,22,0.005384615384615385
1007,electrolizer,2030,42,23,23,0.005384615384615385
1008,electrolizer,2030,42,24,24,0.005384615384615385
1009,electrolizer,2030,43,1,1,0.007538461538461539
1010,electrolizer,2030,43,2,2,0.007538461538461539
1011,electrolizer,2030,43,3,3,0.007538461538461539
1012,electrolizer,2030,43,4,4,0.007538461538461539
1013,electrolizer,2030,43,5,5,0.007538461538461539
1014,electrolizer,2030,43,6,6,0.0068034615384615395
1015,electrolizer,2030,43,7,7,0.0068034615384615395
1016,electrolizer,2030,43,8,8,0.007538461538461539
1017,electrolizer,2030,43,9,9,0.007538461538461539
1018,electrolizer,2030,43,10,10,0.007538461538461539
1019,electrolizer,2030,43,11,11,0.007538461538461539
1020,electrolizer,2030,43,12,12,0.007538461538461539
1021,electrolizer,2030,43,13,13,0.0068034615384615395
1022,electrolizer,2030,43,14,14,0.0068034615384615395
1023,electrolizer,2030,43,15,15,0.007538461538461539
1024,electrolizer,2030,43,16,16,0.007538461538461539
1025,electrolizer,2030,43,17,17,0.007538461538461539
1026,electrolizer,2030,43,18,18,0.007538461538461539
1027,electrolizer,2030,43,19,19,0.007538461538461539
1028,electrolizer,2030,43,20,20,0.007538461538461539
1029,electrolizer,2030,43,21,21,0.007538461538461539
1030,electrolizer,2030,43,22,22,0.007538461538461539
1031,electrolizer,2030,43,23,23,0.007538461538461539
1032,electrolizer,2030,43,24,24,0.005384615384615385
1033,electrolizer,2030,44,1,1,0.005384615384615385
1034,electrolizer,2030,44,2,2,0.005384615384615385
1035,electrolizer,2030,44,3,3,0.005384615384615385
1036,electrolizer,2030,44,4,4,0.005384615384615385
1037,electrolizer,2030,44,5,5,0.005384615384615385
1038,electrolizer,2030,44,6,6,0.005384615384615385
1039,electrolizer,2030,44,7,7,0.005384615384615385
1040,electrolizer,2030,44,8,8,0.005384615384615385
1041,electrolizer,2030,44,9,9,0.005384615384615385
1042,electrolizer,2030,44,10,10,0.005384615384615385
1043,electrolizer,2030,44,11,11,0.005384615384615385
1044,electrolizer,2030,44,12,12,0.005384615384615385
1045,electrolizer,2030,44,13,13,0.005384615384615385
1046,electrolizer,2030,44,14,14,0.005384615384615385
1047,electrolizer,2030,44,15,15,0.005384615384615385
1048,electrolizer,2030,44,16,16,0.005384615384615385
1049,electrolizer,2030,44,17,17,0.005384615384615385
1050,electrolizer,2030,44,18,18,0.005384615384615385
1051,electrolizer,2030,44,19,19,0.005384615384615385
1052,electrolizer,2030,44,20,20,0.005384615384615385
1053,electrolizer,2030,44,21,21,0.005384615384615385
1054,electrolizer,2030,44,22,22,0.005384615384615385
1055,electrolizer,2030,44,23,23,0.005384615384615385
1056,electrolizer,2030,44,24,24,0.005384615384615385
1057,electrolizer,2030,45,1,1,0.007538461538461539
1058,electrolizer,2030,45,2,2,0.007538461538461539
1059,electrolizer,2030,45,3,3,0.007538461538461539
1060,electrolizer,2030,45,4,4,0.007538461538461539
1061,electrolizer,2030,45,5,5,0.007538461538461539
1062,electrolizer,2030,45,6,6,0.007538461538461539
1063,electrolizer,2030,45,7,7,0.007538461538461539
1064,electrolizer,2030,45,8,8,0.007538461538461539
1065,electrolizer,2030,45,9,9,0.008352865970594503
1066,electrolizer,2030,45,10,10,0.008352865970594503
1067,electrolizer,2030,45,11,11,0.007538461538461539
1068,electrolizer,2030,45,12,12,0.007538461538461539
1069,electrolizer,2030,45,13,13,0.007538461538461539
1070,electrolizer,2030,45,14,14,0.007538461538461539
1071,electrolizer,2030,45,15,15,0.007538461538461539
1072,electrolizer,2030,45,16,16,0.007538461538461539
1073,electrolizer,2030,45,17,17,0.008352865970594503
1074,electrolizer,2030,45,18,18,0.008352865970594503
1075,electrolizer,2030,45,19,19,0.008352865970594503
1076,electrolizer,2030,45,20,20,0.008352865970594503
1077,electrolizer,2030,45,21,21,0.008352865970594503
1078,electrolizer,2030,45,22,22,0.007538461538461539
1079,electrolizer,2030,45,23,23,0.007538461538461539
1080,electrolizer,2030,45,24,24,0.008352865970594503
1081,electrolizer,2030,46,1,1,0.005384615384615385
1082,electrolizer,2030,46,2,2,0.005384615384615385
1083,electrolizer,2030,46,3,3,0.005384615384615385
1084,electrolizer,2030,46,4,4,0.005384615384615385
1085,electrolizer,2030,46,5,5,0.005384615384615385
1086,electrolizer,2030,46,6,6,0.005384615384615385
1087,electrolizer,2030,46,7,7,0.005384615384615385
1088,electrolizer,2030,46,8,8,0.0
1089,electrolizer,2030,46,9,9,0.0
1090,electrolizer,2030,46,10,10,0.0
1091,electrolizer,2030,46,11,11,0.0
1092,electrolizer,2030,46,12,12,0.0
1093,electrolizer,2030,46,13,13,0.0
1094,electrolizer,2030,46,14,14,0.0
1095,electrolizer,2030,46,15,15,0.0
1096,electrolizer,2030,46,16,16,0.0
1097,electrolizer,2030,46,17,17,0.0
1098,electrolizer,2030,46,18,18,0.0
1099,electrolizer,2030,46,19,19,0.005384615384615385
1100,electrolizer,2030,46,20,20,0.005384615384615385
1101,electrolizer,2030,46,21,21,0.005384615384615385
1102,electrolizer,2030,46,22,22,0.005384615384615385
1103,electrolizer,2030,46,23,23,0.005384615384615385
1104,electrolizer,2030,46,24,24,0.005384615384615385
1105,electrolizer,2030,47,1,1,0.005384615384615385
1106,electrolizer,2030,47,2,2,0.0
1107,electrolizer,2030,47,3,3,0.0
1108,electrolizer,2030,47,4,4,0.005384615384615385
1109,electrolizer,2030,47,5,5,0.0
1110,electrolizer,2030,47,6,6,0.0
1111,electrolizer,2030,47,7,7,0.005384615384615385
1112,electrolizer,2030,47,8,8,0.0
1113,electrolizer,2030,47,9,9,0.0
1114,electrolizer,2030,47,10,10,0.0
1115,electrolizer,2030,47,11,11,0.0
1116,electrolizer,2030,47,12,12,0.0
1117,electrolizer,2030,47,13,13,0.0
1118,electrolizer,2030,47,14,14,0.0
1119,electrolizer,2030,47,15,15,0.0
1120,electrolizer,2030,47,16,16,0.0
1121,electrolizer,2030,47,17,17,0.0
1122,electrolizer,2030,47,18,18,0.0
1123,electrolizer,2030,47,19,19,0.0
1124,electrolizer,2030,47,20,20,0.005384615384615385
1125,electrolizer,2030,47,21,21,0.005384615384615385
1126,electrolizer,2030,47,22,22,0.005384615384615385
1127,electrolizer,2030,47,23,23,0.005384615384615385
1128,electrolizer,2030,47,24,24,0.005384615384615385
1129,electrolizer,2030,48,1,1,0.005384615384615385
1130,electrolizer,2030,48,2,2,0.0068034615384615395
1131,electrolizer,2030,48,3,3,0.0068034615384615395
1132,electrolizer,2030,48,4,4,0.0068034615384615395
1133,electrolizer,2030,48,5,5,0.0068034615384615395
1134,electrolizer,2030,48,6,6,0.0068034615384615395
1135,electrolizer,2030,48,7,7,0.0068034615384615395
1136,electrolizer,2030,48,8,8,0.005384615384615385
1137,electrolizer,2030,48,9,9,0.005384615384615385
1138,electrolizer,2030,48,10,10,0.007538461538461539
1139,electrolizer,2030,48,11,11,0.005384615384615385
1140,electrolizer,2030,48,12,12,0.005384615384615385
1141,electrolizer,2030,48,13,13,0.005384615384615385
1142,electrolizer,2030,48,14,14,0.005384615384615385
1143,electrolizer,2030,48,15,15,0.005384615384615385
1144,electrolizer,2030,48,16,16,0.00596633283613893
1145,electrolizer,2030,48,17,17,0.00596633283613893
1146,electrolizer,2030,48,18,18,0.00596633283613893
1147,electrolizer,2030,48,19,19,0.00596633283613893
1148,electrolizer,2030,48,20,20,0.00596633283613893
1149,electrolizer,2030,48,21,21,0.00596633283613893
1150,electrolizer,2030,48,22,22,0.005384615384615385
1151,electrolizer,2030,48,23,23,0.005384615384615385
1152,electrolizer,2030,48,24,24,0.00596633283613893
1153,electrolizer,2030,49,1,1,0.005384615384615385
1154,electrolizer,2030,49,2,2,0.005384615384615385
1155,electrolizer,2030,49,3,3,0.005384615384615385
1156,electrolizer,2030,49,4,4,0.005384615384615385
1157,electrolizer,2030,49,5,5,0.005384615384615385
1158,electrolizer,2030,49,6,6,0.005384615384615385
1159,electrolizer,2030,49,7,7,0.005384615384615385
1160,electrolizer,2030,49,8,8,0.005384615384615385
1161,electrolizer,2030,49,9,9,0.005384615384615385
1162,electrolizer,2030,49,10,10,0.005384615384615385
1163,electrolizer,2030,49,11,11,0.005384615384615385
1164,electrolizer,2030,49,12,12,0.005384615384615385
1165,electrolizer,2030,49,13,13,0.005384615384615385
1166,electrolizer,2030,49,14,14,0.005384615384615385
1167,electrolizer,2030,49,15,15,0.005384615384615385
1168,electrolizer,2030,49,16,16,0.005384615384615385
1169,electrolizer,2030,49,17,17,0.005384615384615385
1170,electrolizer,2030,49,18,18,0.005384615384615385
1171,electrolizer,2030,49,19,19,0.005384615384615385
1172,electrolizer,2030,49,20,20,0.005384615384615385
1173,electrolizer,2030,49,21,21,0.005384615384615385
1174,electrolizer,2030,49,22,22,0.005384615384615385
1175,electrolizer,2030,49,23,23,0.005384615384615385
1176,electrolizer,2030,49,24,24,0.005384615384615385
1177,electrolizer,2030,50,1,1,0.0068034615384615395
1178,electrolizer,2030,50,2,2,0.0068034615384615395
1179,electrolizer,2030,50,3,3,0.0068034615384615395
1180,electrolizer,2030,50,4,4,0.0068034615384615395
1181,electrolizer,2030,50,5,5,0.0068034615384615395
1182,electrolizer,2030,50,6,6,0.0068034615384615395
1183,electrolizer,2030,50,7,7,0.007538461538461539
1184,electrolizer,2030,50,8,8,0.007538461538461539
1185,electrolizer,2030,50,9,9,0.007538461538461539
1186,electrolizer,2030,50,10,10,0.007538461538461539
1187,electrolizer,2030,50,11,11,0.005384615384615385
1188,electrolizer,2030,50,12,12,0.005384615384615385
1189,electrolizer,2030,50,13,13,0.005384615384615385
1190,electrolizer,2030,50,14,14,0.005384615384615385
1191,electrolizer,2030,50,15,15,0.005384615384615385
1192,electrolizer,2030,50,16,16,0.005384615384615385
1193,electrolizer,2030,50,17,17,0.007538461538461539
1194,electrolizer,2030,50,18,18,0.007538461538461539
1195,electrolizer,2030,50,19,19,0.007538461538461539
1196,electrolizer,2030,50,20,20,0.007538461538461539
1197,electrolizer,2030,50,21,21,0.007538461538461539
1198,electrolizer,2030,50,22,22,0.007538461538461539
1199,electrolizer,2030,50,23,23,0.007538461538461539
1200,electrolizer,2030,50,24,24,0.007538461538461539
1201,electrolizer,2030,51,1,1,0.005384615384615385
1202,electrolizer,2030,51,2,2,0.005384615384615385
1203,electrolizer,2030,51,3,3,0.005384615384615385
1204,electrolizer,2030,51,4,4,0.005384615384615385
1205,electrolizer,2030,51,5,5,0.005384615384615385
1206,electrolizer,2030,51,6,6,0.005384615384615385
1207,electrolizer,2030,51,7,7,0.005384615384615385
1208,electrolizer,2030,51,8,8,0.005384615384615385
1209,electrolizer,2030,51,9,9,0.005384615384615385
1210,electrolizer,2030,51,10,10,0.005384615384615385
1211,electrolizer,2030,51,11,11,0.0
1212,electrolizer,2030,51,12,12,0.0
1213,electrolizer,2030,51,13,13,0.0
1214,electrolizer,2030,51,14,14,0.0
1215,electrolizer,2030,51,15,15,0.0
1216,electrolizer,2030,51,16,16,0.0
1217,electrolizer,2030,51,17,17,0.0
1218,electrolizer,2030,51,18,18,0.0
1219,electrolizer,2030,51,19,19,0.005384615384615385
1220,electrolizer,2030,51,20,20,0.005384615384615385
1221,electrolizer,2030,51,21,21,0.005384615384615385
1222,electrolizer,2030,51,22,22,0.005384615384615385
1223,electrolizer,2030,51,23,23,0.005384615384615385
1224,electrolizer,2030,51,24,24,0.005384615384615385
1225,electrolizer,2030,52,1,1,0.005384615384615385
1226,electrolizer,2030,52,2,2,0.005384615384615385
1227,electrolizer,2030,52,3,3,0.005384615384615385
1228,electrolizer,2030,52,4,4,0.005384615384615385
1229,electrolizer,2030,52,5,5,0.005384615384615385
1230,electrolizer,2030,52,6,6,0.005384615384615385
1231,electrolizer,2030,52,7,7,0.005384615384615385
1232,electrolizer,2030,52,8,8,0.005384615384615385
1233,electrolizer,2030,52,9,9,0.005384615384615385
1234,electrolizer,2030,52,10,10,0.005384615384615385
1235,electrolizer,2030,52,11,11,0.005384615384615385
1236,electrolizer,2030,52,12,12,0.005384615384615385
1237,electrolizer,2030,52,13,13,0.005384615384615385
1238,electrolizer,2030,52,14,14,0.005384615384615385
1239,electrolizer,2030,52,15,15,0.005384615384615385
1240,electrolizer,2030,52,16,16,0.005384615384615385
1241,electrolizer,2030,52,17,17,0.005384615384615385
1242,electrolizer,2030,52,18,18,0.005384615384615385
1243,electrolizer,2030,52,19,19,0.005384615384615385
1244,electrolizer,2030,52,20,20,0.005384615384615385
1245,electrolizer,2030,52,21,21,0.005384615384615385
1246,electrolizer,2030,52,22,22,0.005384615384615385
1247,electrolizer,2030,52,23,23,0.005384615384615385
1248,electrolizer,2030,52,24,24,0.005384615384615385
1249,electrolizer,2030,53,1,1,0.005384615384615385
1250,electrolizer,2030,53,2,2,0.005384615384615385
1251,electrolizer,2030,53,3,3,0.005384615384615385
1252,electrolizer,2030,53,4,4,0.005384615384615385
1253,electrolizer,2030,53,5,5,0.005384615384615385
1254,electrolizer,2030,53,6,6,0.005384615384615385
1255,electrolizer,2030,53,7,7,0.005384615384615385
1256,electrolizer,2030,53,8,8,0.005384615384615385
1257,electrolizer,2030,53,9,9,0.005384615384615385
1258,electrolizer,2030,53,10,10,0.005384615384615385
1259,electrolizer,2030,53,11,11,0.004859615384615385
1260,electrolizer,2030,53,12,12,0.005384615384615385
1261,electrolizer,2030,53,13,13,0.005384615384615385
1262,electrolizer,2030,53,14,14,0.004859615384615385
1263,electrolizer,2030,53,15,15,0.004859615384615385
1264,electrolizer,2030,53,16,16,0.004859615384615385
1265,electrolizer,2030,53,17,17,0.005384615384615385
1266,electrolizer,2030,53,18,18,0.005384615384615385
1267,electrolizer,2030,53,19,19,0.005384615384615385
1268,electrolizer,2030,53,20,20,0.005384615384615385
1269,electrolizer,2030,53,21,21,0.005384615384615385
1270,electrolizer,2030,53,22,22,0.005384615384615385
1271,electrolizer,2030,53,23,23,0.005384615384615385
1272,electrolizer,2030,53,24,24,0.005384615384615385
1273,electrolizer,2030,54,1,1,0.007538461538461539
1274,electrolizer,2030,54,2,2,0.007538461538461539
1275,electrolizer,2030,54,3,3,0.007538461538461539
1276,electrolizer,2030,54,4,4,0.007538461538461539
1277,electrolizer,2030,54,5,5,0.007538461538461539
1278,electrolizer,2030,54,6,6,0.007538461538461539
1279,electrolizer,2030,54,7,7,0.007538461538461539
1280,electrolizer,2030,54,8,8,0.007538461538461539
1281,electrolizer,2030,54,9,9,0.007538461538461539
1282,electrolizer,2030,54,10,10,0.005384615384615385
1283,electrolizer,2030,54,11,11,0.005384615384615385
1284,electrolizer,2030,54,12,12,0.005384615384615385
1285,electrolizer,2030,54,13,13,0.005384615384615385
1286,electrolizer,2030,54,14,14,0.005384615384615385
1287,electrolizer,2030,54,15,15,0.005384615384615385
1288,electrolizer,2030,54,16,16,0.005384615384615385
1289,electrolizer,2030,54,17,17,0.005384615384615385
1290,electrolizer,2030,54,18,18,0.3301212609196151
1291,electrolizer,2030,54,19,19,0.3301212609196151
1292,electrolizer,2030,54,20,20,0.3301212609196151
1293,electrolizer,2030,54,21,21,0.3301212609196151
1294,electrolizer,2030,54,22,22,0.3301212609196151
1295,electrolizer,2030,54,23,23,0.3301212609196151
1296,electrolizer,2030,54,24,24,0.007538461538461539
1297,electrolizer,2030,55,1,1,0.005384615384615385
1298,electrolizer,2030,55,2,2,0.005384615384615385
1299,electrolizer,2030,55,3,3,0.005384615384615385
1300,electrolizer,2030,55,4,4,0.005384615384615385
1301,electrolizer,2030,55,5,5,0.005384615384615385
1302,electrolizer,2030,55,6,6,0.005384615384615385
1303,electrolizer,2030,55,7,7,0.005384615384615385
1304,electrolizer,2030,55,8,8,0.0
1305,electrolizer,2030,55,9,9,0.0
1306,electrolizer,2030,55,10,10,0.0
1307,electrolizer,2030,55,11,11,0.0
1308,electrolizer,2030,55,12,12,0.0
1309,electrolizer,2030,55,13,13,0.0
1310,electrolizer,2030,55,14,14,0.0
1311,electrolizer,2030,55,15,15,0.0
1312,electrolizer,2030,55,16,16,0.0
1313,electrolizer,2030,55,17,17,0.0
1314,electrolizer,2030,55,18,18,0.0
1315,electrolizer,2030,55,19,19,0.005384615384615385
1316,electrolizer,2030,55,20,20,0.005384615384615385
1317,electrolizer,2030,55,21,21,0.005384615384615385
1318,electrolizer,2030,55,22,22,0.005384615384615385
1319,electrolizer,2030,55,23,23,0.005384615384615385
1320,electrolizer,2030,55,24,24,0.005384615384615385
1321,electrolizer,2030,56,1,1,0.007538461538461539
1322,electrolizer,2030,56,2,2,0.005384615384615385
1323,electrolizer,2030,56,3,3,0.005384615384615385
1324,electrolizer,2030,56,4,4,0.005384615384615385
1325,electrolizer,2030,56,5,5,0.005384615384615385
1326,electrolizer,2030,56,6,6,0.005384615384615385
1327,electrolizer,2030,56,7,7,0.005384615384615385
1328,electrolizer,2030,56,8,8,0.00596633283613893
1329,electrolizer,2030,56,9,9,0.00596633283613893
1330,electrolizer,2030,56,10,10,0.005384615384615385
1331,electrolizer,2030,56,11,11,0.005384615384615385
1332,electrolizer,2030,56,12,12,0.005384615384615385
1333,electrolizer,2030,56,13,13,0.005384615384615385
1334,electrolizer,2030,56,14,14,0.005384615384615385
1335,electrolizer,2030,56,15,15,0.005384615384615385
1336,electrolizer,2030,56,16,16,0.005384615384615385
1337,electrolizer,2030,56,17,17,0.007538461538461539
1338,electrolizer,2030,56,18,18,0.007538461538461539
1339,electrolizer,2030,56,19,19,0.007538461538461539
1340,electrolizer,2030,56,20,20,0.007538461538461539
1341,electrolizer,2030,56,21,21,0.007538461538461539
1342,electrolizer,2030,56,22,22,0.007538461538461539
1343,electrolizer,2030,56,23,23,0.007538461538461539
1344,electrolizer,2030,56,24,24,0.005384615384615385
1345,electrolizer,2030,57,1,1,0.005384615384615385
1346,electrolizer,2030,57,2,2,0.005384615384615385
1347,electrolizer,2030,57,3,3,0.005384615384615385
1348,electrolizer,2030,57,4,4,0.005384615384615385
1349,electrolizer,2030,57,5,5,0.005384615384615385
1350,electrolizer,2030,57,6,6,0.005384615384615385
1351,electrolizer,2030,57,7,7,0.005384615384615385
1352,electrolizer,2030,57,8,8,0.005384615384615385
1353,electrolizer,2030,57,9,9,0.005384615384615385
1354,electrolizer,2030,57,10,10,0.005384615384615385
1355,electrolizer,2030,57,11,11,0.005384615384615385
1356,electrolizer,2030,57,12,12,0.005384615384615385
1357,electrolizer,2030,57,13,13,0.004859615384615385
1358,electrolizer,2030,57,14,14,0.004859615384615385
1359,electrolizer,2030,57,15,15,0.004859615384615385
1360,electrolizer,2030,57,16,16,0.005384615384615385
1361,electrolizer,2030,57,17,17,0.005384615384615385
1362,electrolizer,2030,57,18,18,0.005384615384615385
1363,electrolizer,2030,57,19,19,0.005384615384615385
1364,electrolizer,2030,57,20,20,0.005384615384615385
1365,electrolizer,2030,57,21,21,0.005384615384615385
1366,electrolizer,2030,57,22,22,0.005384615384615385
1367,electrolizer,2030,57,23,23,0.005384615384615385
1368,electrolizer,2030,57,24,24,0.005384615384615385
1369,electrolizer,2030,58,1,1,0.005384615384615385
1370,electrolizer,2030,58,2,2,0.005384615384615385
1371,electrolizer,2030,58,3,3,0.005384615384615385
1372,electrolizer,2030,58,4,4,0.005384615384615385
1373,electrolizer,2030,58,5,5,0.005384615384615385
1374,electrolizer,2030,58,6,6,0.005384615384615385
1375,electrolizer,2030,58,7,7,0.005384615384615385
1376,electrolizer,2030,58,8,8,0.005384615384615385
1377,electrolizer,2030,58,9,9,0.0
1378,electrolizer,2030,58,10,10,0.0
1379,electrolizer,2030,58,11,11,0.0
1380,electrolizer,2030,58,12,12,0.0
1381,electrolizer,2030,58,13,13,0.0
1382,electrolizer,2030,58,14,14,0.0
1383,electrolizer,2030,58,15,15,0.0
1384,electrolizer,2030,58,16,16,0.005384615384615385
1385,electrolizer,2030,58,17,17,0.005384615384615385
1386,electrolizer,2030,58,18,18,0.005384615384615385
1387,electrolizer,2030,58,19,19,0.005384615384615385
1388,electrolizer,2030,58,20,20,0.005384615384615385
1389,electrolizer,2030,58,21,21,0.005384615384615385
1390,electrolizer,2030,58,22,22,0.005384615384615385
1391,electrolizer,2030,58,23,23,0.005384615384615385
1392,electrolizer,2030,58,24,24,0.005384615384615385
1393,electrolizer,2030,59,1,1,0.005384615384615385
1394,electrolizer,2030,59,2,2,0.005384615384615385
1395,electrolizer,2030,59,3,3,0.005384615384615385
1396,electrolizer,2030,59,4,4,0.005384615384615385
1397,electrolizer,2030,59,5,5,0.005384615384615385
1398,electrolizer,2030,59,6,6,0.005384615384615385
1399,electrolizer,2030,59,7,7,0.005384615384615385
1400,electrolizer,2030,59,8,8,0.005384615384615385
1401,electrolizer,2030,59,9,9,0.005384615384615385
1402,electrolizer,2030,59,10,10,0.005384615384615385
1403,electrolizer,2030,59,11,11,0.005384615384615385
1404,electrolizer,2030,59,12,12,0.005384615384615385
1405,electrolizer,2030,59,13,13,0.005384615384615385
1406,electrolizer,2030,59,14,14,0.005384615384615385
1407,electrolizer,2030,59,15,15,0.005384615384615385
1408,electrolizer,2030,59,16,16,0.005384615384615385
1409,electrolizer,2030,59,17,17,0.007538461538461539
1410,electrolizer,2030,59,18,18,0.007538461538461539
1411,electrolizer,2030,59,19,19,0.007538461538461539
1412,electrolizer,2030,59,20,20,0.007538461538461539
1413,electrolizer,2030,59,21,21,0.007538461538461539
1414,electrolizer,2030,59,22,22,0.007538461538461539
1415,electrolizer,2030,59,23,23,0.007538461538461539
1416,electrolizer,2030,59,24,24,0.005384615384615385
1417,electrolizer,2030,60,1,1,0.005384615384615385
1418,electrolizer,2030,60,2,2,0.005384615384615385
1419,electrolizer,2030,60,3,3,0.005384615384615385
1420,electrolizer,2030,60,4,4,0.005384615384615385
1421,electrolizer,2030,60,5,5,0.005384615384615385
1422,electrolizer,2030,60,6,6,0.005384615384615385
1423,electrolizer,2030,60,7,7,0.005384615384615385
1424,electrolizer,2030,60,8,8,0.005384615384615385
1425,electrolizer,2030,60,9,9,0.004859615384615385
1426,electrolizer,2030,60,10,10,0.004859615384615385
1427,electrolizer,2030,60,11,11,0.004859615384615385
1428,electrolizer,2030,60,12,12,0.004859615384615385
1429,electrolizer,2030,60,13,13,0.004859615384615385
1430,electrolizer,2030,60,14,14,0.005384615384615385
1431,electrolizer,2030,60,15,15,0.005384615384615385
1432,electrolizer,2030,60,16,16,0.005384615384615385
1433,electrolizer,2030,60,17,17,0.004859615384615385
1434,electrolizer,2030,60,18,18,0.004859615384615385
1435,electrolizer,2030,60,19,19,0.005384615384615385
1436,electrolizer,2030,60,20,20,0.005384615384615385
1437,electrolizer,2030,60,21,21,0.005384615384615385
1438,electrolizer,2030,60,22,22,0.005384615384615385
1439,electrolizer,2030,60,23,23,0.005384615384615385
1440,electrolizer,2030,60,24,24,0.005384615384615385
