id,asset,milestone_year,rep_period,time_block_start,time_block_end,solution,dual_accumulated_storage_intra_period
1,h2_storage,2030,1,1,1,,-31.163191986940298
2,h2_storage,2030,1,2,2,,-31.163191986940298
3,h2_storage,2030,1,3,3,,-31.163191986940298
4,h2_storage,2030,1,4,4,,-31.163191986940298
5,h2_storage,2030,1,5,5,,-31.163191986940298
6,h2_storage,2030,1,6,6,,-31.163191986940298
7,h2_storage,2030,1,7,7,,-31.163191986940298
8,h2_storage,2030,1,8,8,,-31.163191986940298
9,h2_storage,2030,1,9,9,,-31.163191986940298
10,h2_storage,2030,1,10,10,,-31.163191986940298
11,h2_storage,2030,1,11,11,,-31.163191986940298
12,h2_storage,2030,1,12,12,,-31.163191986940298
13,h2_storage,2030,1,13,13,,-31.163191986940298
14,h2_storage,2030,1,14,14,,-31.163191986940298
15,h2_storage,2030,1,15,15,,-31.163191986940298
16,h2_storage,2030,1,16,16,,-31.163191986940298
17,h2_storage,2030,1,17,17,,-31.163191986940298
18,h2_storage,2030,1,18,18,,-31.163191986940298
19,h2_storage,2030,1,19,19,,-31.163191986940298
20,h2_storage,2030,1,20,20,,-31.163191986940298
21,h2_storage,2030,1,21,21,,-31.163191986940298
22,h2_storage,2030,1,22,22,,-31.163191986940298
23,h2_storage,2030,1,23,23,,-31.163191986940298
24,h2_storage,2030,1,24,24,,-31.163191986940298
25,h2_storage,2030,2,1,1,,-0.007000000000000002
26,h2_storage,2030,2,2,2,,-0.007000000000000002
27,h2_storage,2030,2,3,3,,-0.007000000000000002
28,h2_storage,2030,2,4,4,,-0.007000000000000002
29,h2_storage,2030,2,5,5,,-0.007000000000000002
30,h2_storage,2030,2,6,6,,-0.007000000000000002
31,h2_storage,2030,2,7,7,,-0.007000000000000002
32,h2_storage,2030,2,8,8,,-0.007000000000000002
33,h2_storage,2030,2,9,9,,-0.007000000000000002
34,h2_storage,2030,2,10,10,,-0.007000000000000002
35,h2_storage,2030,2,11,11,,-0.007000000000000002
36,h2_storage,2030,2,12,12,,-0.007000000000000002
37,h2_storage,2030,2,13,13,,-0.007000000000000002
38,h2_storage,2030,2,14,14,,-0.007000000000000002
39,h2_storage,2030,2,15,15,,-0.007000000000000002
40,h2_storage,2030,2,16,16,,-0.007000000000000002
41,h2_storage,2030,2,17,17,,-0.007000000000000002
42,h2_storage,2030,2,18,18,,-0.007000000000000002
43,h2_storage,2030,2,19,19,,-0.007000000000000002
44,h2_storage,2030,2,20,20,,-0.007000000000000002
45,h2_storage,2030,2,21,21,,-0.007000000000000002
46,h2_storage,2030,2,22,22,,-0.007000000000000002
47,h2_storage,2030,2,23,23,,-0.007000000000000002
48,h2_storage,2030,2,24,24,,-0.007000000000000002
49,h2_storage,2030,3,1,1,,-0.014500000000000002
50,h2_storage,2030,3,2,2,,-0.014500000000000002
51,h2_storage,2030,3,3,3,,-0.014500000000000002
52,h2_storage,2030,3,4,4,,-0.014500000000000002
53,h2_storage,2030,3,5,5,,-0.014500000000000002
54,h2_storage,2030,3,6,6,,-0.014500000000000002
55,h2_storage,2030,3,7,7,,-0.014500000000000002
56,h2_storage,2030,3,8,8,,-0.014500000000000002
57,h2_storage,2030,3,9,9,,-0.014500000000000002
58,h2_storage,2030,3,10,10,,-0.014500000000000002
59,h2_storage,2030,3,11,11,,-0.014500000000000002
60,h2_storage,2030,3,12,12,,-0.014500000000000002
61,h2_storage,2030,3,13,13,,-0.014500000000000002
62,h2_storage,2030,3,14,14,,-0.014500000000000002
63,h2_storage,2030,3,15,15,,-0.014500000000000002
64,h2_storage,2030,3,16,16,,-0.014500000000000002
65,h2_storage,2030,3,17,17,,-0.014500000000000002
66,h2_storage,2030,3,18,18,,-0.014500000000000002
67,h2_storage,2030,3,19,19,,-0.014500000000000002
68,h2_storage,2030,3,20,20,,-0.014500000000000002
69,h2_storage,2030,3,21,21,,-0.014500000000000002
70,h2_storage,2030,3,22,22,,-0.014500000000000002
71,h2_storage,2030,3,23,23,,-0.014500000000000002
72,h2_storage,2030,3,24,24,,-0.014500000000000002
73,h2_storage,2030,4,1,1,,-0.014500000000000002
74,h2_storage,2030,4,2,2,,-0.014500000000000002
75,h2_storage,2030,4,3,3,,-0.014500000000000002
76,h2_storage,2030,4,4,4,,-0.014500000000000002
77,h2_storage,2030,4,5,5,,-0.014500000000000002
78,h2_storage,2030,4,6,6,,-0.014500000000000002
79,h2_storage,2030,4,7,7,,-0.014500000000000002
80,h2_storage,2030,4,8,8,,-0.014500000000000002
81,h2_storage,2030,4,9,9,,-0.014500000000000002
82,h2_storage,2030,4,10,10,,-0.014500000000000002
83,h2_storage,2030,4,11,11,,-0.014500000000000002
84,h2_storage,2030,4,12,12,,-0.014500000000000002
85,h2_storage,2030,4,13,13,,-0.014500000000000002
86,h2_storage,2030,4,14,14,,-0.014500000000000002
87,h2_storage,2030,4,15,15,,-0.014500000000000002
88,h2_storage,2030,4,16,16,,-0.014500000000000002
89,h2_storage,2030,4,17,17,,-0.014500000000000002
90,h2_storage,2030,4,18,18,,-0.014500000000000002
91,h2_storage,2030,4,19,19,,-0.014500000000000002
92,h2_storage,2030,4,20,20,,-0.014500000000000002
93,h2_storage,2030,4,21,21,,-0.014500000000000002
94,h2_storage,2030,4,22,22,,-0.014500000000000002
95,h2_storage,2030,4,23,23,,-0.014500000000000002
96,h2_storage,2030,4,24,24,,-0.014500000000000002
97,h2_storage,2030,5,1,1,,-0.007000000000000002
98,h2_storage,2030,5,2,2,,-0.007000000000000002
99,h2_storage,2030,5,3,3,,-0.007000000000000002
100,h2_storage,2030,5,4,4,,-0.007000000000000002
101,h2_storage,2030,5,5,5,,-0.007000000000000002
102,h2_storage,2030,5,6,6,,-0.007000000000000002
103,h2_storage,2030,5,7,7,,-0.007000000000000002
104,h2_storage,2030,5,8,8,,-0.007000000000000002
105,h2_storage,2030,5,9,9,,-0.007000000000000002
106,h2_storage,2030,5,10,10,,-0.007000000000000002
107,h2_storage,2030,5,11,11,,-0.007000000000000002
108,h2_storage,2030,5,12,12,,-0.007000000000000002
109,h2_storage,2030,5,13,13,,-0.007000000000000002
110,h2_storage,2030,5,14,14,,-0.007000000000000002
111,h2_storage,2030,5,15,15,,-0.007000000000000002
112,h2_storage,2030,5,16,16,,-0.007000000000000002
113,h2_storage,2030,5,17,17,,-0.007000000000000002
114,h2_storage,2030,5,18,18,,-0.007000000000000002
115,h2_storage,2030,5,19,19,,-0.007000000000000002
116,h2_storage,2030,5,20,20,,-0.007000000000000002
117,h2_storage,2030,5,21,21,,-0.007000000000000002
118,h2_storage,2030,5,22,22,,-0.007000000000000002
119,h2_storage,2030,5,23,23,,-0.007000000000000002
120,h2_storage,2030,5,24,24,,-0.007000000000000002
121,h2_storage,2030,6,1,1,,-0.21575365278463066
122,h2_storage,2030,6,2,2,,-0.21575365278463066
123,h2_storage,2030,6,3,3,,-0.21575365278463066
124,h2_storage,2030,6,4,4,,-0.21575365278463066
125,h2_storage,2030,6,5,5,,-0.21575365278463066
126,h2_storage,2030,6,6,6,,-0.21575365278463066
127,h2_storage,2030,6,7,7,,-0.21575365278463066
128,h2_storage,2030,6,8,8,,-0.21575365278463066
129,h2_storage,2030,6,9,9,,-0.21575365278463066
130,h2_storage,2030,6,10,10,,-0.21575365278463066
131,h2_storage,2030,6,11,11,,-0.21575365278463066
132,h2_storage,2030,6,12,12,,-0.21575365278463066
133,h2_storage,2030,6,13,13,,-0.21575365278463066
134,h2_storage,2030,6,14,14,,-0.21575365278463066
135,h2_storage,2030,6,15,15,,-0.21575365278463066
136,h2_storage,2030,6,16,16,,-0.21575365278463066
137,h2_storage,2030,6,17,17,,-0.21575365278463066
138,h2_storage,2030,6,18,18,,-0.21575365278463066
139,h2_storage,2030,6,19,19,,-0.21575365278463066
140,h2_storage,2030,6,20,20,,-0.21575365278463066
141,h2_storage,2030,6,21,21,,-0.21575365278463066
142,h2_storage,2030,6,22,22,,-0.21575365278463066
143,h2_storage,2030,6,23,23,,-0.21575365278463066
144,h2_storage,2030,6,24,24,,-0.21575365278463066
145,h2_storage,2030,7,1,1,,-0.21575365278463066
146,h2_storage,2030,7,2,2,,-0.21575365278463066
147,h2_storage,2030,7,3,3,,-0.21575365278463066
148,h2_storage,2030,7,4,4,,-0.21575365278463066
149,h2_storage,2030,7,5,5,,-0.21575365278463066
150,h2_storage,2030,7,6,6,,-0.21575365278463066
151,h2_storage,2030,7,7,7,,-0.21575365278463066
152,h2_storage,2030,7,8,8,,-0.21575365278463066
153,h2_storage,2030,7,9,9,,-0.21575365278463066
154,h2_storage,2030,7,10,10,,-0.21575365278463066
155,h2_storage,2030,7,11,11,,-0.21575365278463066
156,h2_storage,2030,7,12,12,,-0.21575365278463066
157,h2_storage,2030,7,13,13,,-0.21575365278463066
158,h2_storage,2030,7,14,14,,-0.21575365278463066
159,h2_storage,2030,7,15,15,,-0.21575365278463066
160,h2_storage,2030,7,16,16,,-0.21575365278463066
161,h2_storage,2030,7,17,17,,-0.21575365278463066
162,h2_storage,2030,7,18,18,,-0.21575365278463066
163,h2_storage,2030,7,19,19,,-0.21575365278463066
164,h2_storage,2030,7,20,20,,-0.21575365278463066
165,h2_storage,2030,7,21,21,,-0.21575365278463066
166,h2_storage,2030,7,22,22,,-0.21575365278463066
167,h2_storage,2030,7,23,23,,-0.21575365278463066
168,h2_storage,2030,7,24,24,,-0.21575365278463066
169,h2_storage,2030,8,1,1,,-0.014500000000000002
170,h2_storage,2030,8,2,2,,-0.014500000000000002
171,h2_storage,2030,8,3,3,,-0.014500000000000002
172,h2_storage,2030,8,4,4,,-0.014500000000000002
173,h2_storage,2030,8,5,5,,-0.014500000000000002
174,h2_storage,2030,8,6,6,,-0.014500000000000002
175,h2_storage,2030,8,7,7,,-0.014500000000000002
176,h2_storage,2030,8,8,8,,-0.014500000000000002
177,h2_storage,2030,8,9,9,,-0.014500000000000002
178,h2_storage,2030,8,10,10,,-0.014500000000000002
179,h2_storage,2030,8,11,11,,-0.014500000000000002
180,h2_storage,2030,8,12,12,,-0.014500000000000002
181,h2_storage,2030,8,13,13,,-0.014500000000000002
182,h2_storage,2030,8,14,14,,-0.014500000000000002
183,h2_storage,2030,8,15,15,,-0.014500000000000002
184,h2_storage,2030,8,16,16,,-0.014500000000000002
185,h2_storage,2030,8,17,17,,-0.014500000000000002
186,h2_storage,2030,8,18,18,,-0.014500000000000002
187,h2_storage,2030,8,19,19,,-0.014500000000000002
188,h2_storage,2030,8,20,20,,-0.014500000000000002
189,h2_storage,2030,8,21,21,,-0.014500000000000002
190,h2_storage,2030,8,22,22,,-0.014500000000000002
191,h2_storage,2030,8,23,23,,-0.014500000000000002
192,h2_storage,2030,8,24,24,,-0.014500000000000002
193,h2_storage,2030,9,1,1,,-0.014500000000000002
194,h2_storage,2030,9,2,2,,-0.014500000000000002
195,h2_storage,2030,9,3,3,,-0.014500000000000002
196,h2_storage,2030,9,4,4,,-0.014500000000000002
197,h2_storage,2030,9,5,5,,-0.014500000000000002
198,h2_storage,2030,9,6,6,,-0.014500000000000002
199,h2_storage,2030,9,7,7,,-0.014500000000000002
200,h2_storage,2030,9,8,8,,-0.014500000000000002
201,h2_storage,2030,9,9,9,,-0.014500000000000002
202,h2_storage,2030,9,10,10,,-0.014500000000000002
203,h2_storage,2030,9,11,11,,-0.014500000000000002
204,h2_storage,2030,9,12,12,,-0.014500000000000002
205,h2_storage,2030,9,13,13,,-0.014500000000000002
206,h2_storage,2030,9,14,14,,-0.014500000000000002
207,h2_storage,2030,9,15,15,,-0.014500000000000002
208,h2_storage,2030,9,16,16,,-0.014500000000000002
209,h2_storage,2030,9,17,17,,-0.014500000000000002
210,h2_storage,2030,9,18,18,,-0.014500000000000002
211,h2_storage,2030,9,19,19,,-0.014500000000000002
212,h2_storage,2030,9,20,20,,-0.014500000000000002
213,h2_storage,2030,9,21,21,,-0.014500000000000002
214,h2_storage,2030,9,22,22,,-0.014500000000000002
215,h2_storage,2030,9,23,23,,-0.014500000000000002
216,h2_storage,2030,9,24,24,,-0.014500000000000002
217,h2_storage,2030,10,1,1,,-0.014500000000000002
218,h2_storage,2030,10,2,2,,-0.014500000000000002
219,h2_storage,2030,10,3,3,,-0.014500000000000002
220,h2_storage,2030,10,4,4,,-0.014500000000000002
221,h2_storage,2030,10,5,5,,-0.014500000000000002
222,h2_storage,2030,10,6,6,,-0.014500000000000002
223,h2_storage,2030,10,7,7,,-0.014500000000000002
224,h2_storage,2030,10,8,8,,-0.014500000000000002
225,h2_storage,2030,10,9,9,,-0.014500000000000002
226,h2_storage,2030,10,10,10,,-0.014500000000000002
227,h2_storage,2030,10,11,11,,-0.014500000000000002
228,h2_storage,2030,10,12,12,,-0.014500000000000002
229,h2_storage,2030,10,13,13,,-0.014500000000000002
230,h2_storage,2030,10,14,14,,-0.014500000000000002
231,h2_storage,2030,10,15,15,,-0.014500000000000002
232,h2_storage,2030,10,16,16,,-0.014500000000000002
233,h2_storage,2030,10,17,17,,-0.014500000000000002
234,h2_storage,2030,10,18,18,,-0.014500000000000002
235,h2_storage,2030,10,19,19,,-0.014500000000000002
236,h2_storage,2030,10,20,20,,-0.014500000000000002
237,h2_storage,2030,10,21,21,,-0.014500000000000002
238,h2_storage,2030,10,22,22,,-0.014500000000000002
239,h2_storage,2030,10,23,23,,-0.014500000000000002
240,h2_storage,2030,10,24,24,,-0.014500000000000002
241,h2_storage,2030,11,1,1,,-0.014500000000000002
242,h2_storage,2030,11,2,2,,-0.014500000000000002
243,h2_storage,2030,11,3,3,,-0.014500000000000002
244,h2_storage,2030,11,4,4,,-0.014500000000000002
245,h2_storage,2030,11,5,5,,-0.014500000000000002
246,h2_storage,2030,11,6,6,,-0.014500000000000002
247,h2_storage,2030,11,7,7,,-0.014500000000000002
248,h2_storage,2030,11,8,8,,-0.014500000000000002
249,h2_storage,2030,11,9,9,,-0.014500000000000002
250,h2_storage,2030,11,10,10,,-0.014500000000000002
251,h2_storage,2030,11,11,11,,-0.014500000000000002
252,h2_storage,2030,11,12,12,,-0.014500000000000002
253,h2_storage,2030,11,13,13,,-0.014500000000000002
254,h2_storage,2030,11,14,14,,-0.014500000000000002
255,h2_storage,2030,11,15,15,,-0.014500000000000002
256,h2_storage,2030,11,16,16,,-0.014500000000000002
257,h2_storage,2030,11,17,17,,-0.014500000000000002
258,h2_storage,2030,11,18,18,,-0.014500000000000002
259,h2_storage,2030,11,19,19,,-0.014500000000000002
260,h2_storage,2030,11,20,20,,-0.014500000000000002
261,h2_storage,2030,11,21,21,,-0.014500000000000002
262,h2_storage,2030,11,22,22,,-0.014500000000000002
263,h2_storage,2030,11,23,23,,-0.014500000000000002
264,h2_storage,2030,11,24,24,,-0.014500000000000002
265,h2_storage,2030,12,1,1,,-0.014500000000000002
266,h2_storage,2030,12,2,2,,-0.014500000000000002
267,h2_storage,2030,12,3,3,,-0.014500000000000002
268,h2_storage,2030,12,4,4,,-0.014500000000000002
269,h2_storage,2030,12,5,5,,-0.014500000000000002
270,h2_storage,2030,12,6,6,,-0.014500000000000002
271,h2_storage,2030,12,7,7,,-0.014500000000000002
272,h2_storage,2030,12,8,8,,-0.014500000000000002
273,h2_storage,2030,12,9,9,,-0.014500000000000002
274,h2_storage,2030,12,10,10,,-0.014500000000000002
275,h2_storage,2030,12,11,11,,-0.014500000000000002
276,h2_storage,2030,12,12,12,,-0.014500000000000002
277,h2_storage,2030,12,13,13,,-0.014500000000000002
278,h2_storage,2030,12,14,14,,-0.014500000000000002
279,h2_storage,2030,12,15,15,,-0.014500000000000002
280,h2_storage,2030,12,16,16,,-0.014500000000000002
281,h2_storage,2030,12,17,17,,-0.014500000000000002
282,h2_storage,2030,12,18,18,,-0.014500000000000002
283,h2_storage,2030,12,19,19,,-0.014500000000000002
284,h2_storage,2030,12,20,20,,-0.014500000000000002
285,h2_storage,2030,12,21,21,,-0.014500000000000002
286,h2_storage,2030,12,22,22,,-0.014500000000000002
287,h2_storage,2030,12,23,23,,-0.014500000000000002
288,h2_storage,2030,12,24,24,,-0.014500000000000002
289,h2_storage,2030,13,1,1,,-0.014500000000000002
290,h2_storage,2030,13,2,2,,-0.014500000000000002
291,h2_storage,2030,13,3,3,,-0.014500000000000002
292,h2_storage,2030,13,4,4,,-0.014500000000000002
293,h2_storage,2030,13,5,5,,-0.014500000000000002
294,h2_storage,2030,13,6,6,,-0.014500000000000002
295,h2_storage,2030,13,7,7,,-0.014500000000000002
296,h2_storage,2030,13,8,8,,-0.014500000000000002
297,h2_storage,2030,13,9,9,,-0.014500000000000002
298,h2_storage,2030,13,10,10,,-0.014500000000000002
299,h2_storage,2030,13,11,11,,-0.014500000000000002
300,h2_storage,2030,13,12,12,,-0.014500000000000002
301,h2_storage,2030,13,13,13,,-0.014500000000000002
302,h2_storage,2030,13,14,14,,-0.014500000000000002
303,h2_storage,2030,13,15,15,,-0.014500000000000002
304,h2_storage,2030,13,16,16,,-0.014500000000000002
305,h2_storage,2030,13,17,17,,-0.014500000000000002
306,h2_storage,2030,13,18,18,,-0.014500000000000002
307,h2_storage,2030,13,19,19,,-0.014500000000000002
308,h2_storage,2030,13,20,20,,-0.014500000000000002
309,h2_storage,2030,13,21,21,,-0.014500000000000002
310,h2_storage,2030,13,22,22,,-0.014500000000000002
311,h2_storage,2030,13,23,23,,-0.014500000000000002
312,h2_storage,2030,13,24,24,,-0.014500000000000002
313,h2_storage,2030,14,1,1,,-0.014500000000000002
314,h2_storage,2030,14,2,2,,-0.014500000000000002
315,h2_storage,2030,14,3,3,,-0.014500000000000002
316,h2_storage,2030,14,4,4,,-0.014500000000000002
317,h2_storage,2030,14,5,5,,-0.014500000000000002
318,h2_storage,2030,14,6,6,,-0.014500000000000002
319,h2_storage,2030,14,7,7,,-0.014500000000000002
320,h2_storage,2030,14,8,8,,-0.014500000000000002
321,h2_storage,2030,14,9,9,,-0.014500000000000002
322,h2_storage,2030,14,10,10,,-0.014500000000000002
323,h2_storage,2030,14,11,11,,-0.014500000000000002
324,h2_storage,2030,14,12,12,,-0.014500000000000002
325,h2_storage,2030,14,13,13,,-0.014500000000000002
326,h2_storage,2030,14,14,14,,-0.014500000000000002
327,h2_storage,2030,14,15,15,,-0.014500000000000002
328,h2_storage,2030,14,16,16,,-0.014500000000000002
329,h2_storage,2030,14,17,17,,-0.014500000000000002
330,h2_storage,2030,14,18,18,,-0.014500000000000002
331,h2_storage,2030,14,19,19,,-0.014500000000000002
332,h2_storage,2030,14,20,20,,-0.014500000000000002
333,h2_storage,2030,14,21,21,,-0.014500000000000002
334,h2_storage,2030,14,22,22,,-0.014500000000000002
335,h2_storage,2030,14,23,23,,-0.014500000000000002
336,h2_storage,2030,14,24,24,,-0.014500000000000002
337,h2_storage,2030,15,1,1,,-0.014500000000000002
338,h2_storage,2030,15,2,2,,-0.014500000000000002
339,h2_storage,2030,15,3,3,,-0.014500000000000002
340,h2_storage,2030,15,4,4,,-0.014500000000000002
341,h2_storage,2030,15,5,5,,-0.014500000000000002
342,h2_storage,2030,15,6,6,,-0.014500000000000002
343,h2_storage,2030,15,7,7,,-0.014500000000000002
344,h2_storage,2030,15,8,8,,-0.014500000000000002
345,h2_storage,2030,15,9,9,,-0.014500000000000002
346,h2_storage,2030,15,10,10,,-0.014500000000000002
347,h2_storage,2030,15,11,11,,-0.014500000000000002
348,h2_storage,2030,15,12,12,,-0.014500000000000002
349,h2_storage,2030,15,13,13,,-0.014500000000000002
350,h2_storage,2030,15,14,14,,-0.014500000000000002
351,h2_storage,2030,15,15,15,,-0.014500000000000002
352,h2_storage,2030,15,16,16,,-0.014500000000000002
353,h2_storage,2030,15,17,17,,-0.014500000000000002
354,h2_storage,2030,15,18,18,,-0.014500000000000002
355,h2_storage,2030,15,19,19,,-0.014500000000000002
356,h2_storage,2030,15,20,20,,-0.014500000000000002
357,h2_storage,2030,15,21,21,,-0.014500000000000002
358,h2_storage,2030,15,22,22,,-0.014500000000000002
359,h2_storage,2030,15,23,23,,-0.014500000000000002
360,h2_storage,2030,15,24,24,,-0.014500000000000002
361,h2_storage,2030,16,1,1,,-0.014500000000000002
362,h2_storage,2030,16,2,2,,-0.014500000000000002
363,h2_storage,2030,16,3,3,,-0.014500000000000002
364,h2_storage,2030,16,4,4,,-0.014500000000000002
365,h2_storage,2030,16,5,5,,-0.014500000000000002
366,h2_storage,2030,16,6,6,,-0.014500000000000002
367,h2_storage,2030,16,7,7,,-0.014500000000000002
368,h2_storage,2030,16,8,8,,-0.014500000000000002
369,h2_storage,2030,16,9,9,,-0.014500000000000002
370,h2_storage,2030,16,10,10,,-0.014500000000000002
371,h2_storage,2030,16,11,11,,-0.014500000000000002
372,h2_storage,2030,16,12,12,,-0.014500000000000002
373,h2_storage,2030,16,13,13,,-0.014500000000000002
374,h2_storage,2030,16,14,14,,-0.014500000000000002
375,h2_storage,2030,16,15,15,,-0.014500000000000002
376,h2_storage,2030,16,16,16,,-0.014500000000000002
377,h2_storage,2030,16,17,17,,-0.014500000000000002
378,h2_storage,2030,16,18,18,,-0.014500000000000002
379,h2_storage,2030,16,19,19,,-0.014500000000000002
380,h2_storage,2030,16,20,20,,-0.014500000000000002
381,h2_storage,2030,16,21,21,,-0.014500000000000002
382,h2_storage,2030,16,22,22,,-0.014500000000000002
383,h2_storage,2030,16,23,23,,-0.014500000000000002
384,h2_storage,2030,16,24,24,,-0.014500000000000002
385,h2_storage,2030,17,1,1,,-0.014500000000000002
386,h2_storage,2030,17,2,2,,-0.014500000000000002
387,h2_storage,2030,17,3,3,,-0.014500000000000002
388,h2_storage,2030,17,4,4,,-0.014500000000000002
389,h2_storage,2030,17,5,5,,-0.014500000000000002
390,h2_storage,2030,17,6,6,,-0.014500000000000002
391,h2_storage,2030,17,7,7,,-0.014500000000000002
392,h2_storage,2030,17,8,8,,-0.014500000000000002
393,h2_storage,2030,17,9,9,,-0.014500000000000002
394,h2_storage,2030,17,10,10,,-0.014500000000000002
395,h2_storage,2030,17,11,11,,-0.014500000000000002
396,h2_storage,2030,17,12,12,,-0.014500000000000002
397,h2_storage,2030,17,13,13,,-0.014500000000000002
398,h2_storage,2030,17,14,14,,-0.014500000000000002
399,h2_storage,2030,17,15,15,,-0.014500000000000002
400,h2_storage,2030,17,16,16,,-0.014500000000000002
401,h2_storage,2030,17,17,17,,-0.014500000000000002
402,h2_storage,2030,17,18,18,,-0.014500000000000002
403,h2_storage,2030,17,19,19,,-0.014500000000000002
404,h2_storage,2030,17,20,20,,-0.014500000000000002
405,h2_storage,2030,17,21,21,,-0.014500000000000002
406,h2_storage,2030,17,22,22,,-0.014500000000000002
407,h2_storage,2030,17,23,23,,-0.014500000000000002
408,h2_storage,2030,17,24,24,,-0.014500000000000002
409,h2_storage,2030,18,1,1,,-0.014500000000000002
410,h2_storage,2030,18,2,2,,-0.014500000000000002
411,h2_storage,2030,18,3,3,,-0.014500000000000002
412,h2_storage,2030,18,4,4,,-0.014500000000000002
413,h2_storage,2030,18,5,5,,-0.014500000000000002
414,h2_storage,2030,18,6,6,,-0.014500000000000002
415,h2_storage,2030,18,7,7,,-0.014500000000000002
416,h2_storage,2030,18,8,8,,-0.014500000000000002
417,h2_storage,2030,18,9,9,,-0.014500000000000002
418,h2_storage,2030,18,10,10,,-0.014500000000000002
419,h2_storage,2030,18,11,11,,-0.014500000000000002
420,h2_storage,2030,18,12,12,,-0.014500000000000002
421,h2_storage,2030,18,13,13,,-0.014500000000000002
422,h2_storage,2030,18,14,14,,-0.014500000000000002
423,h2_storage,2030,18,15,15,,-0.014500000000000002
424,h2_storage,2030,18,16,16,,-0.014500000000000002
425,h2_storage,2030,18,17,17,,-0.014500000000000002
426,h2_storage,2030,18,18,18,,-0.014500000000000002
427,h2_storage,2030,18,19,19,,-0.014500000000000002
428,h2_storage,2030,18,20,20,,-0.014500000000000002
429,h2_storage,2030,18,21,21,,-0.014500000000000002
430,h2_storage,2030,18,22,22,,-0.014500000000000002
431,h2_storage,2030,18,23,23,,-0.014500000000000002
432,h2_storage,2030,18,24,24,,-0.014500000000000002
433,h2_storage,2030,19,1,1,,-0.007000000000000002
434,h2_storage,2030,19,2,2,,-0.007000000000000002
435,h2_storage,2030,19,3,3,,-0.007000000000000002
436,h2_storage,2030,19,4,4,,-0.007000000000000002
437,h2_storage,2030,19,5,5,,-0.007000000000000002
438,h2_storage,2030,19,6,6,,-0.007000000000000002
439,h2_storage,2030,19,7,7,,-0.007000000000000002
440,h2_storage,2030,19,8,8,,-0.007000000000000002
441,h2_storage,2030,19,9,9,,-0.007000000000000002
442,h2_storage,2030,19,10,10,,-0.007000000000000002
443,h2_storage,2030,19,11,11,,-0.007000000000000002
444,h2_storage,2030,19,12,12,,-0.007000000000000002
445,h2_storage,2030,19,13,13,,-0.007000000000000002
446,h2_storage,2030,19,14,14,,-0.007000000000000002
447,h2_storage,2030,19,15,15,,-0.007000000000000002
448,h2_storage,2030,19,16,16,,-0.007000000000000002
449,h2_storage,2030,19,17,17,,-0.007000000000000002
450,h2_storage,2030,19,18,18,,-0.007000000000000002
451,h2_storage,2030,19,19,19,,-0.007000000000000002
452,h2_storage,2030,19,20,20,,-0.007000000000000002
453,h2_storage,2030,19,21,21,,-0.007000000000000002
454,h2_storage,2030,19,22,22,,-0.007000000000000002
455,h2_storage,2030,19,23,23,,-0.007000000000000002
456,h2_storage,2030,19,24,24,,-0.007000000000000002
457,h2_storage,2030,20,1,1,,-0.014500000000000002
458,h2_storage,2030,20,2,2,,-0.014500000000000002
459,h2_storage,2030,20,3,3,,-0.014500000000000002
460,h2_storage,2030,20,4,4,,-0.014500000000000002
461,h2_storage,2030,20,5,5,,-0.014500000000000002
462,h2_storage,2030,20,6,6,,-0.014500000000000002
463,h2_storage,2030,20,7,7,,-0.014500000000000002
464,h2_storage,2030,20,8,8,,-0.014500000000000002
465,h2_storage,2030,20,9,9,,-0.014500000000000002
466,h2_storage,2030,20,10,10,,-0.014500000000000002
467,h2_storage,2030,20,11,11,,-0.014500000000000002
468,h2_storage,2030,20,12,12,,-0.014500000000000002
469,h2_storage,2030,20,13,13,,-0.014500000000000002
470,h2_storage,2030,20,14,14,,-0.014500000000000002
471,h2_storage,2030,20,15,15,,-0.014500000000000002
472,h2_storage,2030,20,16,16,,-0.014500000000000002
473,h2_storage,2030,20,17,17,,-0.014500000000000002
474,h2_storage,2030,20,18,18,,-0.014500000000000002
475,h2_storage,2030,20,19,19,,-0.014500000000000002
476,h2_storage,2030,20,20,20,,-0.014500000000000002
477,h2_storage,2030,20,21,21,,-0.014500000000000002
478,h2_storage,2030,20,22,22,,-0.014500000000000002
479,h2_storage,2030,20,23,23,,-0.014500000000000002
480,h2_storage,2030,20,24,24,,-0.014500000000000002
481,h2_storage,2030,21,1,1,,-0.014500000000000002
482,h2_storage,2030,21,2,2,,-0.014500000000000002
483,h2_storage,2030,21,3,3,,-0.014500000000000002
484,h2_storage,2030,21,4,4,,-0.014500000000000002
485,h2_storage,2030,21,5,5,,-0.014500000000000002
486,h2_storage,2030,21,6,6,,-0.014500000000000002
487,h2_storage,2030,21,7,7,,-0.014500000000000002
488,h2_storage,2030,21,8,8,,-0.014500000000000002
489,h2_storage,2030,21,9,9,,-0.014500000000000002
490,h2_storage,2030,21,10,10,,-0.014500000000000002
491,h2_storage,2030,21,11,11,,-0.014500000000000002
492,h2_storage,2030,21,12,12,,-0.014500000000000002
493,h2_storage,2030,21,13,13,,-0.014500000000000002
494,h2_storage,2030,21,14,14,,-0.014500000000000002
495,h2_storage,2030,21,15,15,,-0.014500000000000002
496,h2_storage,2030,21,16,16,,-0.014500000000000002
497,h2_storage,2030,21,17,17,,-0.014500000000000002
498,h2_storage,2030,21,18,18,,-0.014500000000000002
499,h2_storage,2030,21,19,19,,-0.014500000000000002
500,h2_storage,2030,21,20,20,,-0.014500000000000002
501,h2_storage,2030,21,21,21,,-0.014500000000000002
502,h2_storage,2030,21,22,22,,-0.014500000000000002
503,h2_storage,2030,21,23,23,,-0.014500000000000002
504,h2_storage,2030,21,24,24,,-0.014500000000000002
505,h2_storage,2030,22,1,1,,-0.014500000000000002
506,h2_storage,2030,22,2,2,,-0.014500000000000002
507,h2_storage,2030,22,3,3,,-0.014500000000000002
508,h2_storage,2030,22,4,4,,-0.014500000000000002
509,h2_storage,2030,22,5,5,,-0.014500000000000002
510,h2_storage,2030,22,6,6,,-0.014500000000000002
511,h2_storage,2030,22,7,7,,-0.014500000000000002
512,h2_storage,2030,22,8,8,,-0.014500000000000002
513,h2_storage,2030,22,9,9,,-0.014500000000000002
514,h2_storage,2030,22,10,10,,-0.014500000000000002
515,h2_storage,2030,22,11,11,,-0.014500000000000002
516,h2_storage,2030,22,12,12,,-0.014500000000000002
517,h2_storage,2030,22,13,13,,-0.014500000000000002
518,h2_storage,2030,22,14,14,,-0.014500000000000002
519,h2_storage,2030,22,15,15,,-0.014500000000000002
520,h2_storage,2030,22,16,16,,-0.014500000000000002
521,h2_storage,2030,22,17,17,,-0.014500000000000002
522,h2_storage,2030,22,18,18,,-0.014500000000000002
523,h2_storage,2030,22,19,19,,-0.014500000000000002
524,h2_storage,2030,22,20,20,,-0.014500000000000002
525,h2_storage,2030,22,21,21,,-0.014500000000000002
526,h2_storage,2030,22,22,22,,-0.014500000000000002
527,h2_storage,2030,22,23,23,,-0.014500000000000002
528,h2_storage,2030,22,24,24,,-0.014500000000000002
529,h2_storage,2030,23,1,1,,-0.014500000000000002
530,h2_storage,2030,23,2,2,,-0.014500000000000002
531,h2_storage,2030,23,3,3,,-0.014500000000000002
532,h2_storage,2030,23,4,4,,-0.014500000000000002
533,h2_storage,2030,23,5,5,,-0.014500000000000002
534,h2_storage,2030,23,6,6,,-0.014500000000000002
535,h2_storage,2030,23,7,7,,-0.014500000000000002
536,h2_storage,2030,23,8,8,,-0.014500000000000002
537,h2_storage,2030,23,9,9,,-0.014500000000000002
538,h2_storage,2030,23,10,10,,-0.014500000000000002
539,h2_storage,2030,23,11,11,,-0.014500000000000002
540,h2_storage,2030,23,12,12,,-0.014500000000000002
541,h2_storage,2030,23,13,13,,-0.014500000000000002
542,h2_storage,2030,23,14,14,,-0.014500000000000002
543,h2_storage,2030,23,15,15,,-0.014500000000000002
544,h2_storage,2030,23,16,16,,-0.014500000000000002
545,h2_storage,2030,23,17,17,,-0.014500000000000002
546,h2_storage,2030,23,18,18,,-0.014500000000000002
547,h2_storage,2030,23,19,19,,-0.014500000000000002
548,h2_storage,2030,23,20,20,,-0.014500000000000002
549,h2_storage,2030,23,21,21,,-0.014500000000000002
550,h2_storage,2030,23,22,22,,-0.014500000000000002
551,h2_storage,2030,23,23,23,,-0.014500000000000002
552,h2_storage,2030,23,24,24,,-0.014500000000000002
553,h2_storage,2030,24,1,1,,-0.007000000000000002
554,h2_storage,2030,24,2,2,,-0.007000000000000002
555,h2_storage,2030,24,3,3,,-0.007000000000000002
556,h2_storage,2030,24,4,4,,-0.007000000000000002
557,h2_storage,2030,24,5,5,,-0.007000000000000002
558,h2_storage,2030,24,6,6,,-0.007000000000000002
559,h2_storage,2030,24,7,7,,-0.007000000000000002
560,h2_storage,2030,24,8,8,,-0.007000000000000002
561,h2_storage,2030,24,9,9,,-0.007000000000000002
562,h2_storage,2030,24,10,10,,-0.007000000000000002
563,h2_storage,2030,24,11,11,,-0.007000000000000002
564,h2_storage,2030,24,12,12,,-0.007000000000000002
565,h2_storage,2030,24,13,13,,-0.007000000000000002
566,h2_storage,2030,24,14,14,,-0.007000000000000002
567,h2_storage,2030,24,15,15,,-0.007000000000000002
568,h2_storage,2030,24,16,16,,-0.007000000000000002
569,h2_storage,2030,24,17,17,,-0.007000000000000002
570,h2_storage,2030,24,18,18,,-0.007000000000000002
571,h2_storage,2030,24,19,19,,-0.007000000000000002
572,h2_storage,2030,24,20,20,,-0.007000000000000002
573,h2_storage,2030,24,21,21,,-0.007000000000000002
574,h2_storage,2030,24,22,22,,-0.007000000000000002
575,h2_storage,2030,24,23,23,,-0.007000000000000002
576,h2_storage,2030,24,24,24,,-0.007000000000000002
577,h2_storage,2030,25,1,1,,-0.014500000000000002
578,h2_storage,2030,25,2,2,,-0.014500000000000002
579,h2_storage,2030,25,3,3,,-0.014500000000000002
580,h2_storage,2030,25,4,4,,-0.014500000000000002
581,h2_storage,2030,25,5,5,,-0.014500000000000002
582,h2_storage,2030,25,6,6,,-0.014500000000000002
583,h2_storage,2030,25,7,7,,-0.014500000000000002
584,h2_storage,2030,25,8,8,,-0.014500000000000002
585,h2_storage,2030,25,9,9,,-0.014500000000000002
586,h2_storage,2030,25,10,10,,-0.014500000000000002
587,h2_storage,2030,25,11,11,,-0.014500000000000002
588,h2_storage,2030,25,12,12,,-0.014500000000000002
589,h2_storage,2030,25,13,13,,-0.014500000000000002
590,h2_storage,2030,25,14,14,,-0.014500000000000002
591,h2_storage,2030,25,15,15,,-0.014500000000000002
592,h2_storage,2030,25,16,16,,-0.014500000000000002
593,h2_storage,2030,25,17,17,,-0.014500000000000002
594,h2_storage,2030,25,18,18,,-0.014500000000000002
595,h2_storage,2030,25,19,19,,-0.014500000000000002
596,h2_storage,2030,25,20,20,,-0.014500000000000002
597,h2_storage,2030,25,21,21,,-0.014500000000000002
598,h2_storage,2030,25,22,22,,-0.014500000000000002
599,h2_storage,2030,25,23,23,,-0.014500000000000002
600,h2_storage,2030,25,24,24,,-0.014500000000000002
601,h2_storage,2030,26,1,1,,-0.21575365278463066
602,h2_storage,2030,26,2,2,,-0.21575365278463066
603,h2_storage,2030,26,3,3,,-0.21575365278463066
604,h2_storage,2030,26,4,4,,-0.21575365278463066
605,h2_storage,2030,26,5,5,,-0.21575365278463066
606,h2_storage,2030,26,6,6,,-0.21575365278463066
607,h2_storage,2030,26,7,7,,-0.21575365278463066
608,h2_storage,2030,26,8,8,,-0.21575365278463066
609,h2_storage,2030,26,9,9,,-0.21575365278463066
610,h2_storage,2030,26,10,10,,-0.21575365278463066
611,h2_storage,2030,26,11,11,,-0.21575365278463066
612,h2_storage,2030,26,12,12,,-0.21575365278463066
613,h2_storage,2030,26,13,13,,-0.21575365278463066
614,h2_storage,2030,26,14,14,,-0.21575365278463066
615,h2_storage,2030,26,15,15,,-0.21575365278463066
616,h2_storage,2030,26,16,16,,-0.21575365278463066
617,h2_storage,2030,26,17,17,,-0.21575365278463066
618,h2_storage,2030,26,18,18,,-0.21575365278463066
619,h2_storage,2030,26,19,19,,-0.21575365278463066
620,h2_storage,2030,26,20,20,,-0.21575365278463066
621,h2_storage,2030,26,21,21,,-0.21575365278463066
622,h2_storage,2030,26,22,22,,-0.21575365278463066
623,h2_storage,2030,26,23,23,,-0.21575365278463066
624,h2_storage,2030,26,24,24,,-0.21575365278463066
625,h2_storage,2030,27,1,1,,-0.014500000000000002
626,h2_storage,2030,27,2,2,,-0.014500000000000002
627,h2_storage,2030,27,3,3,,-0.014500000000000002
628,h2_storage,2030,27,4,4,,-0.014500000000000002
629,h2_storage,2030,27,5,5,,-0.014500000000000002
630,h2_storage,2030,27,6,6,,-0.014500000000000002
631,h2_storage,2030,27,7,7,,-0.014500000000000002
632,h2_storage,2030,27,8,8,,-0.014500000000000002
633,h2_storage,2030,27,9,9,,-0.014500000000000002
634,h2_storage,2030,27,10,10,,-0.014500000000000002
635,h2_storage,2030,27,11,11,,-0.014500000000000002
636,h2_storage,2030,27,12,12,,-0.014500000000000002
637,h2_storage,2030,27,13,13,,-0.014500000000000002
638,h2_storage,2030,27,14,14,,-0.014500000000000002
639,h2_storage,2030,27,15,15,,-0.014500000000000002
640,h2_storage,2030,27,16,16,,-0.014500000000000002
641,h2_storage,2030,27,17,17,,-0.014500000000000002
642,h2_storage,2030,27,18,18,,-0.014500000000000002
643,h2_storage,2030,27,19,19,,-0.014500000000000002
644,h2_storage,2030,27,20,20,,-0.014500000000000002
645,h2_storage,2030,27,21,21,,-0.014500000000000002
646,h2_storage,2030,27,22,22,,-0.014500000000000002
647,h2_storage,2030,27,23,23,,-0.014500000000000002
648,h2_storage,2030,27,24,24,,-0.014500000000000002
649,h2_storage,2030,28,1,1,,-0.014500000000000002
650,h2_storage,2030,28,2,2,,-0.014500000000000002
651,h2_storage,2030,28,3,3,,-0.014500000000000002
652,h2_storage,2030,28,4,4,,-0.014500000000000002
653,h2_storage,2030,28,5,5,,-0.014500000000000002
654,h2_storage,2030,28,6,6,,-0.014500000000000002
655,h2_storage,2030,28,7,7,,-0.014500000000000002
656,h2_storage,2030,28,8,8,,-0.014500000000000002
657,h2_storage,2030,28,9,9,,-0.014500000000000002
658,h2_storage,2030,28,10,10,,-0.014500000000000002
659,h2_storage,2030,28,11,11,,-0.014500000000000002
660,h2_storage,2030,28,12,12,,-0.014500000000000002
661,h2_storage,2030,28,13,13,,-0.014500000000000002
662,h2_storage,2030,28,14,14,,-0.014500000000000002
663,h2_storage,2030,28,15,15,,-0.014500000000000002
664,h2_storage,2030,28,16,16,,-0.014500000000000002
665,h2_storage,2030,28,17,17,,-0.014500000000000002
666,h2_storage,2030,28,18,18,,-0.014500000000000002
667,h2_storage,2030,28,19,19,,-0.014500000000000002
668,h2_storage,2030,28,20,20,,-0.014500000000000002
669,h2_storage,2030,28,21,21,,-0.014500000000000002
670,h2_storage,2030,28,22,22,,-0.014500000000000002
671,h2_storage,2030,28,23,23,,-0.014500000000000002
672,h2_storage,2030,28,24,24,,-0.014500000000000002
673,h2_storage,2030,29,1,1,,-0.014500000000000002
674,h2_storage,2030,29,2,2,,-0.014500000000000002
675,h2_storage,2030,29,3,3,,-0.014500000000000002
676,h2_storage,2030,29,4,4,,-0.014500000000000002
677,h2_storage,2030,29,5,5,,-0.014500000000000002
678,h2_storage,2030,29,6,6,,-0.014500000000000002
679,h2_storage,2030,29,7,7,,-0.014500000000000002
680,h2_storage,2030,29,8,8,,-0.014500000000000002
681,h2_storage,2030,29,9,9,,-0.014500000000000002
682,h2_storage,2030,29,10,10,,-0.014500000000000002
683,h2_storage,2030,29,11,11,,-0.014500000000000002
684,h2_storage,2030,29,12,12,,-0.014500000000000002
685,h2_storage,2030,29,13,13,,-0.014500000000000002
686,h2_storage,2030,29,14,14,,-0.014500000000000002
687,h2_storage,2030,29,15,15,,-0.014500000000000002
688,h2_storage,2030,29,16,16,,-0.014500000000000002
689,h2_storage,2030,29,17,17,,-0.014500000000000002
690,h2_storage,2030,29,18,18,,-0.014500000000000002
691,h2_storage,2030,29,19,19,,-0.014500000000000002
692,h2_storage,2030,29,20,20,,-0.014500000000000002
693,h2_storage,2030,29,21,21,,-0.014500000000000002
694,h2_storage,2030,29,22,22,,-0.014500000000000002
695,h2_storage,2030,29,23,23,,-0.014500000000000002
696,h2_storage,2030,29,24,24,,-0.014500000000000002
697,h2_storage,2030,30,1,1,,-0.07250000000000001
698,h2_storage,2030,30,2,2,,-0.07250000000000001
699,h2_storage,2030,30,3,3,,-0.07250000000000001
700,h2_storage,2030,30,4,4,,-0.07250000000000001
701,h2_storage,2030,30,5,5,,-0.07250000000000001
702,h2_storage,2030,30,6,6,,-0.07250000000000001
703,h2_storage,2030,30,7,7,,-0.07250000000000001
704,h2_storage,2030,30,8,8,,-0.07250000000000001
705,h2_storage,2030,30,9,9,,-0.07250000000000001
706,h2_storage,2030,30,10,10,,-0.07250000000000001
707,h2_storage,2030,30,11,11,,-0.07250000000000001
708,h2_storage,2030,30,12,12,,-0.07250000000000001
709,h2_storage,2030,30,13,13,,-0.07250000000000001
710,h2_storage,2030,30,14,14,,-0.07250000000000001
711,h2_storage,2030,30,15,15,,-0.07250000000000001
712,h2_storage,2030,30,16,16,,-0.07250000000000001
713,h2_storage,2030,30,17,17,,-0.07250000000000001
714,h2_storage,2030,30,18,18,,-0.07250000000000001
715,h2_storage,2030,30,19,19,,-0.07250000000000001
716,h2_storage,2030,30,20,20,,-0.07250000000000001
717,h2_storage,2030,30,21,21,,-0.07250000000000001
718,h2_storage,2030,30,22,22,,-0.07250000000000001
719,h2_storage,2030,30,23,23,,-0.07250000000000001
720,h2_storage,2030,30,24,24,,-0.07250000000000001
721,hydro_reservoir,2030,1,1,1,,0.18485999999999997
722,hydro_reservoir,2030,1,2,2,,0.18485999999999997
723,hydro_reservoir,2030,1,3,3,,0.18485999999999997
724,hydro_reservoir,2030,1,4,4,,0.18485999999999997
725,hydro_reservoir,2030,1,5,5,,0.18485999999999997
726,hydro_reservoir,2030,1,6,6,,0.18485999999999997
727,hydro_reservoir,2030,1,7,7,,0.18485999999999997
728,hydro_reservoir,2030,1,8,8,,0.18485999999999997
729,hydro_reservoir,2030,1,9,9,,0.18485999999999997
730,hydro_reservoir,2030,1,10,10,,0.18485999999999997
731,hydro_reservoir,2030,1,11,11,,0.18485999999999997
732,hydro_reservoir,2030,1,12,12,,0.18485999999999997
733,hydro_reservoir,2030,1,13,13,,0.18485999999999997
734,hydro_reservoir,2030,1,14,14,,0.18485999999999997
735,hydro_reservoir,2030,1,15,15,,0.18485999999999997
736,hydro_reservoir,2030,1,16,16,,0.18485999999999997
737,hydro_reservoir,2030,1,17,17,,0.18485999999999997
738,hydro_reservoir,2030,1,18,18,,0.18485999999999997
739,hydro_reservoir,2030,1,19,19,,0.18485999999999997
740,hydro_reservoir,2030,1,20,20,,0.18485999999999997
741,hydro_reservoir,2030,1,21,21,,0.18485999999999997
742,hydro_reservoir,2030,1,22,22,,0.18485999999999997
743,hydro_reservoir,2030,1,23,23,,0.18485999999999997
744,hydro_reservoir,2030,1,24,24,,0.18485999999999997
745,hydro_reservoir,2030,2,1,1,,0.00014
746,hydro_reservoir,2030,2,2,2,,0.00014
747,hydro_reservoir,2030,2,3,3,,0.00014
748,hydro_reservoir,2030,2,4,4,,0.00014
749,hydro_reservoir,2030,2,5,5,,0.00014
750,hydro_reservoir,2030,2,6,6,,0.00014
751,hydro_reservoir,2030,2,7,7,,0.00014
752,hydro_reservoir,2030,2,8,8,,0.00014
753,hydro_reservoir,2030,2,9,9,,0.00014
754,hydro_reservoir,2030,2,10,10,,0.00014
755,hydro_reservoir,2030,2,11,11,,0.00014
756,hydro_reservoir,2030,2,12,12,,0.00014
757,hydro_reservoir,2030,2,13,13,,0.00014
758,hydro_reservoir,2030,2,14,14,,0.00014
759,hydro_reservoir,2030,2,15,15,,0.00014
760,hydro_reservoir,2030,2,16,16,,0.00014
761,hydro_reservoir,2030,2,17,17,,0.00014
762,hydro_reservoir,2030,2,18,18,,0.00014
763,hydro_reservoir,2030,2,19,19,,0.00014
764,hydro_reservoir,2030,2,20,20,,0.00014
765,hydro_reservoir,2030,2,21,21,,0.00014
766,hydro_reservoir,2030,2,22,22,,0.00014
767,hydro_reservoir,2030,2,23,23,,0.00014
768,hydro_reservoir,2030,2,24,24,,0.00014
769,hydro_reservoir,2030,3,1,1,,0.00029
770,hydro_reservoir,2030,3,2,2,,0.00029
771,hydro_reservoir,2030,3,3,3,,0.00029
772,hydro_reservoir,2030,3,4,4,,0.00029
773,hydro_reservoir,2030,3,5,5,,0.00029
774,hydro_reservoir,2030,3,6,6,,0.00029
775,hydro_reservoir,2030,3,7,7,,0.00029
776,hydro_reservoir,2030,3,8,8,,0.00029
777,hydro_reservoir,2030,3,9,9,,0.00029
778,hydro_reservoir,2030,3,10,10,,0.00029
779,hydro_reservoir,2030,3,11,11,,0.00029
780,hydro_reservoir,2030,3,12,12,,0.00029
781,hydro_reservoir,2030,3,13,13,,0.00029
782,hydro_reservoir,2030,3,14,14,,0.00029
783,hydro_reservoir,2030,3,15,15,,0.00029
784,hydro_reservoir,2030,3,16,16,,0.00029
785,hydro_reservoir,2030,3,17,17,,0.00029
786,hydro_reservoir,2030,3,18,18,,0.00029
787,hydro_reservoir,2030,3,19,19,,0.00029
788,hydro_reservoir,2030,3,20,20,,0.00029
789,hydro_reservoir,2030,3,21,21,,0.00029
790,hydro_reservoir,2030,3,22,22,,0.00029
791,hydro_reservoir,2030,3,23,23,,0.00029
792,hydro_reservoir,2030,3,24,24,,0.00029
793,hydro_reservoir,2030,4,1,1,,0.00029
794,hydro_reservoir,2030,4,2,2,,0.00029
795,hydro_reservoir,2030,4,3,3,,0.00029
796,hydro_reservoir,2030,4,4,4,,0.00029
797,hydro_reservoir,2030,4,5,5,,0.00029
798,hydro_reservoir,2030,4,6,6,,0.00029
799,hydro_reservoir,2030,4,7,7,,0.00029
800,hydro_reservoir,2030,4,8,8,,0.00029
801,hydro_reservoir,2030,4,9,9,,0.00029
802,hydro_reservoir,2030,4,10,10,,0.00029
803,hydro_reservoir,2030,4,11,11,,0.00029
804,hydro_reservoir,2030,4,12,12,,0.00029
805,hydro_reservoir,2030,4,13,13,,0.00029
806,hydro_reservoir,2030,4,14,14,,0.00029
807,hydro_reservoir,2030,4,15,15,,0.00029
808,hydro_reservoir,2030,4,16,16,,0.00029
809,hydro_reservoir,2030,4,17,17,,0.00029
810,hydro_reservoir,2030,4,18,18,,0.00029
811,hydro_reservoir,2030,4,19,19,,0.00029
812,hydro_reservoir,2030,4,20,20,,0.00029
813,hydro_reservoir,2030,4,21,21,,0.00029
814,hydro_reservoir,2030,4,22,22,,0.00029
815,hydro_reservoir,2030,4,23,23,,0.00029
816,hydro_reservoir,2030,4,24,24,,0.00029
817,hydro_reservoir,2030,5,1,1,,0.00014
818,hydro_reservoir,2030,5,2,2,,0.00014
819,hydro_reservoir,2030,5,3,3,,0.00014
820,hydro_reservoir,2030,5,4,4,,0.00014
821,hydro_reservoir,2030,5,5,5,,0.00014
822,hydro_reservoir,2030,5,6,6,,0.00014
823,hydro_reservoir,2030,5,7,7,,0.00014
824,hydro_reservoir,2030,5,8,8,,0.00014
825,hydro_reservoir,2030,5,9,9,,0.00014
826,hydro_reservoir,2030,5,10,10,,0.00014
827,hydro_reservoir,2030,5,11,11,,0.00014
828,hydro_reservoir,2030,5,12,12,,0.00014
829,hydro_reservoir,2030,5,13,13,,0.00014
830,hydro_reservoir,2030,5,14,14,,0.00014
831,hydro_reservoir,2030,5,15,15,,0.00014
832,hydro_reservoir,2030,5,16,16,,0.00014
833,hydro_reservoir,2030,5,17,17,,0.00014
834,hydro_reservoir,2030,5,18,18,,0.00014
835,hydro_reservoir,2030,5,19,19,,0.00014
836,hydro_reservoir,2030,5,20,20,,0.00014
837,hydro_reservoir,2030,5,21,21,,0.00014
838,hydro_reservoir,2030,5,22,22,,0.00014
839,hydro_reservoir,2030,5,23,23,,0.00014
840,hydro_reservoir,2030,5,24,24,,0.00014
841,hydro_reservoir,2030,6,1,1,,0.00029
842,hydro_reservoir,2030,6,2,2,,0.00029
843,hydro_reservoir,2030,6,3,3,,0.00029
844,hydro_reservoir,2030,6,4,4,,0.00029
845,hydro_reservoir,2030,6,5,5,,0.00029
846,hydro_reservoir,2030,6,6,6,,0.00029
847,hydro_reservoir,2030,6,7,7,,0.00029
848,hydro_reservoir,2030,6,8,8,,0.00029
849,hydro_reservoir,2030,6,9,9,,0.00029
850,hydro_reservoir,2030,6,10,10,,0.00029
851,hydro_reservoir,2030,6,11,11,,0.00029
852,hydro_reservoir,2030,6,12,12,,0.00029
853,hydro_reservoir,2030,6,13,13,,0.00029
854,hydro_reservoir,2030,6,14,14,,0.00029
855,hydro_reservoir,2030,6,15,15,,0.00029
856,hydro_reservoir,2030,6,16,16,,0.00029
857,hydro_reservoir,2030,6,17,17,,0.00029
858,hydro_reservoir,2030,6,18,18,,0.00029
859,hydro_reservoir,2030,6,19,19,,0.00029
860,hydro_reservoir,2030,6,20,20,,0.00029
861,hydro_reservoir,2030,6,21,21,,0.00029
862,hydro_reservoir,2030,6,22,22,,0.00029
863,hydro_reservoir,2030,6,23,23,,0.00029
864,hydro_reservoir,2030,6,24,24,,0.00029
865,hydro_reservoir,2030,7,1,1,,0.00029
866,hydro_reservoir,2030,7,2,2,,0.00029
867,hydro_reservoir,2030,7,3,3,,0.00029
868,hydro_reservoir,2030,7,4,4,,0.00029
869,hydro_reservoir,2030,7,5,5,,0.00029
870,hydro_reservoir,2030,7,6,6,,0.00029
871,hydro_reservoir,2030,7,7,7,,0.00029
872,hydro_reservoir,2030,7,8,8,,0.00029
873,hydro_reservoir,2030,7,9,9,,0.00029
874,hydro_reservoir,2030,7,10,10,,0.00029
875,hydro_reservoir,2030,7,11,11,,0.00029
876,hydro_reservoir,2030,7,12,12,,0.00029
877,hydro_reservoir,2030,7,13,13,,0.00029
878,hydro_reservoir,2030,7,14,14,,0.00029
879,hydro_reservoir,2030,7,15,15,,0.00029
880,hydro_reservoir,2030,7,16,16,,0.00029
881,hydro_reservoir,2030,7,17,17,,0.00029
882,hydro_reservoir,2030,7,18,18,,0.00029
883,hydro_reservoir,2030,7,19,19,,0.00029
884,hydro_reservoir,2030,7,20,20,,0.00029
885,hydro_reservoir,2030,7,21,21,,0.00029
886,hydro_reservoir,2030,7,22,22,,0.00029
887,hydro_reservoir,2030,7,23,23,,0.00029
888,hydro_reservoir,2030,7,24,24,,0.00029
889,hydro_reservoir,2030,8,1,1,,0.00029
890,hydro_reservoir,2030,8,2,2,,0.00029
891,hydro_reservoir,2030,8,3,3,,0.00029
892,hydro_reservoir,2030,8,4,4,,0.00029
893,hydro_reservoir,2030,8,5,5,,0.00029
894,hydro_reservoir,2030,8,6,6,,0.00029
895,hydro_reservoir,2030,8,7,7,,0.00029
896,hydro_reservoir,2030,8,8,8,,0.00029
897,hydro_reservoir,2030,8,9,9,,0.00029
898,hydro_reservoir,2030,8,10,10,,0.00029
899,hydro_reservoir,2030,8,11,11,,0.00029
900,hydro_reservoir,2030,8,12,12,,0.00029
901,hydro_reservoir,2030,8,13,13,,0.00029
902,hydro_reservoir,2030,8,14,14,,0.00029
903,hydro_reservoir,2030,8,15,15,,0.00029
904,hydro_reservoir,2030,8,16,16,,0.00029
905,hydro_reservoir,2030,8,17,17,,0.00029
906,hydro_reservoir,2030,8,18,18,,0.00029
907,hydro_reservoir,2030,8,19,19,,0.00029
908,hydro_reservoir,2030,8,20,20,,0.00029
909,hydro_reservoir,2030,8,21,21,,0.00029
910,hydro_reservoir,2030,8,22,22,,0.00029
911,hydro_reservoir,2030,8,23,23,,0.00029
912,hydro_reservoir,2030,8,24,24,,0.00029
913,hydro_reservoir,2030,9,1,1,,0.00029
914,hydro_reservoir,2030,9,2,2,,0.00029
915,hydro_reservoir,2030,9,3,3,,0.00029
916,hydro_reservoir,2030,9,4,4,,0.00029
917,hydro_reservoir,2030,9,5,5,,0.00029
918,hydro_reservoir,2030,9,6,6,,0.00029
919,hydro_reservoir,2030,9,7,7,,0.00029
920,hydro_reservoir,2030,9,8,8,,0.00029
921,hydro_reservoir,2030,9,9,9,,0.00029
922,hydro_reservoir,2030,9,10,10,,0.00029
923,hydro_reservoir,2030,9,11,11,,0.00029
924,hydro_reservoir,2030,9,12,12,,0.00029
925,hydro_reservoir,2030,9,13,13,,0.00029
926,hydro_reservoir,2030,9,14,14,,0.00029
927,hydro_reservoir,2030,9,15,15,,0.00029
928,hydro_reservoir,2030,9,16,16,,0.00029
929,hydro_reservoir,2030,9,17,17,,0.00029
930,hydro_reservoir,2030,9,18,18,,0.00029
931,hydro_reservoir,2030,9,19,19,,0.00029
932,hydro_reservoir,2030,9,20,20,,0.00029
933,hydro_reservoir,2030,9,21,21,,0.00029
934,hydro_reservoir,2030,9,22,22,,0.00029
935,hydro_reservoir,2030,9,23,23,,0.00029
936,hydro_reservoir,2030,9,24,24,,0.00029
937,hydro_reservoir,2030,10,1,1,,0.00029
938,hydro_reservoir,2030,10,2,2,,0.00029
939,hydro_reservoir,2030,10,3,3,,0.00029
940,hydro_reservoir,2030,10,4,4,,0.00029
941,hydro_reservoir,2030,10,5,5,,0.00029
942,hydro_reservoir,2030,10,6,6,,0.00029
943,hydro_reservoir,2030,10,7,7,,0.00029
944,hydro_reservoir,2030,10,8,8,,0.00029
945,hydro_reservoir,2030,10,9,9,,0.00029
946,hydro_reservoir,2030,10,10,10,,0.00029
947,hydro_reservoir,2030,10,11,11,,0.00029
948,hydro_reservoir,2030,10,12,12,,0.00029
949,hydro_reservoir,2030,10,13,13,,0.00029
950,hydro_reservoir,2030,10,14,14,,0.00029
951,hydro_reservoir,2030,10,15,15,,0.00029
952,hydro_reservoir,2030,10,16,16,,0.00029
953,hydro_reservoir,2030,10,17,17,,0.00029
954,hydro_reservoir,2030,10,18,18,,0.00029
955,hydro_reservoir,2030,10,19,19,,0.00029
956,hydro_reservoir,2030,10,20,20,,0.00029
957,hydro_reservoir,2030,10,21,21,,0.00029
958,hydro_reservoir,2030,10,22,22,,0.00029
959,hydro_reservoir,2030,10,23,23,,0.00029
960,hydro_reservoir,2030,10,24,24,,0.00029
961,hydro_reservoir,2030,11,1,1,,0.00029
962,hydro_reservoir,2030,11,2,2,,0.00029
963,hydro_reservoir,2030,11,3,3,,0.00029
964,hydro_reservoir,2030,11,4,4,,0.00029
965,hydro_reservoir,2030,11,5,5,,0.00029
966,hydro_reservoir,2030,11,6,6,,0.00029
967,hydro_reservoir,2030,11,7,7,,0.00029
968,hydro_reservoir,2030,11,8,8,,0.00029
969,hydro_reservoir,2030,11,9,9,,0.00029
970,hydro_reservoir,2030,11,10,10,,0.00029
971,hydro_reservoir,2030,11,11,11,,0.00029
972,hydro_reservoir,2030,11,12,12,,0.00029
973,hydro_reservoir,2030,11,13,13,,0.00029
974,hydro_reservoir,2030,11,14,14,,0.00029
975,hydro_reservoir,2030,11,15,15,,0.00029
976,hydro_reservoir,2030,11,16,16,,0.00029
977,hydro_reservoir,2030,11,17,17,,0.00029
978,hydro_reservoir,2030,11,18,18,,0.00029
979,hydro_reservoir,2030,11,19,19,,0.00029
980,hydro_reservoir,2030,11,20,20,,0.00029
981,hydro_reservoir,2030,11,21,21,,0.00029
982,hydro_reservoir,2030,11,22,22,,0.00029
983,hydro_reservoir,2030,11,23,23,,0.00029
984,hydro_reservoir,2030,11,24,24,,0.00029
985,hydro_reservoir,2030,12,1,1,,0.00029
986,hydro_reservoir,2030,12,2,2,,0.00029
987,hydro_reservoir,2030,12,3,3,,0.00029
988,hydro_reservoir,2030,12,4,4,,0.00029
989,hydro_reservoir,2030,12,5,5,,0.00029
990,hydro_reservoir,2030,12,6,6,,0.00029
991,hydro_reservoir,2030,12,7,7,,0.00029
992,hydro_reservoir,2030,12,8,8,,0.00029
993,hydro_reservoir,2030,12,9,9,,0.00029
994,hydro_reservoir,2030,12,10,10,,0.00029
995,hydro_reservoir,2030,12,11,11,,0.00029
996,hydro_reservoir,2030,12,12,12,,0.00029
997,hydro_reservoir,2030,12,13,13,,0.00029
998,hydro_reservoir,2030,12,14,14,,0.00029
999,hydro_reservoir,2030,12,15,15,,0.00029
1000,hydro_reservoir,2030,12,16,16,,0.00029
1001,hydro_reservoir,2030,12,17,17,,0.00029
1002,hydro_reservoir,2030,12,18,18,,0.00029
1003,hydro_reservoir,2030,12,19,19,,0.00029
1004,hydro_reservoir,2030,12,20,20,,0.00029
1005,hydro_reservoir,2030,12,21,21,,0.00029
1006,hydro_reservoir,2030,12,22,22,,0.00029
1007,hydro_reservoir,2030,12,23,23,,0.00029
1008,hydro_reservoir,2030,12,24,24,,0.00029
1009,hydro_reservoir,2030,13,1,1,,0.00029
1010,hydro_reservoir,2030,13,2,2,,0.00029
1011,hydro_reservoir,2030,13,3,3,,0.00029
1012,hydro_reservoir,2030,13,4,4,,0.00029
1013,hydro_reservoir,2030,13,5,5,,0.00029
1014,hydro_reservoir,2030,13,6,6,,0.00029
1015,hydro_reservoir,2030,13,7,7,,0.00029
1016,hydro_reservoir,2030,13,8,8,,0.00029
1017,hydro_reservoir,2030,13,9,9,,0.00029
1018,hydro_reservoir,2030,13,10,10,,0.00029
1019,hydro_reservoir,2030,13,11,11,,0.00029
1020,hydro_reservoir,2030,13,12,12,,0.00029
1021,hydro_reservoir,2030,13,13,13,,0.00029
1022,hydro_reservoir,2030,13,14,14,,0.00029
1023,hydro_reservoir,2030,13,15,15,,0.00029
1024,hydro_reservoir,2030,13,16,16,,0.00029
1025,hydro_reservoir,2030,13,17,17,,0.00029
1026,hydro_reservoir,2030,13,18,18,,0.00029
1027,hydro_reservoir,2030,13,19,19,,0.00029
1028,hydro_reservoir,2030,13,20,20,,0.00029
1029,hydro_reservoir,2030,13,21,21,,0.00029
1030,hydro_reservoir,2030,13,22,22,,0.00029
1031,hydro_reservoir,2030,13,23,23,,0.00029
1032,hydro_reservoir,2030,13,24,24,,0.00029
1033,hydro_reservoir,2030,14,1,1,,0.00029
1034,hydro_reservoir,2030,14,2,2,,0.00029
1035,hydro_reservoir,2030,14,3,3,,0.00029
1036,hydro_reservoir,2030,14,4,4,,0.00029
1037,hydro_reservoir,2030,14,5,5,,0.00029
1038,hydro_reservoir,2030,14,6,6,,0.00029
1039,hydro_reservoir,2030,14,7,7,,0.00029
1040,hydro_reservoir,2030,14,8,8,,0.00029
1041,hydro_reservoir,2030,14,9,9,,0.00029
1042,hydro_reservoir,2030,14,10,10,,0.00029
1043,hydro_reservoir,2030,14,11,11,,0.00029
1044,hydro_reservoir,2030,14,12,12,,0.00029
1045,hydro_reservoir,2030,14,13,13,,0.00029
1046,hydro_reservoir,2030,14,14,14,,0.00029
1047,hydro_reservoir,2030,14,15,15,,0.00029
1048,hydro_reservoir,2030,14,16,16,,0.00029
1049,hydro_reservoir,2030,14,17,17,,0.00029
1050,hydro_reservoir,2030,14,18,18,,0.00029
1051,hydro_reservoir,2030,14,19,19,,0.00029
1052,hydro_reservoir,2030,14,20,20,,0.00029
1053,hydro_reservoir,2030,14,21,21,,0.00029
1054,hydro_reservoir,2030,14,22,22,,0.00029
1055,hydro_reservoir,2030,14,23,23,,0.00029
1056,hydro_reservoir,2030,14,24,24,,0.00029
1057,hydro_reservoir,2030,15,1,1,,0.00029
1058,hydro_reservoir,2030,15,2,2,,0.00029
1059,hydro_reservoir,2030,15,3,3,,0.00029
1060,hydro_reservoir,2030,15,4,4,,0.00029
1061,hydro_reservoir,2030,15,5,5,,0.00029
1062,hydro_reservoir,2030,15,6,6,,0.00029
1063,hydro_reservoir,2030,15,7,7,,0.00029
1064,hydro_reservoir,2030,15,8,8,,0.00029
1065,hydro_reservoir,2030,15,9,9,,0.00029
1066,hydro_reservoir,2030,15,10,10,,0.00029
1067,hydro_reservoir,2030,15,11,11,,0.00029
1068,hydro_reservoir,2030,15,12,12,,0.00029
1069,hydro_reservoir,2030,15,13,13,,0.00029
1070,hydro_reservoir,2030,15,14,14,,0.00029
1071,hydro_reservoir,2030,15,15,15,,0.00029
1072,hydro_reservoir,2030,15,16,16,,0.00029
1073,hydro_reservoir,2030,15,17,17,,0.00029
1074,hydro_reservoir,2030,15,18,18,,0.00029
1075,hydro_reservoir,2030,15,19,19,,0.00029
1076,hydro_reservoir,2030,15,20,20,,0.00029
1077,hydro_reservoir,2030,15,21,21,,0.00029
1078,hydro_reservoir,2030,15,22,22,,0.00029
1079,hydro_reservoir,2030,15,23,23,,0.00029
1080,hydro_reservoir,2030,15,24,24,,0.00029
1081,hydro_reservoir,2030,16,1,1,,0.00029
1082,hydro_reservoir,2030,16,2,2,,0.00029
1083,hydro_reservoir,2030,16,3,3,,0.00029
1084,hydro_reservoir,2030,16,4,4,,0.00029
1085,hydro_reservoir,2030,16,5,5,,0.00029
1086,hydro_reservoir,2030,16,6,6,,0.00029
1087,hydro_reservoir,2030,16,7,7,,0.00029
1088,hydro_reservoir,2030,16,8,8,,0.00029
1089,hydro_reservoir,2030,16,9,9,,0.00029
1090,hydro_reservoir,2030,16,10,10,,0.00029
1091,hydro_reservoir,2030,16,11,11,,0.00029
1092,hydro_reservoir,2030,16,12,12,,0.00029
1093,hydro_reservoir,2030,16,13,13,,0.00029
1094,hydro_reservoir,2030,16,14,14,,0.00029
1095,hydro_reservoir,2030,16,15,15,,0.00029
1096,hydro_reservoir,2030,16,16,16,,0.00029
1097,hydro_reservoir,2030,16,17,17,,0.00029
1098,hydro_reservoir,2030,16,18,18,,0.00029
1099,hydro_reservoir,2030,16,19,19,,0.00029
1100,hydro_reservoir,2030,16,20,20,,0.00029
1101,hydro_reservoir,2030,16,21,21,,0.00029
1102,hydro_reservoir,2030,16,22,22,,0.00029
1103,hydro_reservoir,2030,16,23,23,,0.00029
1104,hydro_reservoir,2030,16,24,24,,0.00029
1105,hydro_reservoir,2030,17,1,1,,0.00029
1106,hydro_reservoir,2030,17,2,2,,0.00029
1107,hydro_reservoir,2030,17,3,3,,0.00029
1108,hydro_reservoir,2030,17,4,4,,0.00029
1109,hydro_reservoir,2030,17,5,5,,0.00029
1110,hydro_reservoir,2030,17,6,6,,0.00029
1111,hydro_reservoir,2030,17,7,7,,0.00029
1112,hydro_reservoir,2030,17,8,8,,0.00029
1113,hydro_reservoir,2030,17,9,9,,0.00029
1114,hydro_reservoir,2030,17,10,10,,0.00029
1115,hydro_reservoir,2030,17,11,11,,0.00029
1116,hydro_reservoir,2030,17,12,12,,0.00029
1117,hydro_reservoir,2030,17,13,13,,0.00029
1118,hydro_reservoir,2030,17,14,14,,0.00029
1119,hydro_reservoir,2030,17,15,15,,0.00029
1120,hydro_reservoir,2030,17,16,16,,0.00029
1121,hydro_reservoir,2030,17,17,17,,0.00029
1122,hydro_reservoir,2030,17,18,18,,0.00029
1123,hydro_reservoir,2030,17,19,19,,0.00029
1124,hydro_reservoir,2030,17,20,20,,0.00029
1125,hydro_reservoir,2030,17,21,21,,0.00029
1126,hydro_reservoir,2030,17,22,22,,0.00029
1127,hydro_reservoir,2030,17,23,23,,0.00029
1128,hydro_reservoir,2030,17,24,24,,0.00029
1129,hydro_reservoir,2030,18,1,1,,0.00029
1130,hydro_reservoir,2030,18,2,2,,0.00029
1131,hydro_reservoir,2030,18,3,3,,0.00029
1132,hydro_reservoir,2030,18,4,4,,0.00029
1133,hydro_reservoir,2030,18,5,5,,0.00029
1134,hydro_reservoir,2030,18,6,6,,0.00029
1135,hydro_reservoir,2030,18,7,7,,0.00029
1136,hydro_reservoir,2030,18,8,8,,0.00029
1137,hydro_reservoir,2030,18,9,9,,0.00029
1138,hydro_reservoir,2030,18,10,10,,0.00029
1139,hydro_reservoir,2030,18,11,11,,0.00029
1140,hydro_reservoir,2030,18,12,12,,0.00029
1141,hydro_reservoir,2030,18,13,13,,0.00029
1142,hydro_reservoir,2030,18,14,14,,0.00029
1143,hydro_reservoir,2030,18,15,15,,0.00029
1144,hydro_reservoir,2030,18,16,16,,0.00029
1145,hydro_reservoir,2030,18,17,17,,0.00029
1146,hydro_reservoir,2030,18,18,18,,0.00029
1147,hydro_reservoir,2030,18,19,19,,0.00029
1148,hydro_reservoir,2030,18,20,20,,0.00029
1149,hydro_reservoir,2030,18,21,21,,0.00029
1150,hydro_reservoir,2030,18,22,22,,0.00029
1151,hydro_reservoir,2030,18,23,23,,0.00029
1152,hydro_reservoir,2030,18,24,24,,0.00029
1153,hydro_reservoir,2030,19,1,1,,0.00014
1154,hydro_reservoir,2030,19,2,2,,0.00014
1155,hydro_reservoir,2030,19,3,3,,0.00014
1156,hydro_reservoir,2030,19,4,4,,0.00014
1157,hydro_reservoir,2030,19,5,5,,0.00014
1158,hydro_reservoir,2030,19,6,6,,0.00014
1159,hydro_reservoir,2030,19,7,7,,0.00014
1160,hydro_reservoir,2030,19,8,8,,0.00014
1161,hydro_reservoir,2030,19,9,9,,0.00014
1162,hydro_reservoir,2030,19,10,10,,0.00014
1163,hydro_reservoir,2030,19,11,11,,0.00014
1164,hydro_reservoir,2030,19,12,12,,0.00014
1165,hydro_reservoir,2030,19,13,13,,0.00014
1166,hydro_reservoir,2030,19,14,14,,0.00014
1167,hydro_reservoir,2030,19,15,15,,0.00014
1168,hydro_reservoir,2030,19,16,16,,0.00014
1169,hydro_reservoir,2030,19,17,17,,0.00014
1170,hydro_reservoir,2030,19,18,18,,0.00014
1171,hydro_reservoir,2030,19,19,19,,0.00014
1172,hydro_reservoir,2030,19,20,20,,0.00014
1173,hydro_reservoir,2030,19,21,21,,0.00014
1174,hydro_reservoir,2030,19,22,22,,0.00014
1175,hydro_reservoir,2030,19,23,23,,0.00014
1176,hydro_reservoir,2030,19,24,24,,0.00014
1177,hydro_reservoir,2030,20,1,1,,0.00029
1178,hydro_reservoir,2030,20,2,2,,0.00029
1179,hydro_reservoir,2030,20,3,3,,0.00029
1180,hydro_reservoir,2030,20,4,4,,0.00029
1181,hydro_reservoir,2030,20,5,5,,0.00029
1182,hydro_reservoir,2030,20,6,6,,0.00029
1183,hydro_reservoir,2030,20,7,7,,0.00029
1184,hydro_reservoir,2030,20,8,8,,0.00029
1185,hydro_reservoir,2030,20,9,9,,0.00029
1186,hydro_reservoir,2030,20,10,10,,0.00029
1187,hydro_reservoir,2030,20,11,11,,0.00029
1188,hydro_reservoir,2030,20,12,12,,0.00029
1189,hydro_reservoir,2030,20,13,13,,0.00029
1190,hydro_reservoir,2030,20,14,14,,0.00029
1191,hydro_reservoir,2030,20,15,15,,0.00029
1192,hydro_reservoir,2030,20,16,16,,0.00029
1193,hydro_reservoir,2030,20,17,17,,0.00029
1194,hydro_reservoir,2030,20,18,18,,0.00029
1195,hydro_reservoir,2030,20,19,19,,0.00029
1196,hydro_reservoir,2030,20,20,20,,0.00029
1197,hydro_reservoir,2030,20,21,21,,0.00029
1198,hydro_reservoir,2030,20,22,22,,0.00029
1199,hydro_reservoir,2030,20,23,23,,0.00029
1200,hydro_reservoir,2030,20,24,24,,0.00029
1201,hydro_reservoir,2030,21,1,1,,0.00029
1202,hydro_reservoir,2030,21,2,2,,0.00029
1203,hydro_reservoir,2030,21,3,3,,0.00029
1204,hydro_reservoir,2030,21,4,4,,0.00029
1205,hydro_reservoir,2030,21,5,5,,0.00029
1206,hydro_reservoir,2030,21,6,6,,0.00029
1207,hydro_reservoir,2030,21,7,7,,0.00029
1208,hydro_reservoir,2030,21,8,8,,0.00029
1209,hydro_reservoir,2030,21,9,9,,0.00029
1210,hydro_reservoir,2030,21,10,10,,0.00029
1211,hydro_reservoir,2030,21,11,11,,0.00029
1212,hydro_reservoir,2030,21,12,12,,0.00029
1213,hydro_reservoir,2030,21,13,13,,0.00029
1214,hydro_reservoir,2030,21,14,14,,0.00029
1215,hydro_reservoir,2030,21,15,15,,0.00029
1216,hydro_reservoir,2030,21,16,16,,0.00029
1217,hydro_reservoir,2030,21,17,17,,0.00029
1218,hydro_reservoir,2030,21,18,18,,0.00029
1219,hydro_reservoir,2030,21,19,19,,0.00029
1220,hydro_reservoir,2030,21,20,20,,0.00029
1221,hydro_reservoir,2030,21,21,21,,0.00029
1222,hydro_reservoir,2030,21,22,22,,0.00029
1223,hydro_reservoir,2030,21,23,23,,0.00029
1224,hydro_reservoir,2030,21,24,24,,0.00029
1225,hydro_reservoir,2030,22,1,1,,0.00029
1226,hydro_reservoir,2030,22,2,2,,0.00029
1227,hydro_reservoir,2030,22,3,3,,0.00029
1228,hydro_reservoir,2030,22,4,4,,0.00029
1229,hydro_reservoir,2030,22,5,5,,0.00029
1230,hydro_reservoir,2030,22,6,6,,0.00029
1231,hydro_reservoir,2030,22,7,7,,0.00029
1232,hydro_reservoir,2030,22,8,8,,0.00029
1233,hydro_reservoir,2030,22,9,9,,0.00029
1234,hydro_reservoir,2030,22,10,10,,0.00029
1235,hydro_reservoir,2030,22,11,11,,0.00029
1236,hydro_reservoir,2030,22,12,12,,0.00029
1237,hydro_reservoir,2030,22,13,13,,0.00029
1238,hydro_reservoir,2030,22,14,14,,0.00029
1239,hydro_reservoir,2030,22,15,15,,0.00029
1240,hydro_reservoir,2030,22,16,16,,0.00029
1241,hydro_reservoir,2030,22,17,17,,0.00029
1242,hydro_reservoir,2030,22,18,18,,0.00029
1243,hydro_reservoir,2030,22,19,19,,0.00029
1244,hydro_reservoir,2030,22,20,20,,0.00029
1245,hydro_reservoir,2030,22,21,21,,0.00029
1246,hydro_reservoir,2030,22,22,22,,0.00029
1247,hydro_reservoir,2030,22,23,23,,0.00029
1248,hydro_reservoir,2030,22,24,24,,0.00029
1249,hydro_reservoir,2030,23,1,1,,0.00029
1250,hydro_reservoir,2030,23,2,2,,0.00029
1251,hydro_reservoir,2030,23,3,3,,0.00029
1252,hydro_reservoir,2030,23,4,4,,0.00029
1253,hydro_reservoir,2030,23,5,5,,0.00029
1254,hydro_reservoir,2030,23,6,6,,0.00029
1255,hydro_reservoir,2030,23,7,7,,0.00029
1256,hydro_reservoir,2030,23,8,8,,0.00029
1257,hydro_reservoir,2030,23,9,9,,0.00029
1258,hydro_reservoir,2030,23,10,10,,0.00029
1259,hydro_reservoir,2030,23,11,11,,0.00029
1260,hydro_reservoir,2030,23,12,12,,0.00029
1261,hydro_reservoir,2030,23,13,13,,0.00029
1262,hydro_reservoir,2030,23,14,14,,0.00029
1263,hydro_reservoir,2030,23,15,15,,0.00029
1264,hydro_reservoir,2030,23,16,16,,0.00029
1265,hydro_reservoir,2030,23,17,17,,0.00029
1266,hydro_reservoir,2030,23,18,18,,0.00029
1267,hydro_reservoir,2030,23,19,19,,0.00029
1268,hydro_reservoir,2030,23,20,20,,0.00029
1269,hydro_reservoir,2030,23,21,21,,0.00029
1270,hydro_reservoir,2030,23,22,22,,0.00029
1271,hydro_reservoir,2030,23,23,23,,0.00029
1272,hydro_reservoir,2030,23,24,24,,0.00029
1273,hydro_reservoir,2030,24,1,1,,0.00014
1274,hydro_reservoir,2030,24,2,2,,0.00014
1275,hydro_reservoir,2030,24,3,3,,0.00014
1276,hydro_reservoir,2030,24,4,4,,0.00014
1277,hydro_reservoir,2030,24,5,5,,0.00014
1278,hydro_reservoir,2030,24,6,6,,0.00014
1279,hydro_reservoir,2030,24,7,7,,0.00014
1280,hydro_reservoir,2030,24,8,8,,0.00014
1281,hydro_reservoir,2030,24,9,9,,0.00014
1282,hydro_reservoir,2030,24,10,10,,0.00014
1283,hydro_reservoir,2030,24,11,11,,0.00014
1284,hydro_reservoir,2030,24,12,12,,0.00014
1285,hydro_reservoir,2030,24,13,13,,0.00014
1286,hydro_reservoir,2030,24,14,14,,0.00014
1287,hydro_reservoir,2030,24,15,15,,0.00014
1288,hydro_reservoir,2030,24,16,16,,0.00014
1289,hydro_reservoir,2030,24,17,17,,0.00014
1290,hydro_reservoir,2030,24,18,18,,0.00014
1291,hydro_reservoir,2030,24,19,19,,0.00014
1292,hydro_reservoir,2030,24,20,20,,0.00014
1293,hydro_reservoir,2030,24,21,21,,0.00014
1294,hydro_reservoir,2030,24,22,22,,0.00014
1295,hydro_reservoir,2030,24,23,23,,0.00014
1296,hydro_reservoir,2030,24,24,24,,0.00014
1297,hydro_reservoir,2030,25,1,1,,0.00029
1298,hydro_reservoir,2030,25,2,2,,0.00029
1299,hydro_reservoir,2030,25,3,3,,0.00029
1300,hydro_reservoir,2030,25,4,4,,0.00029
1301,hydro_reservoir,2030,25,5,5,,0.00029
1302,hydro_reservoir,2030,25,6,6,,0.00029
1303,hydro_reservoir,2030,25,7,7,,0.00029
1304,hydro_reservoir,2030,25,8,8,,0.00029
1305,hydro_reservoir,2030,25,9,9,,0.00029
1306,hydro_reservoir,2030,25,10,10,,0.00029
1307,hydro_reservoir,2030,25,11,11,,0.00029
1308,hydro_reservoir,2030,25,12,12,,0.00029
1309,hydro_reservoir,2030,25,13,13,,0.00029
1310,hydro_reservoir,2030,25,14,14,,0.00029
1311,hydro_reservoir,2030,25,15,15,,0.00029
1312,hydro_reservoir,2030,25,16,16,,0.00029
1313,hydro_reservoir,2030,25,17,17,,0.00029
1314,hydro_reservoir,2030,25,18,18,,0.00029
1315,hydro_reservoir,2030,25,19,19,,0.00029
1316,hydro_reservoir,2030,25,20,20,,0.00029
1317,hydro_reservoir,2030,25,21,21,,0.00029
1318,hydro_reservoir,2030,25,22,22,,0.00029
1319,hydro_reservoir,2030,25,23,23,,0.00029
1320,hydro_reservoir,2030,25,24,24,,0.00029
1321,hydro_reservoir,2030,26,1,1,,0.00029
1322,hydro_reservoir,2030,26,2,2,,0.00029
1323,hydro_reservoir,2030,26,3,3,,0.00029
1324,hydro_reservoir,2030,26,4,4,,0.00029
1325,hydro_reservoir,2030,26,5,5,,0.00029
1326,hydro_reservoir,2030,26,6,6,,0.00029
1327,hydro_reservoir,2030,26,7,7,,0.00029
1328,hydro_reservoir,2030,26,8,8,,0.00029
1329,hydro_reservoir,2030,26,9,9,,0.00029
1330,hydro_reservoir,2030,26,10,10,,0.00029
1331,hydro_reservoir,2030,26,11,11,,0.00029
1332,hydro_reservoir,2030,26,12,12,,0.00029
1333,hydro_reservoir,2030,26,13,13,,0.00029
1334,hydro_reservoir,2030,26,14,14,,0.00029
1335,hydro_reservoir,2030,26,15,15,,0.00029
1336,hydro_reservoir,2030,26,16,16,,0.00029
1337,hydro_reservoir,2030,26,17,17,,0.00029
1338,hydro_reservoir,2030,26,18,18,,0.00029
1339,hydro_reservoir,2030,26,19,19,,0.00029
1340,hydro_reservoir,2030,26,20,20,,0.00029
1341,hydro_reservoir,2030,26,21,21,,0.00029
1342,hydro_reservoir,2030,26,22,22,,0.00029
1343,hydro_reservoir,2030,26,23,23,,0.00029
1344,hydro_reservoir,2030,26,24,24,,0.00029
1345,hydro_reservoir,2030,27,1,1,,0.00029
1346,hydro_reservoir,2030,27,2,2,,0.00029
1347,hydro_reservoir,2030,27,3,3,,0.00029
1348,hydro_reservoir,2030,27,4,4,,0.00029
1349,hydro_reservoir,2030,27,5,5,,0.00029
1350,hydro_reservoir,2030,27,6,6,,0.00029
1351,hydro_reservoir,2030,27,7,7,,0.00029
1352,hydro_reservoir,2030,27,8,8,,0.00029
1353,hydro_reservoir,2030,27,9,9,,0.00029
1354,hydro_reservoir,2030,27,10,10,,0.00029
1355,hydro_reservoir,2030,27,11,11,,0.00029
1356,hydro_reservoir,2030,27,12,12,,0.00029
1357,hydro_reservoir,2030,27,13,13,,0.00029
1358,hydro_reservoir,2030,27,14,14,,0.00029
1359,hydro_reservoir,2030,27,15,15,,0.00029
1360,hydro_reservoir,2030,27,16,16,,0.00029
1361,hydro_reservoir,2030,27,17,17,,0.00029
1362,hydro_reservoir,2030,27,18,18,,0.00029
1363,hydro_reservoir,2030,27,19,19,,0.00029
1364,hydro_reservoir,2030,27,20,20,,0.00029
1365,hydro_reservoir,2030,27,21,21,,0.00029
1366,hydro_reservoir,2030,27,22,22,,0.00029
1367,hydro_reservoir,2030,27,23,23,,0.00029
1368,hydro_reservoir,2030,27,24,24,,0.00029
1369,hydro_reservoir,2030,28,1,1,,0.00029
1370,hydro_reservoir,2030,28,2,2,,0.00029
1371,hydro_reservoir,2030,28,3,3,,0.00029
1372,hydro_reservoir,2030,28,4,4,,0.00029
1373,hydro_reservoir,2030,28,5,5,,0.00029
1374,hydro_reservoir,2030,28,6,6,,0.00029
1375,hydro_reservoir,2030,28,7,7,,0.00029
1376,hydro_reservoir,2030,28,8,8,,0.00029
1377,hydro_reservoir,2030,28,9,9,,0.00029
1378,hydro_reservoir,2030,28,10,10,,0.00029
1379,hydro_reservoir,2030,28,11,11,,0.00029
1380,hydro_reservoir,2030,28,12,12,,0.00029
1381,hydro_reservoir,2030,28,13,13,,0.00029
1382,hydro_reservoir,2030,28,14,14,,0.00029
1383,hydro_reservoir,2030,28,15,15,,0.00029
1384,hydro_reservoir,2030,28,16,16,,0.00029
1385,hydro_reservoir,2030,28,17,17,,0.00029
1386,hydro_reservoir,2030,28,18,18,,0.00029
1387,hydro_reservoir,2030,28,19,19,,0.00029
1388,hydro_reservoir,2030,28,20,20,,0.00029
1389,hydro_reservoir,2030,28,21,21,,0.00029
1390,hydro_reservoir,2030,28,22,22,,0.00029
1391,hydro_reservoir,2030,28,23,23,,0.00029
1392,hydro_reservoir,2030,28,24,24,,0.00029
1393,hydro_reservoir,2030,29,1,1,,0.00029
1394,hydro_reservoir,2030,29,2,2,,0.00029
1395,hydro_reservoir,2030,29,3,3,,0.00029
1396,hydro_reservoir,2030,29,4,4,,0.00029
1397,hydro_reservoir,2030,29,5,5,,0.00029
1398,hydro_reservoir,2030,29,6,6,,0.00029
1399,hydro_reservoir,2030,29,7,7,,0.00029
1400,hydro_reservoir,2030,29,8,8,,0.00029
1401,hydro_reservoir,2030,29,9,9,,0.00029
1402,hydro_reservoir,2030,29,10,10,,0.00029
1403,hydro_reservoir,2030,29,11,11,,0.00029
1404,hydro_reservoir,2030,29,12,12,,0.00029
1405,hydro_reservoir,2030,29,13,13,,0.00029
1406,hydro_reservoir,2030,29,14,14,,0.00029
1407,hydro_reservoir,2030,29,15,15,,0.00029
1408,hydro_reservoir,2030,29,16,16,,0.00029
1409,hydro_reservoir,2030,29,17,17,,0.00029
1410,hydro_reservoir,2030,29,18,18,,0.00029
1411,hydro_reservoir,2030,29,19,19,,0.00029
1412,hydro_reservoir,2030,29,20,20,,0.00029
1413,hydro_reservoir,2030,29,21,21,,0.00029
1414,hydro_reservoir,2030,29,22,22,,0.00029
1415,hydro_reservoir,2030,29,23,23,,0.00029
1416,hydro_reservoir,2030,29,24,24,,0.00029
1417,hydro_reservoir,2030,30,1,1,,0.00145
1418,hydro_reservoir,2030,30,2,2,,0.00145
1419,hydro_reservoir,2030,30,3,3,,0.00145
1420,hydro_reservoir,2030,30,4,4,,0.00145
1421,hydro_reservoir,2030,30,5,5,,0.00145
1422,hydro_reservoir,2030,30,6,6,,0.00145
1423,hydro_reservoir,2030,30,7,7,,0.00145
1424,hydro_reservoir,2030,30,8,8,,0.00145
1425,hydro_reservoir,2030,30,9,9,,0.00145
1426,hydro_reservoir,2030,30,10,10,,0.00145
1427,hydro_reservoir,2030,30,11,11,,0.00145
1428,hydro_reservoir,2030,30,12,12,,0.00145
1429,hydro_reservoir,2030,30,13,13,,0.00145
1430,hydro_reservoir,2030,30,14,14,,0.00145
1431,hydro_reservoir,2030,30,15,15,,0.00145
1432,hydro_reservoir,2030,30,16,16,,0.00145
1433,hydro_reservoir,2030,30,17,17,,0.00145
1434,hydro_reservoir,2030,30,18,18,,0.00145
1435,hydro_reservoir,2030,30,19,19,,0.00145
1436,hydro_reservoir,2030,30,20,20,,0.00145
1437,hydro_reservoir,2030,30,21,21,,0.00145
1438,hydro_reservoir,2030,30,22,22,,0.00145
1439,hydro_reservoir,2030,30,23,23,,0.00145
1440,hydro_reservoir,2030,30,24,24,,0.00145
