id,asset,milestone_year,rep_period,time_block_start,time_block_end,solution,dual_balance_storage_rep_period,dual_max_storage_level_rep_period_limit,dual_min_storage_level_rep_period_limit
1,battery,2030,1,1,1,,-0.030620213092660793,0.0,0.0
2,battery,2030,1,2,2,,-0.030620213092660793,0.0,0.0
3,battery,2030,1,3,3,,-0.02763474231612637,0.0,0.0
4,battery,2030,1,4,4,,-0.02763474231612637,0.0,0.0
5,battery,2030,1,5,5,,-0.02763474231612637,0.0,0.0
6,battery,2030,1,6,6,,-0.02763474231612637,-0.30702286423033304,0.0
7,battery,2030,1,7,7,,-0.33465760654645943,0.0,0.0
8,battery,2030,1,8,8,,-0.33465760654645943,-0.35621095135669995,0.0
9,battery,2030,1,9,9,,-0.6908685579031594,0.0,0.0
10,battery,2030,1,10,10,,-0.6908685579031594,0.0,0.0
11,battery,2030,1,11,11,,-0.6908685579031594,0.0,0.0
12,battery,2030,1,12,12,,-0.6908685579031594,0.0,0.0
13,battery,2030,1,13,13,,-0.6908685579031594,0.0,0.0
14,battery,2030,1,14,14,,-0.690868557903159,0.0,0.0
15,battery,2030,1,15,15,,-0.6908685579031594,0.0,0.0
16,battery,2030,1,16,16,,-0.6908685579031594,0.0,0.0
17,battery,2030,1,17,17,,-0.6908685579031594,0.0,0.0
18,battery,2030,1,18,18,,-0.030620213092660793,0.0,0.0
19,battery,2030,1,19,19,,-0.02763474231612637,0.0,0.0
20,battery,2030,1,20,20,,-0.02763474231612637,0.0,0.0
21,battery,2030,1,21,21,,-0.02763474231612637,0.0,0.0
22,battery,2030,1,22,22,,-0.02763474231612637,0.0,0.0
23,battery,2030,1,23,23,,-0.02763474231612637,0.0,0.0
24,battery,2030,1,24,24,,-0.02763474231612637,0.0,0.0
25,battery,2030,2,1,1,,-1.132252172703321,0.0,0.0
26,battery,2030,2,2,2,,-1.0218575858647474,0.0,0.0
27,battery,2030,2,3,3,,-1.0218575858647474,0.0,0.0
28,battery,2030,2,4,4,,-1.0218575858647474,0.0,0.0
29,battery,2030,2,5,5,,-1.0218575858647474,0.0,0.0
30,battery,2030,2,6,6,,-1.0218575858647474,0.0,0.0
31,battery,2030,2,7,7,,-1.0218575858647474,0.0,0.0
32,battery,2030,2,8,8,,-1.0218575858647474,0.0,0.0
33,battery,2030,2,9,9,,-1.0218575858647474,0.0,0.0
34,battery,2030,2,10,10,,-1.0218575858647474,0.0,0.0
35,battery,2030,2,11,11,,-1.0218575858647474,0.0,0.0
36,battery,2030,2,12,12,,-1.0218575858647474,0.0,0.0
37,battery,2030,2,13,13,,-1.0218575858647474,0.0,0.0
38,battery,2030,2,14,14,,-1.0218575858647474,0.0,0.0
39,battery,2030,2,15,15,,-1.0218575858647474,0.0,0.0
40,battery,2030,2,16,16,,-1.0218575858647474,0.0,0.0
41,battery,2030,2,17,17,,-1.0218575858647474,0.0,0.0
42,battery,2030,2,18,18,,-1.0218575858647474,0.0,0.0
43,battery,2030,2,19,19,,-1.0218575858647474,0.0,0.0
44,battery,2030,2,20,20,,-1.0218575858647474,0.0,0.0
45,battery,2030,2,21,21,,-1.0218575858647474,0.0,0.0
46,battery,2030,2,22,22,,-1.0218575858647474,0.0,0.0
47,battery,2030,2,23,23,,-1.0218575858647474,0.0,0.0
48,battery,2030,2,24,24,,-1.0218575858647474,0.0,0.0
49,battery,2030,3,1,1,,-0.4077948033693868,0.0,0.0
50,battery,2030,3,2,2,,-0.36803481004087163,0.0,0.0
51,battery,2030,3,3,3,,-0.36803481004087163,0.0,0.0
52,battery,2030,3,4,4,,-0.3680348100408716,0.0,0.0
53,battery,2030,3,5,5,,-0.36803481004087163,0.0,0.0
54,battery,2030,3,6,6,,-0.36803481004087163,0.0,0.0
55,battery,2030,3,7,7,,-0.36803481004087163,0.0,0.0
56,battery,2030,3,8,8,,-0.36803481004087163,0.0,0.0
57,battery,2030,3,9,9,,-0.36803481004087163,0.0,0.0
58,battery,2030,3,10,10,,-0.36803481004087163,0.0,0.0
59,battery,2030,3,11,11,,-0.36803481004087163,0.0,0.0
60,battery,2030,3,12,12,,-0.36803481004087163,0.0,0.0
61,battery,2030,3,13,13,,-0.36803481004087163,0.0,0.0
62,battery,2030,3,14,14,,-0.36803481004087163,0.0,0.0
63,battery,2030,3,15,15,,-0.36803481004087163,0.0,0.0
64,battery,2030,3,16,16,,-0.36803481004087163,0.0,0.0
65,battery,2030,3,17,17,,-0.36803481004087163,0.0,0.0
66,battery,2030,3,18,18,,-0.36803481004087163,0.0,0.0
67,battery,2030,3,19,19,,-0.36803481004087163,0.0,0.0
68,battery,2030,3,20,20,,-0.3680348100408716,0.0,0.0
69,battery,2030,3,21,21,,-0.36803481004087163,0.0,0.0
70,battery,2030,3,22,22,,-0.3680348100408716,0.0,0.0
71,battery,2030,3,23,23,,-0.3680348100408716,0.0,0.0
72,battery,2030,3,24,24,,-0.36803481004087163,0.0,0.0
73,battery,2030,4,1,1,,-3.5823328612151255,0.0,0.0
74,battery,2030,4,2,2,,-3.2330554072466526,0.0,0.0
75,battery,2030,4,3,3,,-3.2330554072466526,0.0,0.0
76,battery,2030,4,4,4,,-3.2330554072466526,0.0,0.0
77,battery,2030,4,5,5,,-3.2330554072466526,0.0,0.0
78,battery,2030,4,6,6,,-3.2330554072466526,0.0,0.0
79,battery,2030,4,7,7,,-3.2330554072466526,0.0,0.0
80,battery,2030,4,8,8,,-3.2330554072466526,0.0,0.0
81,battery,2030,4,9,9,,-3.2330554072466526,0.0,0.0
82,battery,2030,4,10,10,,-3.2330554072466526,0.0,0.0
83,battery,2030,4,11,11,,-3.2330554072466526,0.0,0.0
84,battery,2030,4,12,12,,-3.2330554072466526,0.0,0.0
85,battery,2030,4,13,13,,-3.2330554072466526,0.0,0.0
86,battery,2030,4,14,14,,-3.2330554072466526,0.0,0.0
87,battery,2030,4,15,15,,-3.2330554072466526,0.0,0.0
88,battery,2030,4,16,16,,-3.2330554072466526,0.0,0.0
89,battery,2030,4,17,17,,-3.2330554072466526,0.0,0.0
90,battery,2030,4,18,18,,-3.2330554072466526,0.0,0.0
91,battery,2030,4,19,19,,-3.2330554072466526,0.0,0.0
92,battery,2030,4,20,20,,-3.2330554072466526,0.0,0.0
93,battery,2030,4,21,21,,-3.2330554072466526,0.0,0.0
94,battery,2030,4,22,22,,-3.2330554072466526,0.0,0.0
95,battery,2030,4,23,23,,-3.2330554072466526,0.0,0.0
96,battery,2030,4,24,24,,-3.2330554072466526,0.0,0.0
97,battery,2030,5,1,1,,-0.31960676135178023,0.0,0.0
98,battery,2030,5,2,2,,-0.2884451021199817,0.0,0.0
99,battery,2030,5,3,3,,-0.2884451021199817,0.0,0.0
100,battery,2030,5,4,4,,-0.28844510211998164,0.0,0.0
101,battery,2030,5,5,5,,-0.2884451021199817,0.0,0.0
102,battery,2030,5,6,6,,-0.28844510211998164,0.0,0.0
103,battery,2030,5,7,7,,-0.2884451021199817,0.0,0.0
104,battery,2030,5,8,8,,-0.2884451021199817,0.0,0.0
105,battery,2030,5,9,9,,-0.2884451021199817,0.0,0.0
106,battery,2030,5,10,10,,-0.2884451021199817,0.0,0.0
107,battery,2030,5,11,11,,-0.2884451021199817,0.0,0.0
108,battery,2030,5,12,12,,-0.2884451021199817,0.0,0.0
109,battery,2030,5,13,13,,-0.2884451021199817,0.0,0.0
110,battery,2030,5,14,14,,-0.2884451021199817,0.0,0.0
111,battery,2030,5,15,15,,-0.2884451021199817,0.0,0.0
112,battery,2030,5,16,16,,-0.2884451021199817,0.0,0.0
113,battery,2030,5,17,17,,-0.2884451021199817,0.0,0.0
114,battery,2030,5,18,18,,-0.2884451021199817,0.0,0.0
115,battery,2030,5,19,19,,-0.2884451021199817,0.0,0.0
116,battery,2030,5,20,20,,-0.2884451021199817,0.0,0.0
117,battery,2030,5,21,21,,-0.2884451021199817,0.0,0.0
118,battery,2030,5,22,22,,-0.2884451021199817,0.0,0.0
119,battery,2030,5,23,23,,-0.012784270454071212,0.0,0.0
120,battery,2030,5,24,24,,-0.011537804084799269,0.0,0.0
121,battery,2030,6,1,1,,-0.31617386166522704,0.0,0.0
122,battery,2030,6,2,2,,-0.28534691015286756,0.0,0.0
123,battery,2030,6,3,3,,-0.28534691015286756,0.0,0.0
124,battery,2030,6,4,4,,-0.28534691015286756,0.0,0.0
125,battery,2030,6,5,5,,-0.28534691015286756,0.0,0.0
126,battery,2030,6,6,6,,-0.28534691015286756,0.0,0.0
127,battery,2030,6,7,7,,-0.28534691015286756,0.0,0.0
128,battery,2030,6,8,8,,-0.28534691015286756,0.0,0.0
129,battery,2030,6,9,9,,-0.28534691015286756,0.0,0.0
130,battery,2030,6,10,10,,-0.28534691015286756,0.0,0.0
131,battery,2030,6,11,11,,-0.28534691015286756,0.0,0.0
132,battery,2030,6,12,12,,-0.28534691015286756,0.0,0.0
133,battery,2030,6,13,13,,-0.28534691015286756,0.0,0.0
134,battery,2030,6,14,14,,-0.28534691015286756,0.0,0.0
135,battery,2030,6,15,15,,-0.28534691015286756,0.0,0.0
136,battery,2030,6,16,16,,-0.28534691015286756,0.0,0.0
137,battery,2030,6,17,17,,-0.28534691015286756,0.0,0.0
138,battery,2030,6,18,18,,-0.28534691015286756,0.0,0.0
139,battery,2030,6,19,19,,-0.28534691015286756,0.0,0.0
140,battery,2030,6,20,20,,-0.28534691015286756,0.0,0.0
141,battery,2030,6,21,21,,-0.28534691015286756,0.0,0.0
142,battery,2030,6,22,22,,-0.28534691015286756,0.0,0.0
143,battery,2030,6,23,23,,-0.28534691015286756,0.0,0.0
144,battery,2030,6,24,24,,-0.28534691015286756,0.0,0.0
145,battery,2030,7,1,1,,-0.20321701042401258,0.0,0.0
146,battery,2030,7,2,2,,-0.18340335190767149,0.0,0.0
147,battery,2030,7,3,3,,-0.18340335190767149,0.0,0.0
148,battery,2030,7,4,4,,-0.18340335190767137,0.0,0.0
149,battery,2030,7,5,5,,-0.18340335190767149,0.0,0.0
150,battery,2030,7,6,6,,-0.18340335190767149,0.0,0.0
151,battery,2030,7,7,7,,-0.18340335190767149,0.0,0.0
152,battery,2030,7,8,8,,-0.18340335190767149,0.0,0.0
153,battery,2030,7,9,9,,-0.18340335190767149,0.0,0.0
154,battery,2030,7,10,10,,-0.18340335190767149,0.0,0.0
155,battery,2030,7,11,11,,-0.18340335190767149,0.0,0.0
156,battery,2030,7,12,12,,-0.18340335190767149,0.0,0.0
157,battery,2030,7,13,13,,-0.18340335190767149,0.0,0.0
158,battery,2030,7,14,14,,-0.18340335190767137,0.0,0.0
159,battery,2030,7,15,15,,-0.18340335190767149,0.0,0.0
160,battery,2030,7,16,16,,-0.18340335190767137,0.0,0.0
161,battery,2030,7,17,17,,-0.18340335190767137,0.0,0.0
162,battery,2030,7,18,18,,-0.18340335190767149,0.0,0.0
163,battery,2030,7,19,19,,-0.18340335190767137,0.0,0.0
164,battery,2030,7,20,20,,-0.18340335190767137,0.0,0.0
165,battery,2030,7,21,21,,-0.18340335190767149,0.0,0.0
166,battery,2030,7,22,22,,-0.18340335190767137,0.0,0.0
167,battery,2030,7,23,23,,-0.18340335190767149,0.0,0.0
168,battery,2030,7,24,24,,-0.18340335190767149,0.0,0.0
169,battery,2030,8,1,1,,-0.7502055022075234,0.0,0.0
170,battery,2030,8,2,2,,-0.67706046574229,0.0,0.0
171,battery,2030,8,3,3,,-0.67706046574229,0.0,0.0
172,battery,2030,8,4,4,,-0.67706046574229,0.0,0.0
173,battery,2030,8,5,5,,-0.67706046574229,0.0,0.0
174,battery,2030,8,6,6,,-0.67706046574229,0.0,0.0
175,battery,2030,8,7,7,,-0.67706046574229,0.0,0.0
176,battery,2030,8,8,8,,-0.67706046574229,0.0,0.0
177,battery,2030,8,9,9,,-0.67706046574229,0.0,0.0
178,battery,2030,8,10,10,,-0.67706046574229,0.0,0.0
179,battery,2030,8,11,11,,-0.67706046574229,0.0,0.0
180,battery,2030,8,12,12,,-0.67706046574229,0.0,0.0
181,battery,2030,8,13,13,,-0.67706046574229,0.0,0.0
182,battery,2030,8,14,14,,-0.67706046574229,0.0,0.0
183,battery,2030,8,15,15,,-0.67706046574229,0.0,0.0
184,battery,2030,8,16,16,,-0.67706046574229,0.0,0.0
185,battery,2030,8,17,17,,-0.67706046574229,0.0,0.0
186,battery,2030,8,18,18,,-0.67706046574229,0.0,0.0
187,battery,2030,8,19,19,,-0.67706046574229,0.0,0.0
188,battery,2030,8,20,20,,-0.67706046574229,0.0,0.0
189,battery,2030,8,21,21,,-0.67706046574229,0.0,0.0
190,battery,2030,8,22,22,,-0.67706046574229,0.0,0.0
191,battery,2030,8,23,23,,-0.67706046574229,0.0,0.0
192,battery,2030,8,24,24,,-0.67706046574229,0.0,0.0
193,battery,2030,9,1,1,,-0.009602552907381077,0.0,0.0
194,battery,2030,9,2,2,,-0.009602552907381077,0.0,0.0
195,battery,2030,9,3,3,,-0.009602552907381077,-0.2070550470654044,0.0
196,battery,2030,9,4,4,,-0.21665759997278547,0.0,0.0
197,battery,2030,9,5,5,,-0.21665759997278547,0.0,0.0
198,battery,2030,9,6,6,,-0.21665759997278547,0.0,0.0
199,battery,2030,9,7,7,,-0.21665759997278547,0.0,0.0
200,battery,2030,9,8,8,,-0.21665759997278547,0.0,0.0
201,battery,2030,9,9,9,,-0.21665759997278547,0.0,0.0
202,battery,2030,9,10,10,,-0.21665759997278547,0.0,0.0
203,battery,2030,9,11,11,,-0.21665759997278547,0.0,0.0
204,battery,2030,9,12,12,,-0.21665759997278547,0.0,0.0
205,battery,2030,9,13,13,,-0.21665759997278547,0.0,0.0
206,battery,2030,9,14,14,,-0.21665759997278547,0.0,0.0
207,battery,2030,9,15,15,,-0.21665759997278547,0.0,0.0
208,battery,2030,9,16,16,,-0.21665759997278547,0.0,0.0
209,battery,2030,9,17,17,,-0.2166575999727856,0.0,0.0
210,battery,2030,9,18,18,,-0.21665759997278547,0.0,0.0
211,battery,2030,9,19,19,,-0.2166575999727856,0.0,0.0
212,battery,2030,9,20,20,,-0.2166575999727856,0.0,0.0
213,battery,2030,9,21,21,,-0.2166575999727856,0.0,0.0
214,battery,2030,9,22,22,,-0.2166575999727856,0.0,0.0
215,battery,2030,9,23,23,,-0.2166575999727856,0.0,0.0
216,battery,2030,9,24,24,,-0.2166575999727856,0.0,0.0
217,battery,2030,10,1,1,,-0.16864533974904197,0.0,0.0
218,battery,2030,10,2,2,,-0.1522024191235104,0.0,0.0
219,battery,2030,10,3,3,,-0.1522024191235104,0.0,0.0
220,battery,2030,10,4,4,,-0.1522024191235104,0.0,0.0
221,battery,2030,10,5,5,,-0.1522024191235104,0.0,0.0
222,battery,2030,10,6,6,,-0.1522024191235104,0.0,0.0
223,battery,2030,10,7,7,,-0.1522024191235104,0.0,0.0
224,battery,2030,10,8,8,,-0.1522024191235104,0.0,0.0
225,battery,2030,10,9,9,,-0.1522024191235104,0.0,0.0
226,battery,2030,10,10,10,,-0.1522024191235104,0.0,0.0
227,battery,2030,10,11,11,,-0.1522024191235104,0.0,0.0
228,battery,2030,10,12,12,,-0.1522024191235104,0.0,0.0
229,battery,2030,10,13,13,,-0.1522024191235104,0.0,0.0
230,battery,2030,10,14,14,,-0.1522024191235104,0.0,0.0
231,battery,2030,10,15,15,,-0.1522024191235104,0.0,0.0
232,battery,2030,10,16,16,,-0.1522024191235104,0.0,0.0
233,battery,2030,10,17,17,,-0.1522024191235104,0.0,0.0
234,battery,2030,10,18,18,,-0.1522024191235104,0.0,0.0
235,battery,2030,10,19,19,,-0.1522024191235104,0.0,0.0
236,battery,2030,10,20,20,,-0.1522024191235104,0.0,0.0
237,battery,2030,10,21,21,,-0.1522024191235104,0.0,0.0
238,battery,2030,10,22,22,,-0.1522024191235104,0.0,0.0
239,battery,2030,10,23,23,,-0.1522024191235104,0.0,0.0
240,battery,2030,10,24,24,,-0.1522024191235104,0.0,0.0
241,battery,2030,11,1,1,,-1.0294286754716024,0.0,0.0
242,battery,2030,11,2,2,,-0.9290593796131212,0.0,0.0
243,battery,2030,11,3,3,,-0.9290593796131212,0.0,0.0
244,battery,2030,11,4,4,,-0.9290593796131212,0.0,0.0
245,battery,2030,11,5,5,,-0.9290593796131212,0.0,0.0
246,battery,2030,11,6,6,,-0.9290593796131212,0.0,0.0
247,battery,2030,11,7,7,,-0.9290593796131212,0.0,0.0
248,battery,2030,11,8,8,,-0.9290593796131212,0.0,0.0
249,battery,2030,11,9,9,,-0.9290593796131212,0.0,0.0
250,battery,2030,11,10,10,,-0.9290593796131212,0.0,0.0
251,battery,2030,11,11,11,,-0.9290593796131212,0.0,0.0
252,battery,2030,11,12,12,,-0.9290593796131212,0.0,0.0
253,battery,2030,11,13,13,,-0.9290593796131212,0.0,0.0
254,battery,2030,11,14,14,,-0.9290593796131212,0.0,0.0
255,battery,2030,11,15,15,,-0.9290593796131212,0.0,0.0
256,battery,2030,11,16,16,,-0.9290593796131212,0.0,0.0
257,battery,2030,11,17,17,,-0.9290593796131212,0.0,0.0
258,battery,2030,11,18,18,,-0.9290593796131212,0.0,0.0
259,battery,2030,11,19,19,,-0.9290593796131212,0.0,0.0
260,battery,2030,11,20,20,,-0.9290593796131212,0.0,0.0
261,battery,2030,11,21,21,,-0.9290593796131212,0.0,0.0
262,battery,2030,11,22,22,,-0.9290593796131212,0.0,0.0
263,battery,2030,11,23,23,,-0.9290593796131212,0.0,0.0
264,battery,2030,11,24,24,,-0.9290593796131212,0.0,0.0
265,battery,2030,12,1,1,,-0.40595314356447204,0.0,0.0
266,battery,2030,12,2,2,,-0.016238125742578883,0.0,0.0
267,battery,2030,12,3,3,,-0.016238125742578883,0.0,0.0
268,battery,2030,12,4,4,,-0.014654908482677444,0.0,0.0
269,battery,2030,12,5,5,,-0.014654908482677444,0.0,0.0
270,battery,2030,12,6,6,,-0.014654908482677444,-0.3517178035842587,0.0
271,battery,2030,12,7,7,,-0.3663727120669361,0.0,0.0
272,battery,2030,12,8,8,,-0.3663727120669361,0.0,0.0
273,battery,2030,12,9,9,,-0.3663727120669361,0.0,0.0
274,battery,2030,12,10,10,,-0.3663727120669361,0.0,0.0
275,battery,2030,12,11,11,,-0.3663727120669361,0.0,0.0
276,battery,2030,12,12,12,,-0.3663727120669361,0.0,0.0
277,battery,2030,12,13,13,,-0.3663727120669361,0.0,0.0
278,battery,2030,12,14,14,,-0.3663727120669361,0.0,0.0
279,battery,2030,12,15,15,,-0.3663727120669361,0.0,0.0
280,battery,2030,12,16,16,,-0.3663727120669361,0.0,0.0
281,battery,2030,12,17,17,,-0.3663727120669361,0.0,0.0
282,battery,2030,12,18,18,,-0.3663727120669361,0.0,0.0
283,battery,2030,12,19,19,,-0.3663727120669361,0.0,0.0
284,battery,2030,12,20,20,,-0.3663727120669361,0.0,0.0
285,battery,2030,12,21,21,,-0.3663727120669361,0.0,0.0
286,battery,2030,12,22,22,,-0.3663727120669361,0.0,0.0
287,battery,2030,12,23,23,,-0.3663727120669361,0.0,0.0
288,battery,2030,12,24,24,,-0.3663727120669361,0.0,0.0
289,battery,2030,13,1,1,,-0.2769951900693923,0.0,0.0
290,battery,2030,13,2,2,,-0.24998815903762675,0.0,0.0
291,battery,2030,13,3,3,,-0.24998815903762675,0.0,0.0
292,battery,2030,13,4,4,,-0.24998815903762675,0.0,0.0
293,battery,2030,13,5,5,,-0.24998815903762675,0.0,0.0
294,battery,2030,13,6,6,,-0.24998815903762675,0.0,0.0
295,battery,2030,13,7,7,,-0.24998815903762675,0.0,0.0
296,battery,2030,13,8,8,,-0.24998815903762658,0.0,0.0
297,battery,2030,13,9,9,,-0.24998815903762675,0.0,0.0
298,battery,2030,13,10,10,,-0.24998815903762675,0.0,0.0
299,battery,2030,13,11,11,,-0.24998815903762675,0.0,0.0
300,battery,2030,13,12,12,,-0.24998815903762675,0.0,0.0
301,battery,2030,13,13,13,,-0.24998815903762675,0.0,0.0
302,battery,2030,13,14,14,,-0.24998815903762675,0.0,0.0
303,battery,2030,13,15,15,,-0.24998815903762675,0.0,0.0
304,battery,2030,13,16,16,,-0.24998815903762675,0.0,0.0
305,battery,2030,13,17,17,,-0.24998815903762675,0.0,0.0
306,battery,2030,13,18,18,,-0.24998815903762675,0.0,0.0
307,battery,2030,13,19,19,,-0.24998815903762675,0.0,0.0
308,battery,2030,13,20,20,,-0.24998815903762675,0.0,0.0
309,battery,2030,13,21,21,,-0.24998815903762675,0.0,0.0
310,battery,2030,13,22,22,,-0.24998815903762675,0.0,0.0
311,battery,2030,13,23,23,,-0.24998815903762675,0.0,0.0
312,battery,2030,13,24,24,,-0.24998815903762675,0.0,0.0
313,battery,2030,14,1,1,,-0.4749768967990813,0.0,0.0
314,battery,2030,14,2,2,,-0.4286666493611709,0.0,0.0
315,battery,2030,14,3,3,,-0.4286666493611709,0.0,0.0
316,battery,2030,14,4,4,,-0.4286666493611709,0.0,0.0
317,battery,2030,14,5,5,,-0.4286666493611709,0.0,0.0
318,battery,2030,14,6,6,,-0.4286666493611709,0.0,0.0
319,battery,2030,14,7,7,,-0.4286666493611709,0.0,0.0
320,battery,2030,14,8,8,,-0.4286666493611709,0.0,0.0
321,battery,2030,14,9,9,,-0.4286666493611709,0.0,0.0
322,battery,2030,14,10,10,,-0.4286666493611709,0.0,0.0
323,battery,2030,14,11,11,,-0.4286666493611709,0.0,0.0
324,battery,2030,14,12,12,,-0.4286666493611709,0.0,0.0
325,battery,2030,14,13,13,,-0.4286666493611709,0.0,0.0
326,battery,2030,14,14,14,,-0.4286666493611709,0.0,0.0
327,battery,2030,14,15,15,,-0.4286666493611709,0.0,0.0
328,battery,2030,14,16,16,,-0.4286666493611709,0.0,0.0
329,battery,2030,14,17,17,,-0.4286666493611709,0.0,0.0
330,battery,2030,14,18,18,,-0.4286666493611709,0.0,0.0
331,battery,2030,14,19,19,,-0.4286666493611709,0.0,0.0
332,battery,2030,14,20,20,,-0.4286666493611709,0.0,0.0
333,battery,2030,14,21,21,,-0.4286666493611709,0.0,0.0
334,battery,2030,14,22,22,,-0.4286666493611709,0.0,0.0
335,battery,2030,14,23,23,,-0.4286666493611709,0.0,0.0
336,battery,2030,14,24,24,,-0.4286666493611709,0.0,0.0
337,battery,2030,15,1,1,,-0.0165541695889675,0.0,0.0
338,battery,2030,15,2,2,,-0.0165541695889675,0.0,0.0
339,battery,2030,15,3,3,,-0.014940138054043171,0.0,0.0
340,battery,2030,15,4,4,,-0.014940138054043171,0.0,0.0
341,battery,2030,15,5,5,,-0.014940138054043171,0.0,0.0
342,battery,2030,15,6,6,,-0.014940138054043171,-0.1428650701417878,0.0
343,battery,2030,15,7,7,,-0.15780520819583096,0.0,0.0
344,battery,2030,15,8,8,,-0.15780520819583096,0.0,0.0
345,battery,2030,15,9,9,,-0.15780520819583096,-0.21569824315524835,0.0
346,battery,2030,15,10,10,,-0.3735034513510793,0.0,0.0
347,battery,2030,15,11,11,,-0.3735034513510793,0.0,0.0
348,battery,2030,15,12,12,,-0.3735034513510793,0.0,0.0
349,battery,2030,15,13,13,,-0.3735034513510793,0.0,0.0
350,battery,2030,15,14,14,,-0.3735034513510793,0.0,0.0
351,battery,2030,15,15,15,,-0.3735034513510793,0.0,0.0
352,battery,2030,15,16,16,,-0.3735034513510793,0.0,0.0
353,battery,2030,15,17,17,,-0.3735034513510793,0.0,0.0
354,battery,2030,15,18,18,,-0.3735034513510793,0.0,0.0
355,battery,2030,15,19,19,,-0.3735034513510793,0.0,0.0
356,battery,2030,15,20,20,,-0.3735034513510793,0.0,0.0
357,battery,2030,15,21,21,,-0.3735034513510793,0.0,0.0
358,battery,2030,15,22,22,,-0.3735034513510792,0.0,0.0
359,battery,2030,15,23,23,,-0.3735034513510793,0.0,0.0
360,battery,2030,15,24,24,,-0.3735034513510793,0.0,0.0
361,battery,2030,16,1,1,,-0.37070516616710486,0.0,0.0
362,battery,2030,16,2,2,,-0.3345614124658124,0.0,0.0
363,battery,2030,16,3,3,,-0.3345614124658124,0.0,0.0
364,battery,2030,16,4,4,,-0.33456141246581217,0.0,0.0
365,battery,2030,16,5,5,,-0.3345614124658124,0.0,0.0
366,battery,2030,16,6,6,,-0.3345614124658124,0.0,0.0
367,battery,2030,16,7,7,,-0.3345614124658124,0.0,0.0
368,battery,2030,16,8,8,,-0.3345614124658124,0.0,0.0
369,battery,2030,16,9,9,,-0.3345614124658124,0.0,0.0
370,battery,2030,16,10,10,,-0.3345614124658124,0.0,0.0
371,battery,2030,16,11,11,,-0.3345614124658124,0.0,0.0
372,battery,2030,16,12,12,,-0.3345614124658124,0.0,0.0
373,battery,2030,16,13,13,,-0.3345614124658124,0.0,0.0
374,battery,2030,16,14,14,,-0.3345614124658124,0.0,0.0
375,battery,2030,16,15,15,,-0.3345614124658124,0.0,0.0
376,battery,2030,16,16,16,,-0.3345614124658124,0.0,0.0
377,battery,2030,16,17,17,,-0.3345614124658124,0.0,0.0
378,battery,2030,16,18,18,,-0.3345614124658124,0.0,0.0
379,battery,2030,16,19,19,,-0.3345614124658124,0.0,0.0
380,battery,2030,16,20,20,,-0.3345614124658124,0.0,0.0
381,battery,2030,16,21,21,,-0.33456141246581217,0.0,0.0
382,battery,2030,16,22,22,,-0.3345614124658124,0.0,0.0
383,battery,2030,16,23,23,,-0.3345614124658124,0.0,0.0
384,battery,2030,16,24,24,,-0.3345614124658124,0.0,0.0
385,battery,2030,17,1,1,,-0.4337232116345588,0.0,0.0
386,battery,2030,17,2,2,,-0.39143519850018965,0.0,0.0
387,battery,2030,17,3,3,,-0.39143519850018965,0.0,0.0
388,battery,2030,17,4,4,,-0.39143519850018965,0.0,0.0
389,battery,2030,17,5,5,,-0.39143519850018965,0.0,0.0
390,battery,2030,17,6,6,,-0.39143519850018965,0.0,0.0
391,battery,2030,17,7,7,,-0.39143519850018965,0.0,0.0
392,battery,2030,17,8,8,,-0.39143519850018965,0.0,0.0
393,battery,2030,17,9,9,,-0.39143519850018965,0.0,0.0
394,battery,2030,17,10,10,,-0.39143519850018965,0.0,0.0
395,battery,2030,17,11,11,,-0.39143519850018965,0.0,0.0
396,battery,2030,17,12,12,,-0.39143519850018965,0.0,0.0
397,battery,2030,17,13,13,,-0.39143519850018965,0.0,0.0
398,battery,2030,17,14,14,,-0.39143519850018965,0.0,0.0
399,battery,2030,17,15,15,,-0.39143519850018965,0.0,0.0
400,battery,2030,17,16,16,,-0.39143519850018965,0.0,0.0
401,battery,2030,17,17,17,,-0.39143519850018965,0.0,0.0
402,battery,2030,17,18,18,,-0.39143519850018965,0.0,0.0
403,battery,2030,17,19,19,,-0.39143519850018965,0.0,0.0
404,battery,2030,17,20,20,,-0.39143519850018965,0.0,0.0
405,battery,2030,17,21,21,,-0.39143519850018965,0.0,0.0
406,battery,2030,17,22,22,,-0.39143519850018965,0.0,0.0
407,battery,2030,17,23,23,,-0.39143519850018965,0.0,0.0
408,battery,2030,17,24,24,,-0.39143519850018965,0.0,0.0
409,battery,2030,18,1,1,,-0.3488423658299989,0.0,0.0
410,battery,2030,18,2,2,,-0.31483023516157405,0.0,0.0
411,battery,2030,18,3,3,,-0.31483023516157405,0.0,0.0
412,battery,2030,18,4,4,,-0.31483023516157405,0.0,0.0
413,battery,2030,18,5,5,,-0.31483023516157405,0.0,0.0
414,battery,2030,18,6,6,,-0.31483023516157405,0.0,0.0
415,battery,2030,18,7,7,,-0.31483023516157405,0.0,0.0
416,battery,2030,18,8,8,,-0.31483023516157405,0.0,0.0
417,battery,2030,18,9,9,,-0.31483023516157405,0.0,0.0
418,battery,2030,18,10,10,,-0.31483023516157405,0.0,0.0
419,battery,2030,18,11,11,,-0.31483023516157405,0.0,0.0
420,battery,2030,18,12,12,,-0.31483023516157405,0.0,0.0
421,battery,2030,18,13,13,,-0.31483023516157405,0.0,0.0
422,battery,2030,18,14,14,,-0.31483023516157405,0.0,0.0
423,battery,2030,18,15,15,,-0.31483023516157405,0.0,0.0
424,battery,2030,18,16,16,,-0.31483023516157405,0.0,0.0
425,battery,2030,18,17,17,,-0.31483023516157405,0.0,0.0
426,battery,2030,18,18,18,,-0.31483023516157405,0.0,0.0
427,battery,2030,18,19,19,,-0.31483023516157405,0.0,0.0
428,battery,2030,18,20,20,,-0.31483023516157405,0.0,0.0
429,battery,2030,18,21,21,,-0.31483023516157405,0.0,0.0
430,battery,2030,18,22,22,,-0.31483023516157405,0.0,0.0
431,battery,2030,18,23,23,,-0.31483023516157405,0.0,0.0
432,battery,2030,18,24,24,,-0.31483023516157405,0.0,0.0
433,battery,2030,19,1,1,,-0.8897856468312522,0.0,0.0
434,battery,2030,19,2,2,,-0.8030315462652055,0.0,0.0
435,battery,2030,19,3,3,,-0.8030315462652055,0.0,0.0
436,battery,2030,19,4,4,,-0.8030315462652055,0.0,0.0
437,battery,2030,19,5,5,,-0.8030315462652055,0.0,0.0
438,battery,2030,19,6,6,,-0.8030315462652055,0.0,0.0
439,battery,2030,19,7,7,,-0.8030315462652055,0.0,0.0
440,battery,2030,19,8,8,,-0.8030315462652055,0.0,0.0
441,battery,2030,19,9,9,,-0.8030315462652055,0.0,0.0
442,battery,2030,19,10,10,,-0.8030315462652055,0.0,0.0
443,battery,2030,19,11,11,,-0.8030315462652055,0.0,0.0
444,battery,2030,19,12,12,,-0.8030315462652055,0.0,0.0
445,battery,2030,19,13,13,,-0.8030315462652055,0.0,0.0
446,battery,2030,19,14,14,,-0.8030315462652055,0.0,0.0
447,battery,2030,19,15,15,,-0.8030315462652055,0.0,0.0
448,battery,2030,19,16,16,,-0.8030315462652055,0.0,0.0
449,battery,2030,19,17,17,,-0.8030315462652055,0.0,0.0
450,battery,2030,19,18,18,,-0.8030315462652055,0.0,0.0
451,battery,2030,19,19,19,,-0.8030315462652055,0.0,0.0
452,battery,2030,19,20,20,,-0.8030315462652055,0.0,0.0
453,battery,2030,19,21,21,,-0.8030315462652055,0.0,0.0
454,battery,2030,19,22,22,,-0.8030315462652055,0.0,0.0
455,battery,2030,19,23,23,,-0.8030315462652055,0.0,0.0
456,battery,2030,19,24,24,,-0.8030315462652055,0.0,0.0
457,battery,2030,20,1,1,,-0.39502642462839643,0.0,0.0
458,battery,2030,20,2,2,,-0.39502642462839643,0.0,0.0
459,battery,2030,20,3,3,,-0.39502642462839643,0.0,0.0
460,battery,2030,20,4,4,,-0.39502642462839643,0.0,0.0
461,battery,2030,20,5,5,,-0.39502642462839643,0.0,0.0
462,battery,2030,20,6,6,,-0.39502642462839643,0.0,0.0
463,battery,2030,20,7,7,,-0.39502642462839643,0.0,0.0
464,battery,2030,20,8,8,,-0.39502642462839643,0.0,0.0
465,battery,2030,20,9,9,,-0.39502642462839643,0.0,0.0
466,battery,2030,20,10,10,,-0.39502642462839643,0.0,0.0
467,battery,2030,20,11,11,,-0.39502642462839643,0.0,0.0
468,battery,2030,20,12,12,,-0.39502642462839643,0.0,0.0
469,battery,2030,20,13,13,,-0.39502642462839643,0.0,0.0
470,battery,2030,20,14,14,,-0.39502642462839643,0.0,0.0
471,battery,2030,20,15,15,,-0.39502642462839643,0.0,0.0
472,battery,2030,20,16,16,,-0.39502642462839643,0.0,0.0
473,battery,2030,20,17,17,,-0.39502642462839643,0.0,0.0
474,battery,2030,20,18,18,,-0.3950264246283961,0.0,0.0
475,battery,2030,20,19,19,,-0.39502642462839643,0.0,0.0
476,battery,2030,20,20,20,,-0.39502642462839643,0.0,0.0
477,battery,2030,20,21,21,,-0.39502642462839643,0.0,0.0
478,battery,2030,20,22,22,,-0.39502642462839643,0.0,0.0
479,battery,2030,20,23,23,,-0.39502642462839643,0.0,0.0
480,battery,2030,20,24,24,,-0.39502642462839643,0.0,0.0
481,battery,2030,21,1,1,,-0.5110666007965291,0.0,0.0
482,battery,2030,21,2,2,,-0.4612376072188677,0.0,0.0
483,battery,2030,21,3,3,,-0.4612376072188677,0.0,0.0
484,battery,2030,21,4,4,,-0.4612376072188677,0.0,0.0
485,battery,2030,21,5,5,,-0.4612376072188677,0.0,0.0
486,battery,2030,21,6,6,,-0.4612376072188677,0.0,0.0
487,battery,2030,21,7,7,,-0.4612376072188677,0.0,0.0
488,battery,2030,21,8,8,,-0.4612376072188677,0.0,0.0
489,battery,2030,21,9,9,,-0.4612376072188677,0.0,0.0
490,battery,2030,21,10,10,,-0.4612376072188677,0.0,0.0
491,battery,2030,21,11,11,,-0.4612376072188677,0.0,0.0
492,battery,2030,21,12,12,,-0.4612376072188677,0.0,0.0
493,battery,2030,21,13,13,,-0.4612376072188677,0.0,0.0
494,battery,2030,21,14,14,,-0.4612376072188677,0.0,0.0
495,battery,2030,21,15,15,,-0.4612376072188677,0.0,0.0
496,battery,2030,21,16,16,,-0.4612376072188677,0.0,0.0
497,battery,2030,21,17,17,,-0.4612376072188677,0.0,0.0
498,battery,2030,21,18,18,,-0.4612376072188677,0.0,0.0
499,battery,2030,21,19,19,,-0.4612376072188677,0.0,0.0
500,battery,2030,21,20,20,,-0.4612376072188677,0.0,0.0
501,battery,2030,21,21,21,,-0.4612376072188677,0.0,0.0
502,battery,2030,21,22,22,,-0.4612376072188677,0.0,0.0
503,battery,2030,21,23,23,,-0.4612376072188677,0.0,0.0
504,battery,2030,21,24,24,,-0.4612376072188677,0.0,0.0
505,battery,2030,22,1,1,,-0.09219372151893868,0.0,0.0
506,battery,2030,22,2,2,,-0.08320483367084222,0.0,0.0
507,battery,2030,22,3,3,,-0.08320483367084222,0.0,0.0
508,battery,2030,22,4,4,,-0.08320483367084222,0.0,0.0
509,battery,2030,22,5,5,,-0.08320483367084222,0.0,0.0
510,battery,2030,22,6,6,,-0.08320483367084222,0.0,0.0
511,battery,2030,22,7,7,,-0.08320483367084217,0.0,0.0
512,battery,2030,22,8,8,,-0.08320483367084222,0.0,0.0
513,battery,2030,22,9,9,,-0.08320483367084222,0.0,0.0
514,battery,2030,22,10,10,,-0.08320483367084222,0.0,0.0
515,battery,2030,22,11,11,,-0.08320483367084222,0.0,0.0
516,battery,2030,22,12,12,,-0.08320483367084217,0.0,0.0
517,battery,2030,22,13,13,,-0.08320483367084222,0.0,0.0
518,battery,2030,22,14,14,,-0.08320483367084217,0.0,0.0
519,battery,2030,22,15,15,,-0.08320483367084222,0.0,0.0
520,battery,2030,22,16,16,,-0.08320483367084222,0.0,0.0
521,battery,2030,22,17,17,,-0.08320483367084217,0.0,0.0
522,battery,2030,22,18,18,,-0.08320483367084222,0.0,0.0
523,battery,2030,22,19,19,,-0.08320483367084217,0.0,0.0
524,battery,2030,22,20,20,,-0.08320483367084217,0.0,0.0
525,battery,2030,22,21,21,,-0.08320483367084217,0.0,0.0
526,battery,2030,22,22,22,,-0.08320483367084222,0.0,0.0
527,battery,2030,22,23,23,,-0.08320483367084222,0.0,0.0
528,battery,2030,22,24,24,,-0.08320483367084222,0.0,0.0
529,battery,2030,23,1,1,,-0.2749119896389601,0.0,0.0
530,battery,2030,23,2,2,,-0.24810807064916157,0.0,0.0
531,battery,2030,23,3,3,,-0.24810807064916157,0.0,0.0
532,battery,2030,23,4,4,,-0.24810807064916157,0.0,0.0
533,battery,2030,23,5,5,,-0.24810807064916157,0.0,0.0
534,battery,2030,23,6,6,,-0.24810807064916157,0.0,0.0
535,battery,2030,23,7,7,,-0.24810807064916157,0.0,0.0
536,battery,2030,23,8,8,,-0.24810807064916157,0.0,0.0
537,battery,2030,23,9,9,,-0.24810807064916157,0.0,0.0
538,battery,2030,23,10,10,,-0.24810807064916152,0.0,0.0
539,battery,2030,23,11,11,,-0.24810807064916157,0.0,0.0
540,battery,2030,23,12,12,,-0.24810807064916157,0.0,0.0
541,battery,2030,23,13,13,,-0.24810807064916157,0.0,0.0
542,battery,2030,23,14,14,,-0.24810807064916157,0.0,0.0
543,battery,2030,23,15,15,,-0.24810807064916157,0.0,0.0
544,battery,2030,23,16,16,,-0.24810807064916152,0.0,0.0
545,battery,2030,23,17,17,,-0.24810807064916157,0.0,0.0
546,battery,2030,23,18,18,,-0.24810807064916157,0.0,0.0
547,battery,2030,23,19,19,,-0.24810807064916157,0.0,0.0
548,battery,2030,23,20,20,,-0.24810807064916157,0.0,0.0
549,battery,2030,23,21,21,,-0.24810807064916157,0.0,0.0
550,battery,2030,23,22,22,,-0.24810807064916157,0.0,0.0
551,battery,2030,23,23,23,,-0.24810807064916157,0.0,0.0
552,battery,2030,23,24,24,,-0.24810807064916157,0.0,0.0
553,battery,2030,24,1,1,,-1.3236788979073444,0.0,0.0
554,battery,2030,24,2,2,,-1.1946202053613786,0.0,0.0
555,battery,2030,24,3,3,,-1.1946202053613784,0.0,0.0
556,battery,2030,24,4,4,,-1.1946202053613786,0.0,0.0
557,battery,2030,24,5,5,,-0.5047270367651823,0.0,0.0
558,battery,2030,24,6,6,,-0.5047270367651823,0.0,0.0
559,battery,2030,24,7,7,,-0.5047270367651823,-0.6898931685961963,0.0
560,battery,2030,24,8,8,,-1.1946202053613786,0.0,0.0
561,battery,2030,24,9,9,,-1.1946202053613786,0.0,0.0
562,battery,2030,24,10,10,,-1.1946202053613786,0.0,0.0
563,battery,2030,24,11,11,,-1.1946202053613786,0.0,0.0
564,battery,2030,24,12,12,,-1.1946202053613786,0.0,0.0
565,battery,2030,24,13,13,,-1.1946202053613784,0.0,0.0
566,battery,2030,24,14,14,,-1.1946202053613786,0.0,0.0
567,battery,2030,24,15,15,,-0.052947155916293794,0.0,0.0
568,battery,2030,24,16,16,,-0.052947155916293794,0.0,0.0
569,battery,2030,24,17,17,,-0.052947155916293794,-0.4517798808488886,0.0
570,battery,2030,24,18,18,,-0.5047270367651824,-0.6898931685961962,0.0
571,battery,2030,24,19,19,,-1.1946202053613786,0.0,0.0
572,battery,2030,24,20,20,,-1.1946202053613786,0.0,0.0
573,battery,2030,24,21,21,,-1.1946202053613786,0.0,0.0
574,battery,2030,24,22,22,,-1.1946202053613786,0.0,0.0
575,battery,2030,24,23,23,,-1.1946202053613786,0.0,0.0
576,battery,2030,24,24,24,,-1.1946202053613786,0.0,0.0
577,battery,2030,25,1,1,,-0.11775140224903481,0.0,0.0
578,battery,2030,25,2,2,,-0.10627064052975393,0.0,0.0
579,battery,2030,25,3,3,,-0.10627064052975393,0.0,0.0
580,battery,2030,25,4,4,,-0.10627064052975393,0.0,0.0
581,battery,2030,25,5,5,,-0.10627064052975393,0.0,0.0
582,battery,2030,25,6,6,,-0.10627064052975393,0.0,0.0
583,battery,2030,25,7,7,,-0.10627064052975393,0.0,0.0
584,battery,2030,25,8,8,,-0.10627064052975393,0.0,0.0
585,battery,2030,25,9,9,,-0.10627064052975393,0.0,0.0
586,battery,2030,25,10,10,,-0.10627064052975393,0.0,0.0
587,battery,2030,25,11,11,,-0.10627064052975393,0.0,0.0
588,battery,2030,25,12,12,,-0.10627064052975393,0.0,0.0
589,battery,2030,25,13,13,,-0.10627064052975393,0.0,0.0
590,battery,2030,25,14,14,,-0.10627064052975393,0.0,0.0
591,battery,2030,25,15,15,,-0.10627064052975393,0.0,0.0
592,battery,2030,25,16,16,,-0.10627064052975393,0.0,0.0
593,battery,2030,25,17,17,,-0.10627064052975393,0.0,0.0
594,battery,2030,25,18,18,,-0.10627064052975393,0.0,0.0
595,battery,2030,25,19,19,,-0.10627064052975393,0.0,0.0
596,battery,2030,25,20,20,,-0.10627064052975393,0.0,0.0
597,battery,2030,25,21,21,,-0.10627064052975393,0.0,0.0
598,battery,2030,25,22,22,,-0.10627064052975393,0.0,0.0
599,battery,2030,25,23,23,,-0.10627064052975393,0.0,0.0
600,battery,2030,25,24,24,,-0.10627064052975393,0.0,0.0
601,battery,2030,26,1,1,,-0.9006386050765727,0.0,0.0
602,battery,2030,26,2,2,,-0.812826341081607,0.0,0.0
603,battery,2030,26,3,3,,-0.812826341081607,0.0,0.0
604,battery,2030,26,4,4,,-0.812826341081607,0.0,0.0
605,battery,2030,26,5,5,,-0.812826341081607,0.0,0.0
606,battery,2030,26,6,6,,-0.812826341081607,0.0,0.0
607,battery,2030,26,7,7,,-0.812826341081607,0.0,0.0
608,battery,2030,26,8,8,,-0.812826341081607,0.0,0.0
609,battery,2030,26,9,9,,-0.812826341081607,0.0,0.0
610,battery,2030,26,10,10,,-0.812826341081607,0.0,0.0
611,battery,2030,26,11,11,,-0.812826341081607,0.0,0.0
612,battery,2030,26,12,12,,-0.812826341081607,0.0,0.0
613,battery,2030,26,13,13,,-0.812826341081607,0.0,0.0
614,battery,2030,26,14,14,,-0.812826341081607,0.0,0.0
615,battery,2030,26,15,15,,-0.812826341081607,0.0,0.0
616,battery,2030,26,16,16,,-0.812826341081607,0.0,0.0
617,battery,2030,26,17,17,,-0.812826341081607,0.0,0.0
618,battery,2030,26,18,18,,-0.812826341081607,0.0,0.0
619,battery,2030,26,19,19,,-0.812826341081607,0.0,0.0
620,battery,2030,26,20,20,,-0.812826341081607,0.0,0.0
621,battery,2030,26,21,21,,-0.812826341081607,0.0,0.0
622,battery,2030,26,22,22,,-0.812826341081607,0.0,0.0
623,battery,2030,26,23,23,,-0.812826341081607,0.0,0.0
624,battery,2030,26,24,24,,-0.812826341081607,0.0,0.0
625,battery,2030,27,1,1,,-0.06325167238933571,0.0,0.0
626,battery,2030,27,2,2,,-0.057084634331375485,0.0,0.0
627,battery,2030,27,3,3,,-0.057084634331375485,0.0,0.0
628,battery,2030,27,4,4,,-0.057084634331375485,0.0,0.0
629,battery,2030,27,5,5,,-0.057084634331375485,0.0,0.0
630,battery,2030,27,6,6,,-0.057084634331375485,0.0,0.0
631,battery,2030,27,7,7,,-0.002530066895573428,-0.05455456743580206,0.0
632,battery,2030,27,8,8,,-0.057084634331375485,0.0,0.0
633,battery,2030,27,9,9,,-0.057084634331375485,0.0,0.0
634,battery,2030,27,10,10,,-0.057084634331375485,0.0,0.0
635,battery,2030,27,11,11,,-0.057084634331375485,0.0,0.0
636,battery,2030,27,12,12,,-0.057084634331375485,0.0,0.0
637,battery,2030,27,13,13,,-0.057084634331375485,0.0,0.0
638,battery,2030,27,14,14,,-0.057084634331375485,0.0,0.0
639,battery,2030,27,15,15,,-0.057084634331375485,0.0,0.0
640,battery,2030,27,16,16,,-0.057084634331375485,0.0,0.0
641,battery,2030,27,17,17,,-0.057084634331375485,0.0,0.0
642,battery,2030,27,18,18,,-0.057084634331375485,0.0,0.0
643,battery,2030,27,19,19,,-0.057084634331375485,0.0,0.0
644,battery,2030,27,20,20,,-0.057084634331375485,0.0,0.0
645,battery,2030,27,21,21,,-0.057084634331375485,0.0,0.0
646,battery,2030,27,22,22,,-0.057084634331375485,0.0,0.0
647,battery,2030,27,23,23,,-0.057084634331375485,0.0,0.0
648,battery,2030,27,24,24,,-0.057084634331375485,0.0,0.0
649,battery,2030,28,1,1,,-1.270391569046841,0.0,0.0
650,battery,2030,28,2,2,,-1.1465283910647743,0.0,0.0
651,battery,2030,28,3,3,,-1.1465283910647743,0.0,0.0
652,battery,2030,28,4,4,,-1.1465283910647743,0.0,0.0
653,battery,2030,28,5,5,,-1.1465283910647743,0.0,0.0
654,battery,2030,28,6,6,,-0.632027925818751,0.0,0.0
655,battery,2030,28,7,7,,-0.632027925818751,-0.5145004652460233,0.0
656,battery,2030,28,8,8,,-1.1465283910647743,0.0,0.0
657,battery,2030,28,9,9,,-1.1465283910647743,0.0,0.0
658,battery,2030,28,10,10,,-1.1465283910647743,0.0,0.0
659,battery,2030,28,11,11,,-1.1465283910647743,0.0,0.0
660,battery,2030,28,12,12,,-1.1465283910647743,0.0,0.0
661,battery,2030,28,13,13,,-1.1465283910647743,0.0,0.0
662,battery,2030,28,14,14,,-1.1465283910647743,0.0,0.0
663,battery,2030,28,15,15,,-1.1465283910647743,0.0,0.0
664,battery,2030,28,16,16,,-1.1465283910647743,0.0,0.0
665,battery,2030,28,17,17,,-1.1465283910647743,0.0,0.0
666,battery,2030,28,18,18,,-1.1465283910647743,0.0,0.0
667,battery,2030,28,19,19,,-1.1465283910647743,0.0,0.0
668,battery,2030,28,20,20,,-1.1465283910647743,0.0,0.0
669,battery,2030,28,21,21,,-1.1465283910647743,0.0,0.0
670,battery,2030,28,22,22,,-1.1465283910647743,0.0,0.0
671,battery,2030,28,23,23,,-1.1465283910647743,0.0,0.0
672,battery,2030,28,24,24,,-1.1465283910647743,0.0,0.0
673,battery,2030,29,1,1,,-0.4106508432950944,0.0,0.0
674,battery,2030,29,2,2,,-0.4106508432950944,0.0,0.0
675,battery,2030,29,3,3,,-0.4106508432950944,0.0,0.0
676,battery,2030,29,4,4,,-0.4106508432950944,0.0,0.0
677,battery,2030,29,5,5,,-0.4106508432950944,0.0,0.0
678,battery,2030,29,6,6,,-0.4106508432950944,0.0,0.0
679,battery,2030,29,7,7,,-0.4106508432950944,0.0,0.0
680,battery,2030,29,8,8,,-0.4106508432950944,0.0,0.0
681,battery,2030,29,9,9,,-0.4106508432950944,0.0,0.0
682,battery,2030,29,10,10,,-0.4106508432950944,0.0,0.0
683,battery,2030,29,11,11,,-0.4106508432950944,0.0,0.0
684,battery,2030,29,12,12,,-0.4106508432950944,0.0,0.0
685,battery,2030,29,13,13,,-0.4106508432950944,0.0,0.0
686,battery,2030,29,14,14,,-0.4106508432950944,0.0,0.0
687,battery,2030,29,15,15,,-0.4106508432950944,0.0,0.0
688,battery,2030,29,16,16,,-0.4106508432950944,0.0,0.0
689,battery,2030,29,17,17,,-0.4106508432950944,0.0,0.0
690,battery,2030,29,18,18,,-0.04722396940939768,0.0,0.0
691,battery,2030,29,19,19,,-0.04261963239198141,0.0,0.0
692,battery,2030,29,20,20,,-0.04261963239198141,0.0,0.0
693,battery,2030,29,21,21,,-0.04261963239198141,0.0,0.0
694,battery,2030,29,22,22,,-0.04261963239198141,0.0,0.0
695,battery,2030,29,23,23,,-0.04261963239198141,0.0,0.0
696,battery,2030,29,24,24,,-0.04261963239198141,0.0,0.0
697,battery,2030,30,1,1,,-0.11919066372470782,0.0,0.0
698,battery,2030,30,2,2,,-0.10756957401154882,0.0,0.0
699,battery,2030,30,3,3,,-0.10756957401154882,0.0,0.0
700,battery,2030,30,4,4,,-0.10756957401154882,0.0,0.0
701,battery,2030,30,5,5,,-0.10756957401154882,0.0,0.0
702,battery,2030,30,6,6,,-0.10756957401154882,0.0,0.0
703,battery,2030,30,7,7,,-0.10756957401154882,0.0,0.0
704,battery,2030,30,8,8,,-0.10756957401154882,0.0,0.0
705,battery,2030,30,9,9,,-0.10756957401154882,0.0,0.0
706,battery,2030,30,10,10,,-0.10756957401154882,0.0,0.0
707,battery,2030,30,11,11,,-0.10756957401154882,-0.04302782960461954,0.0
708,battery,2030,30,12,12,,-0.15059740361616836,-0.2873068679871355,0.0
709,battery,2030,30,13,13,,-0.43790427160330386,0.0,0.0
710,battery,2030,30,14,14,,-0.43790427160330386,-0.5985555428423859,0.0
711,battery,2030,30,15,15,,-1.0364598144456898,0.0,0.0
712,battery,2030,30,16,16,,-1.0364598144456898,0.0,0.0
713,battery,2030,30,17,17,,-1.0364598144456898,0.0,0.0
714,battery,2030,30,18,18,,-1.0364598144456898,0.0,0.0
715,battery,2030,30,19,19,,-1.0364598144456896,0.0,0.0
716,battery,2030,30,20,20,,-1.0364598144456898,0.0,0.0
717,battery,2030,30,21,21,,-1.0364598144456898,0.0,0.0
718,battery,2030,30,22,22,,-0.15059740361616836,0.0,0.0
719,battery,2030,30,23,23,,-0.10756957401154882,0.0,0.0
720,battery,2030,30,24,24,,-0.10756957401154882,0.0,0.0
721,battery,2030,31,1,1,,-0.025494643369725664,0.0,0.0
722,battery,2030,31,2,2,,-0.023008915641177415,0.0,0.0
723,battery,2030,31,3,3,,-0.023008915641177415,0.0,0.0
724,battery,2030,31,4,4,,-0.023008915641177415,0.0,0.0
725,battery,2030,31,5,5,,-0.023008915641177415,0.0,0.0
726,battery,2030,31,6,6,,-0.023008915641177415,-0.19868775514317413,0.0
727,battery,2030,31,7,7,,-0.22169667078435154,0.0,0.0
728,battery,2030,31,8,8,,-0.22169667078435154,0.0,0.0
729,battery,2030,31,9,9,,-0.22169667078435154,0.0,0.0
730,battery,2030,31,10,10,,-0.22169667078435154,0.0,0.0
731,battery,2030,31,11,11,,-0.22169667078435154,0.0,0.0
732,battery,2030,31,12,12,,-0.2216966707843515,0.0,0.0
733,battery,2030,31,13,13,,-0.2216966707843515,0.0,0.0
734,battery,2030,31,14,14,,-0.22169667078435154,0.0,0.0
735,battery,2030,31,15,15,,-0.03221248189764838,0.0,0.0
736,battery,2030,31,16,16,,-0.025494643369725664,0.0,0.0
737,battery,2030,31,17,17,,-0.023008915641177415,0.0,0.0
738,battery,2030,31,18,18,,-0.023008915641177415,0.0,0.0
739,battery,2030,31,19,19,,-0.023008915641177415,0.0,0.0
740,battery,2030,31,20,20,,-0.023008915641177415,0.0,0.0
741,battery,2030,31,21,21,,-0.023008915641177415,0.0,0.0
742,battery,2030,31,22,22,,-0.023008915641177415,0.0,0.0
743,battery,2030,31,23,23,,-0.023008915641177415,0.0,0.0
744,battery,2030,31,24,24,,-0.023008915641177415,0.0,0.0
745,battery,2030,32,1,1,,-0.12996563357803506,0.0,0.0
746,battery,2030,32,2,2,,-0.11729398430417667,0.0,0.0
747,battery,2030,32,3,3,,-0.11729398430417667,0.0,0.0
748,battery,2030,32,4,4,,-0.11729398430417667,0.0,0.0
749,battery,2030,32,5,5,,-0.11729398430417667,0.0,0.0
750,battery,2030,32,6,6,,-0.11729398430417667,0.0,0.0
751,battery,2030,32,7,7,,-0.11729398430417667,0.0,0.0
752,battery,2030,32,8,8,,-0.11729398430417667,0.0,0.0
753,battery,2030,32,9,9,,-0.11729398430417667,0.0,0.0
754,battery,2030,32,10,10,,-0.11729398430417667,0.0,0.0
755,battery,2030,32,11,11,,-0.11729398430417667,0.0,0.0
756,battery,2030,32,12,12,,-0.11729398430417667,0.0,0.0
757,battery,2030,32,13,13,,-0.11729398430417667,0.0,0.0
758,battery,2030,32,14,14,,-0.11729398430417667,0.0,0.0
759,battery,2030,32,15,15,,-0.11729398430417667,0.0,0.0
760,battery,2030,32,16,16,,-0.11729398430417667,0.0,0.0
761,battery,2030,32,17,17,,-0.11729398430417667,0.0,0.0
762,battery,2030,32,18,18,,-0.11729398430417667,0.0,0.0
763,battery,2030,32,19,19,,-0.11729398430417667,0.0,0.0
764,battery,2030,32,20,20,,-0.11729398430417667,0.0,0.0
765,battery,2030,32,21,21,,-0.11729398430417667,0.0,0.0
766,battery,2030,32,22,22,,-0.11729398430417667,0.0,0.0
767,battery,2030,32,23,23,,-0.11729398430417667,0.0,0.0
768,battery,2030,32,24,24,,-0.11729398430417667,0.0,0.0
769,battery,2030,33,1,1,,-0.09990600845371576,0.0,0.0
770,battery,2030,33,2,2,,-0.09016517262947848,0.0,0.0
771,battery,2030,33,3,3,,-0.09016517262947848,0.0,0.0
772,battery,2030,33,4,4,,-0.09016517262947848,0.0,0.0
773,battery,2030,33,5,5,,-0.09016517262947848,0.0,0.0
774,battery,2030,33,6,6,,-0.09016517262947848,0.0,0.0
775,battery,2030,33,7,7,,-0.09016517262947848,-0.27688763581669906,0.0
776,battery,2030,33,8,8,,-0.36705280844617755,0.0,0.0
777,battery,2030,33,9,9,,-0.36705280844617755,-0.5017112352134137,0.0
778,battery,2030,33,10,10,,-0.8687640436595913,0.0,0.0
779,battery,2030,33,11,11,,-0.8687640436595913,0.0,0.0
780,battery,2030,33,12,12,,-0.8687640436595913,0.0,0.0
781,battery,2030,33,13,13,,-0.8687640436595913,0.0,0.0
782,battery,2030,33,14,14,,-0.8687640436595913,0.0,0.0
783,battery,2030,33,15,15,,-0.8687640436595913,0.0,0.0
784,battery,2030,33,16,16,,-0.8687640436595913,0.0,0.0
785,battery,2030,33,17,17,,-0.8687640436595913,0.0,0.0
786,battery,2030,33,18,18,,-0.8687640436595913,0.0,0.0
787,battery,2030,33,19,19,,-0.8687640436595913,0.0,0.0
788,battery,2030,33,20,20,,-0.8687640436595913,0.0,0.0
789,battery,2030,33,21,21,,-0.8687640436595913,0.0,0.0
790,battery,2030,33,22,22,,-0.8687640436595913,0.0,0.0
791,battery,2030,33,23,23,,-0.8687640436595913,0.0,0.0
792,battery,2030,33,24,24,,-0.8687640436595913,0.0,0.0
793,battery,2030,34,1,1,,-0.08357270922702474,0.0,0.0
794,battery,2030,34,2,2,,-0.07542437007738984,0.0,0.0
795,battery,2030,34,3,3,,-0.07542437007738984,0.0,0.0
796,battery,2030,34,4,4,,-0.07542437007738984,0.0,0.0
797,battery,2030,34,5,5,,-0.07542437007738984,0.0,0.0
798,battery,2030,34,6,6,,-0.07542437007738984,0.0,0.0
799,battery,2030,34,7,7,,-0.07542437007738984,0.0,0.0
800,battery,2030,34,8,8,,-0.07542437007738984,0.0,0.0
801,battery,2030,34,9,9,,-0.07542437007738984,0.0,0.0
802,battery,2030,34,10,10,,-0.07542437007738984,0.0,0.0
803,battery,2030,34,11,11,,-0.07542437007738984,0.0,0.0
804,battery,2030,34,12,12,,-0.07542437007738984,0.0,0.0
805,battery,2030,34,13,13,,-0.07542437007738984,0.0,0.0
806,battery,2030,34,14,14,,-0.07542437007738984,0.0,0.0
807,battery,2030,34,15,15,,-0.07542437007738984,0.0,0.0
808,battery,2030,34,16,16,,-0.07542437007738984,0.0,0.0
809,battery,2030,34,17,17,,-0.07542437007738984,-0.030169748030955942,0.0
810,battery,2030,34,18,18,,-0.10559411810834578,0.0,0.0
811,battery,2030,34,19,19,,-0.10559411810834578,0.0,0.0
812,battery,2030,34,20,20,,-0.10559411810834578,0.0,0.0
813,battery,2030,34,21,21,,-0.07542437007738984,0.0,0.0
814,battery,2030,34,22,22,,-0.07542437007738984,0.0,0.0
815,battery,2030,34,23,23,,-0.07542437007738984,0.0,0.0
816,battery,2030,34,24,24,,-0.07542437007738984,0.0,0.0
817,battery,2030,35,1,1,,-0.05509527924250463,0.0,0.0
818,battery,2030,35,2,2,,-0.05509527924250463,0.0,0.0
819,battery,2030,35,3,3,,-0.05509527924250463,0.0,0.0
820,battery,2030,35,4,4,,-0.05509527924250463,0.0,0.0
821,battery,2030,35,5,5,,-0.05509527924250463,0.0,0.0
822,battery,2030,35,6,6,,-0.05509527924250463,0.0,0.0
823,battery,2030,35,7,7,,-0.05509527924250463,-0.07530774855040567,0.0
824,battery,2030,35,8,8,,-0.1304030277929103,0.0,0.0
825,battery,2030,35,9,9,,-0.1304030277929103,0.0,0.0
826,battery,2030,35,10,10,,-0.1304030277929103,0.0,0.0
827,battery,2030,35,11,11,,-0.1304030277929103,0.0,0.0
828,battery,2030,35,12,12,,-0.1304030277929103,0.0,0.0
829,battery,2030,35,13,13,,-0.13040302779291035,0.0,0.0
830,battery,2030,35,14,14,,-0.014996069522156026,0.0,0.0
831,battery,2030,35,15,15,,-0.014996069522156026,0.0,0.0
832,battery,2030,35,16,16,,-0.013533952743745815,0.0,0.0
833,battery,2030,35,17,17,,-0.013533952743745815,0.0,0.0
834,battery,2030,35,18,18,,-0.013533952743745815,0.0,0.0
835,battery,2030,35,19,19,,-0.013533952743745815,0.0,0.0
836,battery,2030,35,20,20,,-0.013533952743745815,0.0,0.0
837,battery,2030,35,21,21,,-0.013533952743745815,0.0,0.0
838,battery,2030,35,22,22,,-0.013533952743745815,0.0,0.0
839,battery,2030,35,23,23,,-0.013533952743745815,0.0,0.0
840,battery,2030,35,24,24,,-0.013533952743745815,0.0,0.0
841,battery,2030,36,1,1,,-0.06459220526321476,0.0,0.0
842,battery,2030,36,2,2,,-0.05829446525005133,0.0,0.0
843,battery,2030,36,3,3,,-0.05829446525005133,0.0,0.0
844,battery,2030,36,4,4,,-0.05829446525005133,0.0,0.0
845,battery,2030,36,5,5,,-0.05829446525005133,0.0,0.0
846,battery,2030,36,6,6,,-0.05829446525005133,0.0,0.0
847,battery,2030,36,7,7,,-0.05829446525005133,0.0,0.0
848,battery,2030,36,8,8,,-0.05829446525005133,0.0,0.0
849,battery,2030,36,9,9,,-0.05829446525005133,0.0,0.0
850,battery,2030,36,10,10,,-0.05829446525005133,0.0,0.0
851,battery,2030,36,11,11,,-0.05829446525005133,0.0,0.0
852,battery,2030,36,12,12,,-0.05829446525005133,0.0,0.0
853,battery,2030,36,13,13,,-0.05829446525005133,0.0,0.0
854,battery,2030,36,14,14,,-0.05829446525005133,0.0,0.0
855,battery,2030,36,15,15,,-0.05829446525005133,0.0,0.0
856,battery,2030,36,16,16,,-0.05829446525005133,0.0,0.0
857,battery,2030,36,17,17,,-0.05829446525005133,0.0,0.0
858,battery,2030,36,18,18,,-0.05829446525005133,0.0,0.0
859,battery,2030,36,19,19,,-0.05829446525005133,0.0,0.0
860,battery,2030,36,20,20,,-0.05829446525005133,0.0,0.0
861,battery,2030,36,21,21,,-0.05829446525005133,0.0,0.0
862,battery,2030,36,22,22,,-0.05829446525005133,0.0,0.0
863,battery,2030,36,23,23,,-0.05829446525005133,0.0,0.0
864,battery,2030,36,24,24,,-0.05829446525005133,0.0,0.0
865,battery,2030,37,1,1,,-0.08009873193428015,0.0,0.0
866,battery,2030,37,2,2,,-0.07228910557068785,0.0,0.0
867,battery,2030,37,3,3,,-0.07228910557068785,0.0,0.0
868,battery,2030,37,4,4,,-0.07228910557068785,0.0,0.0
869,battery,2030,37,5,5,,-0.07228910557068785,0.0,0.0
870,battery,2030,37,6,6,,-0.07228910557068785,-0.6242345502559679,0.0
871,battery,2030,37,7,7,,-0.6965236558266557,0.0,0.0
872,battery,2030,37,8,8,,-0.6965236558266557,0.0,0.0
873,battery,2030,37,9,9,,-0.6965236558266557,0.0,0.0
874,battery,2030,37,10,10,,-0.6965236558266557,0.0,0.0
875,battery,2030,37,11,11,,-0.6965236558266557,0.0,0.0
876,battery,2030,37,12,12,,-0.6965236558266557,0.0,0.0
877,battery,2030,37,13,13,,-0.6965236558266557,0.0,0.0
878,battery,2030,37,14,14,,-0.6965236558266557,0.0,0.0
879,battery,2030,37,15,15,,-0.6965236558266557,0.0,0.0
880,battery,2030,37,16,16,,-0.6965236558266558,0.0,0.0
881,battery,2030,37,17,17,,-0.6965236558266557,0.0,0.0
882,battery,2030,37,18,18,,-0.6965236558266557,0.0,0.0
883,battery,2030,37,19,19,,-0.6965236558266557,0.0,0.0
884,battery,2030,37,20,20,,-0.6965236558266557,0.0,0.0
885,battery,2030,37,21,21,,-0.07228910557068785,0.0,0.0
886,battery,2030,37,22,22,,-0.07228910557068785,0.0,0.0
887,battery,2030,37,23,23,,-0.07228910557068785,0.0,0.0
888,battery,2030,37,24,24,,-0.07228910557068785,0.0,0.0
889,battery,2030,38,1,1,,-0.21044906051159543,0.0,0.0
890,battery,2030,38,2,2,,-0.18993027711171492,0.0,0.0
891,battery,2030,38,3,3,,-0.0889147280661491,0.0,0.0
892,battery,2030,38,4,4,,-0.0889147280661491,0.0,0.0
893,battery,2030,38,5,5,,-0.0889147280661491,0.0,0.0
894,battery,2030,38,6,6,,-0.0889147280661491,0.0,0.0
895,battery,2030,38,7,7,,-0.0889147280661491,-0.10101554904556583,0.0
896,battery,2030,38,8,8,,-0.18993027711171492,0.0,0.0
897,battery,2030,38,9,9,,-0.18993027711171492,0.0,0.0
898,battery,2030,38,10,10,,-0.18993027711171492,0.0,0.0
899,battery,2030,38,11,11,,-0.18993027711171492,0.0,0.0
900,battery,2030,38,12,12,,-0.1899302771117149,0.0,0.0
901,battery,2030,38,13,13,,-0.1899302771117149,0.0,0.0
902,battery,2030,38,14,14,,-0.03057820637595871,0.0,0.0
903,battery,2030,38,15,15,,-0.027596831254302737,0.0,0.0
904,battery,2030,38,16,16,,-0.02184157598282765,0.0,0.0
905,battery,2030,38,17,17,,-0.01971202232450196,0.0,0.0
906,battery,2030,38,18,18,,-0.01971202232450196,0.0,0.0
907,battery,2030,38,19,19,,-0.01971202232450196,0.0,0.0
908,battery,2030,38,20,20,,-0.01971202232450196,0.0,0.0
909,battery,2030,38,21,21,,-0.01971202232450196,0.0,0.0
910,battery,2030,38,22,22,,-0.01971202232450196,0.0,0.0
911,battery,2030,38,23,23,,-0.01971202232450196,0.0,0.0
912,battery,2030,38,24,24,,-0.01971202232450196,0.0,0.0
913,battery,2030,39,1,1,,-0.05784015736478199,0.0,0.0
914,battery,2030,39,2,2,,-0.052200742021715756,0.0,0.0
915,battery,2030,39,3,3,,-0.052200742021715756,0.0,0.0
916,battery,2030,39,4,4,,-0.052200742021715756,0.0,0.0
917,battery,2030,39,5,5,,-0.052200742021715756,0.0,0.0
918,battery,2030,39,6,6,,-0.052200742021715756,0.0,0.0
919,battery,2030,39,7,7,,-0.052200742021715756,0.0,0.0
920,battery,2030,39,8,8,,-0.052200742021715756,0.0,0.0
921,battery,2030,39,9,9,,-0.052200742021715756,0.0,0.0
922,battery,2030,39,10,10,,-0.052200742021715756,0.0,0.0
923,battery,2030,39,11,11,,-0.052200742021715756,0.0,0.0
924,battery,2030,39,12,12,,-0.052200742021715756,0.0,0.0
925,battery,2030,39,13,13,,-0.052200742021715756,0.0,0.0
926,battery,2030,39,14,14,,-0.052200742021715756,0.0,0.0
927,battery,2030,39,15,15,,-0.052200742021715756,0.0,0.0
928,battery,2030,39,16,16,,-0.052200742021715756,0.0,0.0
929,battery,2030,39,17,17,,-0.052200742021715756,0.0,0.0
930,battery,2030,39,18,18,,-0.052200742021715756,0.0,0.0
931,battery,2030,39,19,19,,-0.052200742021715756,0.0,0.0
932,battery,2030,39,20,20,,-0.052200742021715756,0.0,0.0
933,battery,2030,39,21,21,,-0.052200742021715756,0.0,0.0
934,battery,2030,39,22,22,,-0.052200742021715756,0.0,0.0
935,battery,2030,39,23,23,,-0.052200742021715756,0.0,0.0
936,battery,2030,39,24,24,,-0.052200742021715756,0.0,0.0
937,battery,2030,40,1,1,,-0.3608469750534887,0.0,0.0
938,battery,2030,40,2,2,,-0.32566439498577365,0.0,0.0
939,battery,2030,40,3,3,,-0.32566439498577365,0.0,0.0
940,battery,2030,40,4,4,,-0.32566439498577365,0.0,0.0
941,battery,2030,40,5,5,,-0.32566439498577365,0.0,0.0
942,battery,2030,40,6,6,,-0.32566439498577365,0.0,0.0
943,battery,2030,40,7,7,,-0.32566439498577365,0.0,0.0
944,battery,2030,40,8,8,,-0.32566439498577365,0.0,0.0
945,battery,2030,40,9,9,,-0.32566439498577365,0.0,0.0
946,battery,2030,40,10,10,,-0.32566439498577365,0.0,0.0
947,battery,2030,40,11,11,,-0.32566439498577365,0.0,0.0
948,battery,2030,40,12,12,,-0.32566439498577365,0.0,0.0
949,battery,2030,40,13,13,,-0.32566439498577365,0.0,0.0
950,battery,2030,40,14,14,,-0.32566439498577365,0.0,0.0
951,battery,2030,40,15,15,,-0.32566439498577365,0.0,0.0
952,battery,2030,40,16,16,,-0.04731897141744682,0.0,0.0
953,battery,2030,40,17,17,,-0.03745070947166349,0.0,0.0
954,battery,2030,40,18,18,,-0.033799265298176305,0.0,0.0
955,battery,2030,40,19,19,,-0.033799265298176305,0.0,0.0
956,battery,2030,40,20,20,,-0.033799265298176305,0.0,0.0
957,battery,2030,40,21,21,,-0.033799265298176305,0.0,0.0
958,battery,2030,40,22,22,,-0.033799265298176305,0.0,0.0
959,battery,2030,40,23,23,,-0.033799265298176305,0.0,0.0
960,battery,2030,40,24,24,,-0.033799265298176305,0.0,0.0
961,battery,2030,41,1,1,,-0.03856170302702076,0.0,0.0
962,battery,2030,41,2,2,,-0.03480193698188624,0.0,0.0
963,battery,2030,41,3,3,,-0.03480193698188624,0.0,0.0
964,battery,2030,41,4,4,,-0.03480193698188624,0.0,0.0
965,battery,2030,41,5,5,,-0.03480193698188624,0.0,0.0
966,battery,2030,41,6,6,,-0.03480193698188624,0.0,0.0
967,battery,2030,41,7,7,,-0.03480193698188624,0.0,0.0
968,battery,2030,41,8,8,,-0.03480193698188624,0.0,0.0
969,battery,2030,41,9,9,,-0.03480193698188624,0.0,0.0
970,battery,2030,41,10,10,,-0.03480193698188624,0.0,0.0
971,battery,2030,41,11,11,,-0.03480193698188624,0.0,0.0
972,battery,2030,41,12,12,,-0.03480193698188624,0.0,0.0
973,battery,2030,41,13,13,,-0.03480193698188624,0.0,0.0
974,battery,2030,41,14,14,,-0.03480193698188624,0.0,0.0
975,battery,2030,41,15,15,,-0.03480193698188624,0.0,0.0
976,battery,2030,41,16,16,,-0.03480193698188624,0.0,0.0
977,battery,2030,41,17,17,,-0.03480193698188624,0.0,0.0
978,battery,2030,41,18,18,,-0.03480193698188624,0.0,0.0
979,battery,2030,41,19,19,,-0.03480193698188624,0.0,0.0
980,battery,2030,41,20,20,,-0.03480193698188624,0.0,0.0
981,battery,2030,41,21,21,,-0.03480193698188624,0.0,0.0
982,battery,2030,41,22,22,,-0.03480193698188624,0.0,0.0
983,battery,2030,41,23,23,,-0.03480193698188624,0.0,0.0
984,battery,2030,41,24,24,,-0.03480193698188624,0.0,0.0
985,battery,2030,42,1,1,,-0.020363613297496183,0.0,0.0
986,battery,2030,42,2,2,,-0.020363613297496183,0.0,0.0
987,battery,2030,42,3,3,,-0.018378161000990306,0.0,0.0
988,battery,2030,42,4,4,,-0.018378161000990306,0.0,0.0
989,battery,2030,42,5,5,,-0.018378161000990306,0.0,0.0
990,battery,2030,42,6,6,,-0.018378161000990306,0.0,0.0
991,battery,2030,42,7,7,,-0.018378161000990306,0.0,0.0
992,battery,2030,42,8,8,,-0.018378161000990306,0.0,0.0
993,battery,2030,42,9,9,,-0.018378161000990306,0.0,0.0
994,battery,2030,42,10,10,,-0.018378161000990306,0.0,0.0
995,battery,2030,42,11,11,,-0.018378161000990306,0.0,0.0
996,battery,2030,42,12,12,,-0.018378161000990306,0.0,0.0
997,battery,2030,42,13,13,,-0.018378161000990306,0.0,0.0
998,battery,2030,42,14,14,,-0.018378161000990306,0.0,0.0
999,battery,2030,42,15,15,,-0.018378161000990306,0.0,0.0
1000,battery,2030,42,16,16,,-0.018378161000990306,0.0,0.0
1001,battery,2030,42,17,17,,-0.018378161000990306,0.0,0.0
1002,battery,2030,42,18,18,,-0.018378161000990306,0.0,0.0
1003,battery,2030,42,19,19,,-0.018378161000990306,0.0,0.0
1004,battery,2030,42,20,20,,-0.018378161000990306,0.0,0.0
1005,battery,2030,42,21,21,,-0.018378161000990306,0.0,0.0
1006,battery,2030,42,22,22,,-0.0007351264400396124,0.0,0.0
1007,battery,2030,42,23,23,,-0.0007351264400396124,0.0,0.0
1008,battery,2030,42,24,24,,0.0,0.0,0.0
1009,battery,2030,43,1,1,,-0.0843973976069287,0.0,0.0
1010,battery,2030,43,2,2,,-0.07616865134025316,0.0,0.0
1011,battery,2030,43,3,3,,-0.07616865134025316,0.0,0.0
1012,battery,2030,43,4,4,,-0.07616865134025316,0.0,0.0
1013,battery,2030,43,5,5,,-0.07616865134025316,0.0,0.0
1014,battery,2030,43,6,6,,-0.07616865134025316,0.0,0.0
1015,battery,2030,43,7,7,,-0.07616865134025316,0.0,0.0
1016,battery,2030,43,8,8,,-0.07616865134025316,0.0,0.0
1017,battery,2030,43,9,9,,-0.07616865134025316,0.0,0.0
1018,battery,2030,43,10,10,,-0.07616865134025316,0.0,0.0
1019,battery,2030,43,11,11,,-0.07616865134025316,0.0,0.0
1020,battery,2030,43,12,12,,-0.07616865134025316,0.0,0.0
1021,battery,2030,43,13,13,,-0.07616865134025316,-0.03046746053610125,0.0
1022,battery,2030,43,14,14,,-0.10663611187635441,0.0,0.0
1023,battery,2030,43,15,15,,-0.10663611187635441,-0.15066334594703923,0.0
1024,battery,2030,43,16,16,,-0.25729945782339364,-0.05277500412974728,0.0
1025,battery,2030,43,17,17,,-0.3100744619531409,-0.42382959000695586,0.0
1026,battery,2030,43,18,18,,-0.7339040519600968,0.0,0.0
1027,battery,2030,43,19,19,,-0.7339040519600968,0.0,0.0
1028,battery,2030,43,20,20,,-0.7339040519600968,0.0,0.0
1029,battery,2030,43,21,21,,-0.7339040519600968,0.0,0.0
1030,battery,2030,43,22,22,,-0.7339040519600968,0.0,0.0
1031,battery,2030,43,23,23,,-0.07616865134025316,0.0,0.0
1032,battery,2030,43,24,24,,-0.07616865134025316,0.0,0.0
1033,battery,2030,44,1,1,,-0.11277971306326125,0.0,0.0
1034,battery,2030,44,2,2,,-0.1017836910395933,0.0,0.0
1035,battery,2030,44,3,3,,-0.1017836910395933,0.0,0.0
1036,battery,2030,44,4,4,,-0.1017836910395933,0.0,0.0
1037,battery,2030,44,5,5,,-0.1017836910395933,0.0,0.0
1038,battery,2030,44,6,6,,-0.1017836910395933,-0.04071347641583732,0.0
1039,battery,2030,44,7,7,,-0.14249716745543062,0.0,0.0
1040,battery,2030,44,8,8,,-0.14249716745543062,-0.8382142139726322,0.0
1041,battery,2030,44,9,9,,-0.9807113814280628,0.0,0.0
1042,battery,2030,44,10,10,,-0.9807113814280628,0.0,0.0
1043,battery,2030,44,11,11,,-0.9807113814280628,0.0,0.0
1044,battery,2030,44,12,12,,-0.41435055865335657,0.0,0.0
1045,battery,2030,44,13,13,,-0.14249716745543062,0.0,0.0
1046,battery,2030,44,14,14,,-0.14249716745543062,0.0,0.0
1047,battery,2030,44,15,15,,-0.1017836910395933,0.0,0.0
1048,battery,2030,44,16,16,,-0.1017836910395933,0.0,0.0
1049,battery,2030,44,17,17,,-0.1017836910395933,0.0,0.0
1050,battery,2030,44,18,18,,-0.1017836910395933,0.0,0.0
1051,battery,2030,44,19,19,,-0.1017836910395933,0.0,0.0
1052,battery,2030,44,20,20,,-0.1017836910395933,0.0,0.0
1053,battery,2030,44,21,21,,-0.1017836910395933,0.0,0.0
1054,battery,2030,44,22,22,,-0.1017836910395933,0.0,0.0
1055,battery,2030,44,23,23,,-0.1017836910395933,0.0,0.0
1056,battery,2030,44,24,24,,-0.1017836910395933,0.0,0.0
1057,battery,2030,45,1,1,,-0.07872096806853468,0.0,0.0
1058,battery,2030,45,2,2,,-0.07104567368185255,0.0,0.0
1059,battery,2030,45,3,3,,-0.07104567368185255,0.0,0.0
1060,battery,2030,45,4,4,,-0.07104567368185255,0.0,0.0
1061,battery,2030,45,5,5,,-0.07104567368185255,0.0,0.0
1062,battery,2030,45,6,6,,-0.07104567368185255,0.0,0.0
1063,battery,2030,45,7,7,,-0.07104567368185255,0.0,0.0
1064,battery,2030,45,8,8,,-0.07104567368185255,0.0,0.0
1065,battery,2030,45,9,9,,-0.07104567368185255,0.0,0.0
1066,battery,2030,45,10,10,,-0.07104567368185255,0.0,0.0
1067,battery,2030,45,11,11,,-0.07104567368185255,0.0,0.0
1068,battery,2030,45,12,12,,-0.07104567368185255,0.0,0.0
1069,battery,2030,45,13,13,,-0.07104567368185255,0.0,0.0
1070,battery,2030,45,14,14,,-0.07104567368185255,0.0,0.0
1071,battery,2030,45,15,15,,-0.07104567368185255,0.0,0.0
1072,battery,2030,45,16,16,,-0.07104567368185255,0.0,0.0
1073,battery,2030,45,17,17,,-0.07104567368185255,0.0,0.0
1074,battery,2030,45,18,18,,-0.003148838722741387,0.0,0.0
1075,battery,2030,45,19,19,,-0.003148838722741387,0.0,0.0
1076,battery,2030,45,20,20,,-0.003148838722741387,-0.06789683495911117,0.0
1077,battery,2030,45,21,21,,-0.07104567368185255,0.0,0.0
1078,battery,2030,45,22,22,,-0.07104567368185255,0.0,0.0
1079,battery,2030,45,23,23,,-0.07104567368185255,0.0,0.0
1080,battery,2030,45,24,24,,-0.07104567368185255,0.0,0.0
1081,battery,2030,46,1,1,,-0.06521435521120088,0.0,0.0
1082,battery,2030,46,2,2,,-0.058855955578108805,0.0,0.0
1083,battery,2030,46,3,3,,-0.058855955578108805,0.0,0.0
1084,battery,2030,46,4,4,,-0.058855955578108805,0.0,0.0
1085,battery,2030,46,5,5,,-0.058855955578108805,0.0,0.0
1086,battery,2030,46,6,6,,-0.058855955578108805,0.0,0.0
1087,battery,2030,46,7,7,,-0.058855955578108805,-0.023542382231243518,0.0
1088,battery,2030,46,8,8,,-0.08239833780935232,0.0,0.0
1089,battery,2030,46,9,9,,-0.08239833780935232,-0.48469355000421466,0.0
1090,battery,2030,46,10,10,,-0.567091887813567,0.0,0.0
1091,battery,2030,46,11,11,,-0.567091887813567,0.0,0.0
1092,battery,2030,46,12,12,,-0.2395963226012321,0.0,0.0
1093,battery,2030,46,13,13,,-0.2395963226012321,0.0,0.0
1094,battery,2030,46,14,14,,-0.06521435521120088,0.0,0.0
1095,battery,2030,46,15,15,,-0.06521435521120088,0.0,0.0
1096,battery,2030,46,16,16,,-0.06521435521120088,0.0,0.0
1097,battery,2030,46,17,17,,-0.06521435521120088,0.0,0.0
1098,battery,2030,46,18,18,,-0.06521435521120088,0.0,0.0
1099,battery,2030,46,19,19,,-0.06387111493548239,0.0,0.0
1100,battery,2030,46,20,20,,-0.06387111493548239,0.0,0.0
1101,battery,2030,46,21,21,,-0.058855955578108805,0.0,0.0
1102,battery,2030,46,22,22,,-0.058855955578108805,0.0,0.0
1103,battery,2030,46,23,23,,-0.058855955578108805,0.0,0.0
1104,battery,2030,46,24,24,,-0.058855955578108805,0.0,0.0
1105,battery,2030,47,1,1,,-0.13021434314974273,0.0,0.0
1106,battery,2030,47,2,2,,-0.11751844469264283,0.0,0.0
1107,battery,2030,47,3,3,,-0.11751844469264283,0.0,0.0
1108,battery,2030,47,4,4,,-0.11751844469264283,0.0,0.0
1109,battery,2030,47,5,5,,-0.11751844469264283,0.0,0.0
1110,battery,2030,47,6,6,,-0.11751844469264283,-1.014801233053833,0.0
1111,battery,2030,47,7,7,,-1.1323196777464757,0.0,0.0
1112,battery,2030,47,8,8,,-1.1323196777464757,0.0,0.0
1113,battery,2030,47,9,9,,-1.1323196777464757,0.0,0.0
1114,battery,2030,47,10,10,,-1.1323196777464757,0.0,0.0
1115,battery,2030,47,11,11,,-1.1323196777464757,0.0,0.0
1116,battery,2030,47,12,12,,-1.1323196777464757,0.0,0.0
1117,battery,2030,47,13,13,,-1.1323196777464757,0.0,0.0
1118,battery,2030,47,14,14,,-1.1323196777464757,0.0,0.0
1119,battery,2030,47,15,15,,-1.1323196777464757,0.0,0.0
1120,battery,2030,47,16,16,,-1.1323196777464757,0.0,0.0
1121,battery,2030,47,17,17,,-1.1323196777464757,0.0,0.0
1122,battery,2030,47,18,18,,-1.1323196777464757,0.0,0.0
1123,battery,2030,47,19,19,,-1.1323196777464757,0.0,0.0
1124,battery,2030,47,20,20,,-1.1323196777464757,0.0,0.0
1125,battery,2030,47,21,21,,-1.1323196777464757,0.0,0.0
1126,battery,2030,47,22,22,,-1.1323196777464757,0.0,0.0
1127,battery,2030,47,23,23,,-1.1323196777464757,0.0,0.0
1128,battery,2030,47,24,24,,-0.478405063847886,0.0,0.0
1129,battery,2030,48,1,1,,-0.05458149832965597,0.0,0.0
1130,battery,2030,48,2,2,,-0.049259802242514514,0.0,0.0
1131,battery,2030,48,3,3,,-0.049259802242514514,0.0,0.0
1132,battery,2030,48,4,4,,-0.049259802242514514,0.0,0.0
1133,battery,2030,48,5,5,,-0.049259802242514514,0.0,0.0
1134,battery,2030,48,6,6,,-0.049259802242514514,0.0,0.0
1135,battery,2030,48,7,7,,-0.049259802242514514,0.0,0.0
1136,battery,2030,48,8,8,,-0.049259802242514514,0.0,0.0
1137,battery,2030,48,9,9,,-0.049259802242514514,0.0,0.0
1138,battery,2030,48,10,10,,-0.049259802242514514,0.0,0.0
1139,battery,2030,48,11,11,,-0.049259802242514514,0.0,0.0
1140,battery,2030,48,12,12,,-0.049259802242514514,0.0,0.0
1141,battery,2030,48,13,13,,-0.049259802242514514,0.0,0.0
1142,battery,2030,48,14,14,,-0.049259802242514514,0.0,0.0
1143,battery,2030,48,15,15,,-0.049259802242514514,0.0,0.0
1144,battery,2030,48,16,16,,-0.049259802242514514,0.0,0.0
1145,battery,2030,48,17,17,,-0.049259802242514514,0.0,0.0
1146,battery,2030,48,18,18,,-0.049259802242514514,0.0,0.0
1147,battery,2030,48,19,19,,-0.049259802242514514,0.0,0.0
1148,battery,2030,48,20,20,,-0.049259802242514514,0.0,0.0
1149,battery,2030,48,21,21,,-0.049259802242514514,0.0,0.0
1150,battery,2030,48,22,22,,-0.049259802242514514,0.0,0.0
1151,battery,2030,48,23,23,,-0.049259802242514514,0.0,0.0
1152,battery,2030,48,24,24,,-0.049259802242514514,0.0,0.0
1153,battery,2030,49,1,1,,-0.10077107462803783,0.0,0.0
1154,battery,2030,49,2,2,,-0.09094589485180414,0.0,0.0
1155,battery,2030,49,3,3,,-0.09094589485180414,0.0,0.0
1156,battery,2030,49,4,4,,-0.09094589485180414,0.0,0.0
1157,battery,2030,49,5,5,,-0.09094589485180414,0.0,0.0
1158,battery,2030,49,6,6,,-0.09094589485180414,0.0,0.0
1159,battery,2030,49,7,7,,-0.09094589485180414,0.0,0.0
1160,battery,2030,49,8,8,,-0.09094589485180414,0.0,0.0
1161,battery,2030,49,9,9,,-0.09094589485180414,0.0,0.0
1162,battery,2030,49,10,10,,-0.09094589485180414,0.0,0.0
1163,battery,2030,49,11,11,,-0.09094589485180414,0.0,0.0
1164,battery,2030,49,12,12,,-0.09094589485180414,0.0,0.0
1165,battery,2030,49,13,13,,-0.09094589485180414,0.0,0.0
1166,battery,2030,49,14,14,,-0.09094589485180414,0.0,0.0
1167,battery,2030,49,15,15,,-0.09094589485180414,0.0,0.0
1168,battery,2030,49,16,16,,-0.09094589485180414,0.0,0.0
1169,battery,2030,49,17,17,,-0.09094589485180414,0.0,0.0
1170,battery,2030,49,18,18,,-0.09094589485180414,0.0,0.0
1171,battery,2030,49,19,19,,-0.09094589485180414,0.0,0.0
1172,battery,2030,49,20,20,,-0.09094589485180414,0.0,0.0
1173,battery,2030,49,21,21,,-0.09094589485180414,0.0,0.0
1174,battery,2030,49,22,22,,-0.09094589485180414,0.0,0.0
1175,battery,2030,49,23,23,,-0.09094589485180414,0.0,0.0
1176,battery,2030,49,24,24,,-0.09094589485180414,0.0,0.0
1177,battery,2030,50,1,1,,-0.18267253680583648,0.0,0.0
1178,battery,2030,50,2,2,,-0.16486196446726745,0.0,0.0
1179,battery,2030,50,3,3,,-0.16486196446726745,0.0,0.0
1180,battery,2030,50,4,4,,-0.16486196446726745,0.0,0.0
1181,battery,2030,50,5,5,,-0.16486196446726745,0.0,0.0
1182,battery,2030,50,6,6,,-0.16486196446726745,0.0,0.0
1183,battery,2030,50,7,7,,-0.16486196446726745,0.0,0.0
1184,battery,2030,50,8,8,,-0.16486196446726745,0.0,0.0
1185,battery,2030,50,9,9,,-0.16486196446726745,0.0,0.0
1186,battery,2030,50,10,10,,-0.16486196446726745,0.0,0.0
1187,battery,2030,50,11,11,,-0.16486196446726745,0.0,0.0
1188,battery,2030,50,12,12,,-0.16486196446726745,0.0,0.0
1189,battery,2030,50,13,13,,-0.16486196446726745,0.0,0.0
1190,battery,2030,50,14,14,,-0.16486196446726745,0.0,0.0
1191,battery,2030,50,15,15,,-0.16486196446726745,0.0,0.0
1192,battery,2030,50,16,16,,-0.16486196446726745,0.0,0.0
1193,battery,2030,50,17,17,,-0.16486196446726745,0.0,0.0
1194,battery,2030,50,18,18,,-0.16486196446726745,0.0,0.0
1195,battery,2030,50,19,19,,-0.16486196446726745,0.0,0.0
1196,battery,2030,50,20,20,,-0.16486196446726745,0.0,0.0
1197,battery,2030,50,21,21,,-0.16486196446726745,0.0,0.0
1198,battery,2030,50,22,22,,-0.16486196446726745,0.0,0.0
1199,battery,2030,50,23,23,,-0.16486196446726745,0.0,0.0
1200,battery,2030,50,24,24,,-0.1648619644672675,0.0,0.0
1201,battery,2030,51,1,1,,-0.01214535832526722,0.0,0.0
1202,battery,2030,51,2,2,,-0.01214535832526722,0.0,0.0
1203,battery,2030,51,3,3,,-0.010961185888553666,0.0,0.0
1204,battery,2030,51,4,4,,-0.010961185888553666,0.0,0.0
1205,battery,2030,51,5,5,,-0.010961185888553666,0.0,0.0
1206,battery,2030,51,6,6,,-0.010961185888553666,0.0,0.0
1207,battery,2030,51,7,7,,-0.010961185888553666,0.0,0.0
1208,battery,2030,51,8,8,,-0.010961185888553666,0.0,0.0
1209,battery,2030,51,9,9,,-0.010961185888553666,0.0,0.0
1210,battery,2030,51,10,10,,-0.010961185888553666,0.0,0.0
1211,battery,2030,51,11,11,,-0.010961185888553666,0.0,0.0
1212,battery,2030,51,12,12,,-0.010961185888553666,0.0,0.0
1213,battery,2030,51,13,13,,-0.010961185888553666,0.0,0.0
1214,battery,2030,51,14,14,,-0.010961185888553666,0.0,0.0
1215,battery,2030,51,15,15,,-0.010961185888553672,0.0,0.0
1216,battery,2030,51,16,16,,-0.010961185888553672,0.0,0.0
1217,battery,2030,51,17,17,,-0.010961185888553672,0.0,0.0
1218,battery,2030,51,18,18,,-0.010961185888553672,0.0,0.0
1219,battery,2030,51,19,19,,-0.010961185888553672,0.0,0.0
1220,battery,2030,51,20,20,,-0.010961185888553672,0.0,0.0
1221,battery,2030,51,21,21,,-0.010961185888553672,0.0,0.0
1222,battery,2030,51,22,22,,-0.004631101037913934,0.0,0.0
1223,battery,2030,51,23,23,,-0.004631101037913934,0.0,0.0
1224,battery,2030,51,24,24,,0.0,0.0,0.0
1225,battery,2030,52,1,1,,-0.05482519451259897,0.0,0.0
1226,battery,2030,52,2,2,,-0.049479738047620576,0.0,0.0
1227,battery,2030,52,3,3,,-0.049479738047620576,0.0,0.0
1228,battery,2030,52,4,4,,-0.049479738047620576,0.0,0.0
1229,battery,2030,52,5,5,,-0.049479738047620576,0.0,0.0
1230,battery,2030,52,6,6,,-0.049479738047620576,0.0,0.0
1231,battery,2030,52,7,7,,-0.049479738047620576,0.0,0.0
1232,battery,2030,52,8,8,,-0.04947973804762055,0.0,0.0
1233,battery,2030,52,9,9,,-0.04947973804762055,0.0,0.0
1234,battery,2030,52,10,10,,-0.04947973804762055,0.0,0.0
1235,battery,2030,52,11,11,,-0.04947973804762055,0.0,0.0
1236,battery,2030,52,12,12,,-0.04947973804762055,0.0,0.0
1237,battery,2030,52,13,13,,-0.04947973804762055,0.0,0.0
1238,battery,2030,52,14,14,,-0.04947973804762055,0.0,0.0
1239,battery,2030,52,15,15,,-0.04947973804762055,0.0,0.0
1240,battery,2030,52,16,16,,-0.04947973804762055,0.0,0.0
1241,battery,2030,52,17,17,,-0.04947973804762055,0.0,0.0
1242,battery,2030,52,18,18,,-0.04947973804762055,0.0,0.0
1243,battery,2030,52,19,19,,-0.049479738047620576,0.0,0.0
1244,battery,2030,52,20,20,,-0.04947973804762055,0.0,0.0
1245,battery,2030,52,21,21,,-0.04947973804762055,0.0,0.0
1246,battery,2030,52,22,22,,-0.04947973804762055,0.0,0.0
1247,battery,2030,52,23,23,,-0.04947973804762055,0.0,0.0
1248,battery,2030,52,24,24,,-0.04947973804762055,0.0,0.0
1249,battery,2030,53,1,1,,-0.04371661704792439,0.0,0.0
1250,battery,2030,53,2,2,,-0.03945424688575177,0.0,0.0
1251,battery,2030,53,3,3,,-0.03945424688575177,0.0,0.0
1252,battery,2030,53,4,4,,-0.03945424688575177,0.0,0.0
1253,battery,2030,53,5,5,,-0.03945424688575177,0.0,0.0
1254,battery,2030,53,6,6,,-0.03945424688575177,0.0,0.0
1255,battery,2030,53,7,7,,-0.03945424688575177,0.0,0.0
1256,battery,2030,53,8,8,,-0.03945424688575177,0.0,0.0
1257,battery,2030,53,9,9,,-0.03945424688575177,0.0,0.0
1258,battery,2030,53,10,10,,-0.03945424688575177,0.0,0.0
1259,battery,2030,53,11,11,,-0.03945424688575177,0.0,0.0
1260,battery,2030,53,12,12,,-0.03945424688575177,0.0,0.0
1261,battery,2030,53,13,13,,-0.03945424688575177,0.0,0.0
1262,battery,2030,53,14,14,,-0.03945424688575177,0.0,0.0
1263,battery,2030,53,15,15,,-0.03945424688575177,0.0,0.0
1264,battery,2030,53,16,16,,-0.03945424688575177,0.0,0.0
1265,battery,2030,53,17,17,,-0.03945424688575177,0.0,0.0
1266,battery,2030,53,18,18,,-0.03945424688575177,0.0,0.0
1267,battery,2030,53,19,19,,-0.03945424688575177,0.0,0.0
1268,battery,2030,53,20,20,,-0.03945424688575177,0.0,0.0
1269,battery,2030,53,21,21,,-0.03945424688575177,0.0,0.0
1270,battery,2030,53,22,22,,-0.03945424688575177,0.0,0.0
1271,battery,2030,53,23,23,,-0.03945424688575177,0.0,0.0
1272,battery,2030,53,24,24,,-0.03945424688575177,0.0,0.0
1273,battery,2030,54,1,1,,-0.041767110474178575,0.0,0.0
1274,battery,2030,54,2,2,,-0.03769481720294617,0.0,0.0
1275,battery,2030,54,3,3,,-0.03769481720294617,0.0,0.0
1276,battery,2030,54,4,4,,-0.03769481720294617,0.0,0.0
1277,battery,2030,54,5,5,,-0.03769481720294617,0.0,0.0
1278,battery,2030,54,6,6,,-0.03769481720294617,0.0,0.0
1279,battery,2030,54,7,7,,-0.03769481720294617,0.0,0.0
1280,battery,2030,54,8,8,,-0.03769481720294616,0.0,0.0
1281,battery,2030,54,9,9,,-0.03769481720294616,0.0,0.0
1282,battery,2030,54,10,10,,-0.03769481720294616,0.0,0.0
1283,battery,2030,54,11,11,,-0.03769481720294617,0.0,0.0
1284,battery,2030,54,12,12,,-0.03769481720294616,0.0,0.0
1285,battery,2030,54,13,13,,-0.03769481720294616,0.0,0.0
1286,battery,2030,54,14,14,,-0.03769481720294616,0.0,0.0
1287,battery,2030,54,15,15,,-0.03769481720294616,0.0,0.0
1288,battery,2030,54,16,16,,-0.03769481720294616,0.0,0.0
1289,battery,2030,54,17,17,,-0.03769481720294616,0.0,0.0
1290,battery,2030,54,18,18,,-0.03769481720294617,0.0,0.0
1291,battery,2030,54,19,19,,-0.03769481720294617,0.0,0.0
1292,battery,2030,54,20,20,,-0.03769481720294617,0.0,0.0
1293,battery,2030,54,21,21,,-0.03769481720294617,0.0,0.0
1294,battery,2030,54,22,22,,-0.03769481720294617,0.0,0.0
1295,battery,2030,54,23,23,,-0.03769481720294617,0.0,0.0
1296,battery,2030,54,24,24,,-0.03769481720294617,0.0,0.0
1297,battery,2030,55,1,1,,-0.049869243298405114,0.0,0.0
1298,battery,2030,55,2,2,,-0.045006992076810616,0.0,0.0
1299,battery,2030,55,3,3,,-0.045006992076810616,0.0,0.0
1300,battery,2030,55,4,4,,-0.045006992076810616,0.0,0.0
1301,battery,2030,55,5,5,,-0.045006992076810616,0.0,0.0
1302,battery,2030,55,6,6,,-0.045006992076810616,0.0,0.0
1303,battery,2030,55,7,7,,-0.045006992076810616,0.0,0.0
1304,battery,2030,55,8,8,,-0.045006992076810616,0.0,0.0
1305,battery,2030,55,9,9,,-0.045006992076810616,0.0,0.0
1306,battery,2030,55,10,10,,-0.045006992076810616,0.0,0.0
1307,battery,2030,55,11,11,,-0.045006992076810616,0.0,0.0
1308,battery,2030,55,12,12,,-0.045006992076810616,0.0,0.0
1309,battery,2030,55,13,13,,-0.045006992076810616,0.0,0.0
1310,battery,2030,55,14,14,,-0.045006992076810616,0.0,0.0
1311,battery,2030,55,15,15,,-0.045006992076810616,0.0,0.0
1312,battery,2030,55,16,16,,-0.045006992076810616,0.0,0.0
1313,battery,2030,55,17,17,,-0.045006992076810616,0.0,0.0
1314,battery,2030,55,18,18,,-0.045006992076810616,0.0,0.0
1315,battery,2030,55,19,19,,-0.045006992076810616,0.0,0.0
1316,battery,2030,55,20,20,,-0.045006992076810616,0.0,0.0
1317,battery,2030,55,21,21,,-0.045006992076810616,0.0,0.0
1318,battery,2030,55,22,22,,-0.045006992076810616,0.0,0.0
1319,battery,2030,55,23,23,,-0.045006992076810616,0.0,0.0
1320,battery,2030,55,24,24,,-0.045006992076810616,0.0,0.0
1321,battery,2030,56,1,1,,-0.11985062882264173,0.0,0.0
1322,battery,2030,56,2,2,,-0.10816519251243417,0.0,0.0
1323,battery,2030,56,3,3,,-0.10816519251243417,0.0,0.0
1324,battery,2030,56,4,4,,-0.10816519251243417,0.0,0.0
1325,battery,2030,56,5,5,,-0.10816519251243417,0.0,0.0
1326,battery,2030,56,6,6,,-0.10816519251243417,0.0,0.0
1327,battery,2030,56,7,7,,-0.10816519251243417,0.0,0.0
1328,battery,2030,56,8,8,,-0.10816519251243417,0.0,0.0
1329,battery,2030,56,9,9,,-0.1081651925124341,0.0,0.0
1330,battery,2030,56,10,10,,-0.1081651925124341,0.0,0.0
1331,battery,2030,56,11,11,,-0.1081651925124341,0.0,0.0
1332,battery,2030,56,12,12,,-0.1081651925124341,0.0,0.0
1333,battery,2030,56,13,13,,-0.1081651925124341,0.0,0.0
1334,battery,2030,56,14,14,,-0.1081651925124341,0.0,0.0
1335,battery,2030,56,15,15,,-0.1081651925124341,0.0,0.0
1336,battery,2030,56,16,16,,-0.1081651925124341,0.0,0.0
1337,battery,2030,56,17,17,,-0.1081651925124341,0.0,0.0
1338,battery,2030,56,18,18,,-0.1081651925124341,0.0,0.0
1339,battery,2030,56,19,19,,-0.1081651925124341,0.0,0.0
1340,battery,2030,56,20,20,,-0.1081651925124341,0.0,0.0
1341,battery,2030,56,21,21,,-0.1081651925124341,0.0,0.0
1342,battery,2030,56,22,22,,-0.1081651925124341,0.0,0.0
1343,battery,2030,56,23,23,,-0.1081651925124341,0.0,0.0
1344,battery,2030,56,24,24,,-0.1081651925124341,0.0,0.0
1345,battery,2030,57,1,1,,-0.05045474338611545,0.0,0.0
1346,battery,2030,57,2,2,,-0.045535405905969197,0.0,0.0
1347,battery,2030,57,3,3,,-0.045535405905969197,0.0,0.0
1348,battery,2030,57,4,4,,-0.045535405905969197,0.0,0.0
1349,battery,2030,57,5,5,,-0.045535405905969197,0.0,0.0
1350,battery,2030,57,6,6,,-0.045535405905969197,0.0,0.0
1351,battery,2030,57,7,7,,-0.045535405905969197,0.0,0.0
1352,battery,2030,57,8,8,,-0.045535405905969176,0.0,0.0
1353,battery,2030,57,9,9,,-0.045535405905969176,0.0,0.0
1354,battery,2030,57,10,10,,-0.045535405905969176,0.0,0.0
1355,battery,2030,57,11,11,,-0.045535405905969197,0.0,0.0
1356,battery,2030,57,12,12,,-0.045535405905969197,0.0,0.0
1357,battery,2030,57,13,13,,-0.045535405905969197,0.0,0.0
1358,battery,2030,57,14,14,,-0.045535405905969197,0.0,0.0
1359,battery,2030,57,15,15,,-0.045535405905969197,0.0,0.0
1360,battery,2030,57,16,16,,-0.045535405905969197,0.0,0.0
1361,battery,2030,57,17,17,,-0.045535405905969197,0.0,0.0
1362,battery,2030,57,18,18,,-0.045535405905969197,0.0,0.0
1363,battery,2030,57,19,19,,-0.045535405905969197,0.0,0.0
1364,battery,2030,57,20,20,,-0.045535405905969197,0.0,0.0
1365,battery,2030,57,21,21,,-0.045535405905969197,0.0,0.0
1366,battery,2030,57,22,22,,-0.045535405905969197,0.0,0.0
1367,battery,2030,57,23,23,,-0.045535405905969197,0.0,0.0
1368,battery,2030,57,24,24,,-0.045535405905969197,0.0,0.0
1369,battery,2030,58,1,1,,-0.08981957193269671,0.0,0.0
1370,battery,2030,58,2,2,,-0.0810621636692588,0.0,0.0
1371,battery,2030,58,3,3,,-0.0810621636692588,0.0,0.0
1372,battery,2030,58,4,4,,-0.0810621636692588,0.0,0.0
1373,battery,2030,58,5,5,,-0.0810621636692588,0.0,0.0
1374,battery,2030,58,6,6,,-0.0810621636692588,0.0,0.0
1375,battery,2030,58,7,7,,-0.0810621636692588,0.0,0.0
1376,battery,2030,58,8,8,,-0.0810621636692588,0.0,0.0
1377,battery,2030,58,9,9,,-0.0810621636692588,0.0,0.0
1378,battery,2030,58,10,10,,-0.0810621636692588,0.0,0.0
1379,battery,2030,58,11,11,,-0.0810621636692588,0.0,0.0
1380,battery,2030,58,12,12,,-0.0810621636692588,0.0,0.0
1381,battery,2030,58,13,13,,-0.0810621636692588,0.0,0.0
1382,battery,2030,58,14,14,,-0.0810621636692588,0.0,0.0
1383,battery,2030,58,15,15,,-0.0810621636692588,0.0,0.0
1384,battery,2030,58,16,16,,-0.0810621636692588,0.0,0.0
1385,battery,2030,58,17,17,,-0.0810621636692588,0.0,0.0
1386,battery,2030,58,18,18,,-0.0810621636692588,0.0,0.0
1387,battery,2030,58,19,19,,-0.0810621636692588,0.0,0.0
1388,battery,2030,58,20,20,,-0.0810621636692588,0.0,0.0
1389,battery,2030,58,21,21,,-0.0810621636692588,0.0,0.0
1390,battery,2030,58,22,22,,-0.0810621636692588,0.0,0.0
1391,battery,2030,58,23,23,,-0.08106216366925874,0.0,0.0
1392,battery,2030,58,24,24,,-0.0810621636692588,0.0,0.0
1393,battery,2030,59,1,1,,-0.05996536357899388,0.0,0.0
1394,battery,2030,59,2,2,,-0.05411874063004198,0.0,0.0
1395,battery,2030,59,3,3,,-0.05411874063004198,0.0,0.0
1396,battery,2030,59,4,4,,-0.05411874063004198,0.0,0.0
1397,battery,2030,59,5,5,,-0.05411874063004198,0.0,0.0
1398,battery,2030,59,6,6,,-0.05411874063004198,0.0,0.0
1399,battery,2030,59,7,7,,-0.05411874063004198,0.0,0.0
1400,battery,2030,59,8,8,,-0.05411874063004198,0.0,0.0
1401,battery,2030,59,9,9,,-0.05411874063004198,0.0,0.0
1402,battery,2030,59,10,10,,-0.05411874063004198,0.0,0.0
1403,battery,2030,59,11,11,,-0.05411874063004198,0.0,0.0
1404,battery,2030,59,12,12,,-0.05411874063004198,0.0,0.0
1405,battery,2030,59,13,13,,-0.05411874063004198,0.0,0.0
1406,battery,2030,59,14,14,,-0.05411874063004198,0.0,0.0
1407,battery,2030,59,15,15,,-0.05411874063004198,0.0,0.0
1408,battery,2030,59,16,16,,-0.05411874063004198,0.0,0.0
1409,battery,2030,59,17,17,,-0.05411874063004198,0.0,0.0
1410,battery,2030,59,18,18,,-0.05411874063004198,0.0,0.0
1411,battery,2030,59,19,19,,-0.054118740630041975,0.0,0.0
1412,battery,2030,59,20,20,,-0.054118740630041975,0.0,0.0
1413,battery,2030,59,21,21,,-0.054118740630041975,0.0,0.0
1414,battery,2030,59,22,22,,-0.054118740630041975,0.0,0.0
1415,battery,2030,59,23,23,,-0.054118740630041975,0.0,0.0
1416,battery,2030,59,24,24,,-0.054118740630041975,0.0,0.0
1417,battery,2030,60,1,1,,-0.05940933904517031,0.0,0.0
1418,battery,2030,60,2,2,,-0.05361692848826623,0.0,0.0
1419,battery,2030,60,3,3,,-0.05361692848826623,0.0,0.0
1420,battery,2030,60,4,4,,-0.05361692848826623,0.0,0.0
1421,battery,2030,60,5,5,,-0.05361692848826623,0.0,0.0
1422,battery,2030,60,6,6,,-0.05361692848826623,0.0,0.0
1423,battery,2030,60,7,7,,-0.05361692848826623,0.0,0.0
1424,battery,2030,60,8,8,,-0.05361692848826623,0.0,0.0
1425,battery,2030,60,9,9,,-0.05361692848826623,0.0,0.0
1426,battery,2030,60,10,10,,-0.05361692848826623,0.0,0.0
1427,battery,2030,60,11,11,,-0.05361692848826623,0.0,0.0
1428,battery,2030,60,12,12,,-0.05361692848826623,0.0,0.0
1429,battery,2030,60,13,13,,-0.05361692848826623,0.0,0.0
1430,battery,2030,60,14,14,,-0.05361692848826623,0.0,0.0
1431,battery,2030,60,15,15,,-0.05361692848826623,0.0,0.0
1432,battery,2030,60,16,16,,-0.05361692848826623,0.0,0.0
1433,battery,2030,60,17,17,,-0.05361692848826623,0.0,0.0
1434,battery,2030,60,18,18,,-0.05361692848826623,0.0,0.0
1435,battery,2030,60,19,19,,-0.05361692848826623,0.0,0.0
1436,battery,2030,60,20,20,,-0.05361692848826623,0.0,0.0
1437,battery,2030,60,21,21,,-0.05361692848826623,0.0,0.0
1438,battery,2030,60,22,22,,-0.05361692848826623,0.0,0.0
1439,battery,2030,60,23,23,,-0.05361692848826623,0.0,0.0
1440,battery,2030,60,24,24,,-0.05361692848826623,0.0,0.0
1441,battery,2030,61,1,1,,-0.03333330990393992,0.0,0.0
1442,battery,2030,61,2,2,,-0.030083312188305792,0.0,0.0
1443,battery,2030,61,3,3,,-0.030083312188305792,0.0,0.0
1444,battery,2030,61,4,4,,-0.030083312188305792,0.0,0.0
1445,battery,2030,61,5,5,,-0.030083312188305792,0.0,0.0
1446,battery,2030,61,6,6,,-0.030083312188305792,0.0,0.0
1447,battery,2030,61,7,7,,-0.030083312188305792,0.0,0.0
1448,battery,2030,61,8,8,,-0.030083312188305792,0.0,0.0
1449,battery,2030,61,9,9,,-0.030083312188305785,0.0,0.0
1450,battery,2030,61,10,10,,-0.030083312188305785,0.0,0.0
1451,battery,2030,61,11,11,,-0.030083312188305785,0.0,0.0
1452,battery,2030,61,12,12,,-0.030083312188305785,0.0,0.0
1453,battery,2030,61,13,13,,-0.030083312188305785,0.0,0.0
1454,battery,2030,61,14,14,,-0.030083312188305785,0.0,0.0
1455,battery,2030,61,15,15,,-0.030083312188305785,0.0,0.0
1456,battery,2030,61,16,16,,-0.030083312188305785,0.0,0.0
1457,battery,2030,61,17,17,,-0.030083312188305785,0.0,0.0
1458,battery,2030,61,18,18,,-0.030083312188305785,0.0,0.0
1459,battery,2030,61,19,19,,-0.030083312188305785,0.0,0.0
1460,battery,2030,61,20,20,,-0.030083312188305785,0.0,0.0
1461,battery,2030,61,21,21,,-0.030083312188305785,0.0,0.0
1462,battery,2030,61,22,22,,-0.030083312188305785,0.0,0.0
1463,battery,2030,61,23,23,,-0.030083312188305785,0.0,0.0
1464,battery,2030,61,24,24,,-0.030083312188305785,0.0,0.0
1465,battery,2030,62,1,1,,-0.09305665737951895,0.0,0.0
1466,battery,2030,62,2,2,,-0.08398363328501586,0.0,0.0
1467,battery,2030,62,3,3,,-0.08398363328501586,0.0,0.0
1468,battery,2030,62,4,4,,-0.08398363328501586,0.0,0.0
1469,battery,2030,62,5,5,,-0.08398363328501586,0.0,0.0
1470,battery,2030,62,6,6,,-0.08398363328501586,0.0,0.0
1471,battery,2030,62,7,7,,-0.08398363328501586,0.0,0.0
1472,battery,2030,62,8,8,,-0.08398363328501586,0.0,0.0
1473,battery,2030,62,9,9,,-0.08398363328501586,0.0,0.0
1474,battery,2030,62,10,10,,-0.08398363328501586,0.0,0.0
1475,battery,2030,62,11,11,,-0.08398363328501586,0.0,0.0
1476,battery,2030,62,12,12,,-0.08398363328501582,0.0,0.0
1477,battery,2030,62,13,13,,-0.08398363328501586,0.0,0.0
1478,battery,2030,62,14,14,,-0.08398363328501586,0.0,0.0
1479,battery,2030,62,15,15,,-0.08398363328501586,0.0,0.0
1480,battery,2030,62,16,16,,-0.08398363328501582,0.0,0.0
1481,battery,2030,62,17,17,,-0.08398363328501582,0.0,0.0
1482,battery,2030,62,18,18,,-0.08398363328501582,0.0,0.0
1483,battery,2030,62,19,19,,-0.08398363328501582,0.0,0.0
1484,battery,2030,62,20,20,,-0.08398363328501586,0.0,0.0
1485,battery,2030,62,21,21,,-0.08398363328501582,0.0,0.0
1486,battery,2030,62,22,22,,-0.08398363328501582,0.0,0.0
1487,battery,2030,62,23,23,,-0.08398363328501582,0.0,0.0
1488,battery,2030,62,24,24,,-0.08398363328501582,0.0,0.0
1489,battery,2030,63,1,1,,-0.05853049402547711,0.0,0.0
1490,battery,2030,63,2,2,,-0.05282377085799313,0.0,0.0
1491,battery,2030,63,3,3,,-0.05282377085799313,0.0,0.0
1492,battery,2030,63,4,4,,-0.05282377085799313,0.0,0.0
1493,battery,2030,63,5,5,,-0.05282377085799313,0.0,0.0
1494,battery,2030,63,6,6,,-0.05282377085799313,0.0,0.0
1495,battery,2030,63,7,7,,-0.05282377085799313,0.0,0.0
1496,battery,2030,63,8,8,,-0.05282377085799313,0.0,0.0
1497,battery,2030,63,9,9,,-0.05282377085799313,0.0,0.0
1498,battery,2030,63,10,10,,-0.05282377085799313,0.0,0.0
1499,battery,2030,63,11,11,,-0.05282377085799313,0.0,0.0
1500,battery,2030,63,12,12,,-0.05282377085799313,0.0,0.0
1501,battery,2030,63,13,13,,-0.05282377085799313,0.0,0.0
1502,battery,2030,63,14,14,,-0.05282377085799313,0.0,0.0
1503,battery,2030,63,15,15,,-0.05282377085799313,0.0,0.0
1504,battery,2030,63,16,16,,-0.05282377085799313,0.0,0.0
1505,battery,2030,63,17,17,,-0.05282377085799313,0.0,0.0
1506,battery,2030,63,18,18,,-0.05282377085799313,0.0,0.0
1507,battery,2030,63,19,19,,-0.05282377085799313,0.0,0.0
1508,battery,2030,63,20,20,,-0.05282377085799313,0.0,0.0
1509,battery,2030,63,21,21,,-0.05282377085799313,0.0,0.0
1510,battery,2030,63,22,22,,-0.05282377085799313,0.0,0.0
1511,battery,2030,63,23,23,,-0.05282377085799313,0.0,0.0
1512,battery,2030,63,24,24,,-0.05282377085799313,0.0,0.0
1513,battery,2030,64,1,1,,-0.07354395897317612,0.0,0.0
1514,battery,2030,64,2,2,,-0.06637342297329146,0.0,0.0
1515,battery,2030,64,3,3,,-0.06637342297329146,0.0,0.0
1516,battery,2030,64,4,4,,-0.06637342297329146,0.0,0.0
1517,battery,2030,64,5,5,,-0.06637342297329146,0.0,0.0
1518,battery,2030,64,6,6,,-0.06637342297329146,0.0,0.0
1519,battery,2030,64,7,7,,-0.06637342297329146,0.0,0.0
1520,battery,2030,64,8,8,,-0.06637342297329146,0.0,0.0
1521,battery,2030,64,9,9,,-0.06637342297329146,0.0,0.0
1522,battery,2030,64,10,10,,-0.06637342297329146,0.0,0.0
1523,battery,2030,64,11,11,,-0.06637342297329146,0.0,0.0
1524,battery,2030,64,12,12,,-0.06637342297329146,0.0,0.0
1525,battery,2030,64,13,13,,-0.06637342297329146,0.0,0.0
1526,battery,2030,64,14,14,,-0.06637342297329146,0.0,0.0
1527,battery,2030,64,15,15,,-0.06637342297329146,0.0,0.0
1528,battery,2030,64,16,16,,-0.06637342297329146,0.0,0.0
1529,battery,2030,64,17,17,,-0.06637342297329146,0.0,0.0
1530,battery,2030,64,18,18,,-0.06637342297329146,0.0,0.0
1531,battery,2030,64,19,19,,-0.06637342297329146,0.0,0.0
1532,battery,2030,64,20,20,,-0.06637342297329146,0.0,0.0
1533,battery,2030,64,21,21,,-0.06637342297329146,0.0,0.0
1534,battery,2030,64,22,22,,-0.06637342297329146,0.0,0.0
1535,battery,2030,64,23,23,,-0.06637342297329146,0.0,0.0
1536,battery,2030,64,24,24,,-0.06637342297329146,0.0,0.0
1537,battery,2030,65,1,1,,-0.002283575199858973,0.0,0.0
1538,battery,2030,65,2,2,,-0.002283575199858973,0.0,0.0
1539,battery,2030,65,3,3,,-0.002283575199858973,0.0,0.0
1540,battery,2030,65,4,4,,-0.002283575199858973,0.0,0.0
1541,battery,2030,65,5,5,,-0.002283575199858973,-0.0492395902469591,0.0
1542,battery,2030,65,6,6,,-0.05152316544681807,0.0,0.0
1543,battery,2030,65,7,7,,-0.05152316544681807,0.0,0.0
1544,battery,2030,65,8,8,,-0.05152316544681807,0.0,0.0
1545,battery,2030,65,9,9,,-0.05152316544681807,0.0,0.0
1546,battery,2030,65,10,10,,-0.05152316544681807,0.0,0.0
1547,battery,2030,65,11,11,,-0.05152316544681807,0.0,0.0
1548,battery,2030,65,12,12,,-0.05152316544681807,0.0,0.0
1549,battery,2030,65,13,13,,-0.05152316544681807,0.0,0.0
1550,battery,2030,65,14,14,,-0.05152316544681807,0.0,0.0
1551,battery,2030,65,15,15,,-0.05152316544681807,0.0,0.0
1552,battery,2030,65,16,16,,-0.05152316544681807,0.0,0.0
1553,battery,2030,65,17,17,,-0.051523165446818085,0.0,0.0
1554,battery,2030,65,18,18,,-0.05152316544681807,0.0,0.0
1555,battery,2030,65,19,19,,-0.051523165446818085,0.0,0.0
1556,battery,2030,65,20,20,,-0.051523165446818085,0.0,0.0
1557,battery,2030,65,21,21,,-0.051523165446818085,0.0,0.0
1558,battery,2030,65,22,22,,-0.051523165446818085,0.0,0.0
1559,battery,2030,65,23,23,,-0.051523165446818085,0.0,0.0
1560,battery,2030,65,24,24,,-0.051523165446818085,0.0,0.0
1561,battery,2030,66,1,1,,-0.18090697976598896,0.0,0.0
1562,battery,2030,66,2,2,,-0.16326854923880504,0.0,0.0
1563,battery,2030,66,3,3,,-0.16326854923880504,0.0,0.0
1564,battery,2030,66,4,4,,-0.16326854923880504,0.0,0.0
1565,battery,2030,66,5,5,,-0.16326854923880504,0.0,0.0
1566,battery,2030,66,6,6,,-0.16326854923880504,0.0,0.0
1567,battery,2030,66,7,7,,-0.16326854923880504,0.0,0.0
1568,battery,2030,66,8,8,,-0.16326854923880504,0.0,0.0
1569,battery,2030,66,9,9,,-0.16326854923880504,0.0,0.0
1570,battery,2030,66,10,10,,-0.16326854923880504,0.0,0.0
1571,battery,2030,66,11,11,,-0.16326854923880504,0.0,0.0
1572,battery,2030,66,12,12,,-0.16326854923880504,0.0,0.0
1573,battery,2030,66,13,13,,-0.16326854923880504,0.0,0.0
1574,battery,2030,66,14,14,,-0.16326854923880504,0.0,0.0
1575,battery,2030,66,15,15,,-0.16326854923880504,0.0,0.0
1576,battery,2030,66,16,16,,-0.16326854923880504,0.0,0.0
1577,battery,2030,66,17,17,,-0.16326854923880504,0.0,0.0
1578,battery,2030,66,18,18,,-0.16326854923880504,0.0,0.0
1579,battery,2030,66,19,19,,-0.16326854923880504,0.0,0.0
1580,battery,2030,66,20,20,,-0.16326854923880504,0.0,0.0
1581,battery,2030,66,21,21,,-0.16326854923880504,0.0,0.0
1582,battery,2030,66,22,22,,-0.16326854923880504,0.0,0.0
1583,battery,2030,66,23,23,,-0.16326854923880504,0.0,0.0
1584,battery,2030,66,24,24,,-0.16326854923880504,0.0,0.0
1585,battery,2030,67,1,1,,-0.045419838570374044,0.0,0.0
1586,battery,2030,67,2,2,,-0.04099140430976259,0.0,0.0
1587,battery,2030,67,3,3,,-0.04099140430976259,0.0,0.0
1588,battery,2030,67,4,4,,-0.01918988179598304,-0.021801522513779554,0.0
1589,battery,2030,67,5,5,,-0.04099140430976259,0.0,0.0
1590,battery,2030,67,6,6,,-0.04099140430976259,0.0,0.0
1591,battery,2030,67,7,7,,-0.04099140430976259,0.0,0.0
1592,battery,2030,67,8,8,,-0.04099140430976259,0.0,0.0
1593,battery,2030,67,9,9,,-0.04099140430976259,0.0,0.0
1594,battery,2030,67,10,10,,-0.04099140430976259,0.0,0.0
1595,battery,2030,67,11,11,,-0.04099140430976259,0.0,0.0
1596,battery,2030,67,12,12,,-0.04099140430976259,0.0,0.0
1597,battery,2030,67,13,13,,-0.04099140430976259,0.0,0.0
1598,battery,2030,67,14,14,,-0.04099140430976259,0.0,0.0
1599,battery,2030,67,15,15,,-0.04099140430976259,0.0,0.0
1600,battery,2030,67,16,16,,-0.04099140430976259,0.0,0.0
1601,battery,2030,67,17,17,,-0.04099140430976259,0.0,0.0
1602,battery,2030,67,18,18,,-0.04099140430976259,0.0,0.0
1603,battery,2030,67,19,19,,-0.04099140430976259,0.0,0.0
1604,battery,2030,67,20,20,,-0.04099140430976259,0.0,0.0
1605,battery,2030,67,21,21,,-0.04099140430976259,0.0,0.0
1606,battery,2030,67,22,22,,-0.04099140430976259,0.0,0.0
1607,battery,2030,67,23,23,,-0.04099140430976259,0.0,0.0
1608,battery,2030,67,24,24,,-0.04099140430976259,0.0,0.0
1609,battery,2030,68,1,1,,-0.04361286612065112,0.0,0.0
1610,battery,2030,68,2,2,,-0.03936061167388764,0.0,0.0
1611,battery,2030,68,3,3,,-0.03936061167388764,0.0,0.0
1612,battery,2030,68,4,4,,-0.03936061167388764,0.0,0.0
1613,battery,2030,68,5,5,,-0.03936061167388764,0.0,0.0
1614,battery,2030,68,6,6,,-0.03936061167388764,0.0,0.0
1615,battery,2030,68,7,7,,-0.03936061167388764,0.0,0.0
1616,battery,2030,68,8,8,,-0.03936061167388764,0.0,0.0
1617,battery,2030,68,9,9,,-0.03936061167388764,0.0,0.0
1618,battery,2030,68,10,10,,-0.03936061167388764,0.0,0.0
1619,battery,2030,68,11,11,,-0.03936061167388764,0.0,0.0
1620,battery,2030,68,12,12,,-0.03936061167388764,0.0,0.0
1621,battery,2030,68,13,13,,-0.03936061167388764,0.0,0.0
1622,battery,2030,68,14,14,,-0.03936061167388764,0.0,0.0
1623,battery,2030,68,15,15,,-0.03936061167388764,0.0,0.0
1624,battery,2030,68,16,16,,-0.03936061167388764,0.0,0.0
1625,battery,2030,68,17,17,,-0.03936061167388764,0.0,0.0
1626,battery,2030,68,18,18,,-0.03936061167388764,0.0,0.0
1627,battery,2030,68,19,19,,-0.016629858432217533,0.0,0.0
1628,battery,2030,68,20,20,,-0.0017445146448260445,0.0,0.0
1629,battery,2030,68,21,21,,-0.0017445146448260445,0.0,0.0
1630,battery,2030,68,22,22,,-0.0017445146448260445,0.0,0.0
1631,battery,2030,68,23,23,,-0.0015744244669555053,0.0,0.0
1632,battery,2030,68,24,24,,0.0,0.0,0.0
1633,battery,2030,69,1,1,,-0.08294503016723473,0.0,0.0
1634,battery,2030,69,2,2,,-0.07485788972592937,0.0,0.0
1635,battery,2030,69,3,3,,-0.07485788972592937,0.0,0.0
1636,battery,2030,69,4,4,,-0.07485788972592937,0.0,0.0
1637,battery,2030,69,5,5,,-0.07485788972592937,0.0,0.0
1638,battery,2030,69,6,6,,-0.07485788972592937,0.0,0.0
1639,battery,2030,69,7,7,,-0.07485788972592937,0.0,0.0
1640,battery,2030,69,8,8,,-0.07485788972592937,0.0,0.0
1641,battery,2030,69,9,9,,-0.07485788972592937,0.0,0.0
1642,battery,2030,69,10,10,,-0.07485788972592937,0.0,0.0
1643,battery,2030,69,11,11,,-0.07485788972592937,0.0,0.0
1644,battery,2030,69,12,12,,-0.07485788972592937,0.0,0.0
1645,battery,2030,69,13,13,,-0.07485788972592937,0.0,0.0
1646,battery,2030,69,14,14,,-0.07485788972592937,0.0,0.0
1647,battery,2030,69,15,15,,-0.07485788972592937,0.0,0.0
1648,battery,2030,69,16,16,,-0.07485788972592937,0.0,0.0
1649,battery,2030,69,17,17,,-0.07485788972592937,0.0,0.0
1650,battery,2030,69,18,18,,-0.07485788972592937,0.0,0.0
1651,battery,2030,69,19,19,,-0.07485788972592937,0.0,0.0
1652,battery,2030,69,20,20,,-0.07485788972592937,0.0,0.0
1653,battery,2030,69,21,21,,-0.07485788972592937,0.0,0.0
1654,battery,2030,69,22,22,,-0.07485788972592937,0.0,0.0
1655,battery,2030,69,23,23,,-0.07485788972592937,0.0,0.0
1656,battery,2030,69,24,24,,-0.07485788972592937,0.0,0.0
1657,battery,2030,70,1,1,,-0.04227809974233873,0.0,0.0
1658,battery,2030,70,2,2,,-0.03815598501746071,0.0,0.0
1659,battery,2030,70,3,3,,-0.03815598501746071,0.0,0.0
1660,battery,2030,70,4,4,,-0.03815598501746071,0.0,0.0
1661,battery,2030,70,5,5,,-0.03815598501746071,0.0,0.0
1662,battery,2030,70,6,6,,-0.03815598501746071,0.0,0.0
1663,battery,2030,70,7,7,,-0.03815598501746071,0.0,0.0
1664,battery,2030,70,8,8,,-0.03815598501746071,0.0,0.0
1665,battery,2030,70,9,9,,-0.03815598501746071,0.0,0.0
1666,battery,2030,70,10,10,,-0.03815598501746071,0.0,0.0
1667,battery,2030,70,11,11,,-0.03815598501746071,0.0,0.0
1668,battery,2030,70,12,12,,-0.03815598501746071,0.0,0.0
1669,battery,2030,70,13,13,,-0.038155985017460696,0.0,0.0
1670,battery,2030,70,14,14,,-0.038155985017460696,0.0,0.0
1671,battery,2030,70,15,15,,-0.038155985017460696,0.0,0.0
1672,battery,2030,70,16,16,,-0.038155985017460696,0.0,0.0
1673,battery,2030,70,17,17,,-0.038155985017460696,0.0,0.0
1674,battery,2030,70,18,18,,-0.038155985017460696,0.0,0.0
1675,battery,2030,70,19,19,,-0.038155985017460696,0.0,0.0
1676,battery,2030,70,20,20,,-0.03815598501746071,0.0,0.0
1677,battery,2030,70,21,21,,-0.03815598501746071,0.0,0.0
1678,battery,2030,70,22,22,,-0.03815598501746071,0.0,0.0
1679,battery,2030,70,23,23,,-0.03815598501746071,0.0,0.0
1680,battery,2030,70,24,24,,-0.0016911239896935494,0.0,0.0
1681,battery,2030,71,1,1,,-0.08397356620561382,0.0,0.0
1682,battery,2030,71,2,2,,-0.07578614350056648,0.0,0.0
1683,battery,2030,71,3,3,,-0.07578614350056648,0.0,0.0
1684,battery,2030,71,4,4,,-0.07578614350056648,0.0,0.0
1685,battery,2030,71,5,5,,-0.07578614350056648,0.0,0.0
1686,battery,2030,71,6,6,,-0.07578614350056648,0.0,0.0
1687,battery,2030,71,7,7,,-0.07578614350056648,0.0,0.0
1688,battery,2030,71,8,8,,-0.07578614350056648,0.0,0.0
1689,battery,2030,71,9,9,,-0.07578614350056648,0.0,0.0
1690,battery,2030,71,10,10,,-0.07578614350056648,0.0,0.0
1691,battery,2030,71,11,11,,-0.07578614350056648,0.0,0.0
1692,battery,2030,71,12,12,,-0.07578614350056648,0.0,0.0
1693,battery,2030,71,13,13,,-0.07578614350056648,0.0,0.0
1694,battery,2030,71,14,14,,-0.07578614350056648,0.0,0.0
1695,battery,2030,71,15,15,,-0.07578614350056648,0.0,0.0
1696,battery,2030,71,16,16,,-0.07578614350056648,0.0,0.0
1697,battery,2030,71,17,17,,-0.07578614350056648,0.0,0.0
1698,battery,2030,71,18,18,,-0.07578614350056648,0.0,0.0
1699,battery,2030,71,19,19,,-0.07578614350056648,0.0,0.0
1700,battery,2030,71,20,20,,-0.07578614350056648,0.0,0.0
1701,battery,2030,71,21,21,,-0.07578614350056648,0.0,0.0
1702,battery,2030,71,22,22,,-0.07578614350056648,0.0,0.0
1703,battery,2030,71,23,23,,-0.07578614350056648,0.0,0.0
1704,battery,2030,71,24,24,,-0.07578614350056648,0.0,0.0
1705,battery,2030,72,1,1,,-0.0538637674766203,0.0,0.0
1706,battery,2030,72,2,2,,-0.0538637674766203,0.0,0.0
1707,battery,2030,72,3,3,,-0.0538637674766203,0.0,0.0
1708,battery,2030,72,4,4,,-0.0538637674766203,0.0,0.0
1709,battery,2030,72,5,5,,-0.0538637674766203,0.0,0.0
1710,battery,2030,72,6,6,,-0.0538637674766203,0.0,0.0
1711,battery,2030,72,7,7,,-0.0538637674766203,0.0,0.0
1712,battery,2030,72,8,8,,-0.0538637674766203,0.0,0.0
1713,battery,2030,72,9,9,,-0.0538637674766203,0.0,0.0
1714,battery,2030,72,10,10,,-0.0538637674766203,0.0,0.0
1715,battery,2030,72,11,11,,-0.0538637674766203,0.0,0.0
1716,battery,2030,72,12,12,,-0.0538637674766203,0.0,0.0
1717,battery,2030,72,13,13,,-0.0538637674766203,0.0,0.0
1718,battery,2030,72,14,14,,-0.0538637674766203,0.0,0.0
1719,battery,2030,72,15,15,,-0.0538637674766203,0.0,0.0
1720,battery,2030,72,16,16,,-0.05386376747662029,0.0,0.0
1721,battery,2030,72,17,17,,-0.05386376747662029,0.0,0.0
1722,battery,2030,72,18,18,,-0.05386376747662029,0.0,0.0
1723,battery,2030,72,19,19,,-0.05386376747662029,0.0,0.0
1724,battery,2030,72,20,20,,-0.05386376747662029,0.0,0.0
1725,battery,2030,72,21,21,,-0.05386376747662029,0.0,0.0
1726,battery,2030,72,22,22,,-0.05386376747662029,0.0,0.0
1727,battery,2030,72,23,23,,-0.05386376747662029,0.0,0.0
1728,battery,2030,72,24,24,,-0.05386376747662029,0.0,0.0
