scenario,ccgt,ocgt,solar,wind,wind_offshore,electrolizer,battery,objective_value,termination_status,solve_time
1,29223.972708496018,2790.2677565805834,0.0,31926.18327500719,0.0,0.10020381408952235,8179.757036494001,1.362961324025657e7,OPTIMAL,8.3077795
2,30229.415632318778,2573.6353842278404,0.0,31559.02090989803,0.0,0.1033599014428909,2264.846436721855,1.3262815956582088e7,OPTIMAL,7.7238156
3,29053.777245631634,4787.939423987808,6813.135016812842,30589.76134573598,0.0,0.10982471809757738,1318.2469449448272,1.357346630244515e7,OPTIMAL,5.6941282
4,32718.303418346404,1285.1917899719629,6616.977093174938,0.0,0.0,0.10444183574725932,1812.9440316050004,1.3939037025262924e7,OPTIMAL,8.3451982
5,30503.260679820192,2571.7867003782217,0.0,27564.020765647056,0.0,0.10020573758024674,4899.3358185706375,1.3789045509117266e7,OPTIMAL,6.2353686
6,31255.871989209863,2294.687951232884,0.0,28355.755571058802,0.0,0.10152279846849988,2287.6539481172786,1.3740420888986861e7,OPTIMAL,7.2763315
7,29280.818900456026,3522.861826525849,8370.891096336632,28699.254372524912,0.0,0.10020733384228844,4690.364624056553,1.3950404758820869e7,OPTIMAL,9.7785076
8,28416.260192170128,3343.9961151981042,1713.1758850620704,34390.87500452044,0.0,0.10045674718358269,6199.099230967289,1.2799197471893089e7,OPTIMAL,9.3747383
9,29938.260630074652,2762.5019667645684,4941.925358432092,29268.037818151377,0.0,0.10219605929360101,2992.5456644918595,1.3626492726604069e7,OPTIMAL,7.2464796
10,30859.0280946475,2031.072976692451,423.14933547051675,33413.01020873606,0.0,0.10564434953575222,6688.734974941389,1.3885814032771865e7,OPTIMAL,6.8730435
11,29052.936755680214,3712.6350358887885,12400.037873128133,30278.65898981667,0.0,0.1002934735158493,4749.1077074826335,1.4001781345462102e7,OPTIMAL,8.8223539
12,29368.185801359174,3369.4581184063973,0.0,32293.36634742585,0.0,0.1002304919201777,5418.444992225197,1.3559702528596193e7,OPTIMAL,7.3926563
13,30964.057492686537,3490.9445807064694,6188.076880048133,27455.213239997625,0.0,0.10960719666368238,3165.18620423951,1.4196375097154386e7,OPTIMAL,7.0005854
14,31319.749372024555,3142.948449018797,2423.0670098159353,29550.73089392519,0.0,0.10514535631592498,2836.3360855504257,1.4011851818125403e7,OPTIMAL,5.6438363
15,30818.910140515767,2189.0022698539506,214.43736733062147,29386.700369644226,0.0,0.10671133432511937,5985.521408448232,1.3843731681053726e7,OPTIMAL,7.4329425
16,30725.721299891724,3383.816709239039,7091.215259248515,31603.648423633233,0.0,0.10525969756738984,2962.7124674938996,1.3986440133512944e7,OPTIMAL,5.0569593
17,32599.314967315368,1513.1262127352957,7816.4095715784015,2763.5800934994104,0.0,0.10884808936570281,1815.2931519115693,1.4088293014186183e7,OPTIMAL,7.7984139
18,30520.029722809082,3213.143459044027,1740.1758304400792,27866.22578774987,0.0,0.10309105360770102,4556.45717849319,1.39646270129433e7,OPTIMAL,4.8859796
19,33411.37174928458,1544.0782507154217,0.0,106.58265952508896,0.0,0.10625209333482187,2115.7398987384086,1.3898811188986192e7,OPTIMAL,8.0015856
20,29133.195163207798,3418.0082026951386,7081.8350774769,32817.791436250576,0.0,0.10043269906861524,4783.414333071447,1.3980987934358655e7,OPTIMAL,12.0533247
21,30298.59861988908,4011.688028384685,4265.996219466591,31981.21163901915,0.0,0.10845308537616222,2198.743506763033,1.3783384893079203e7,OPTIMAL,5.8426586
22,29208.74332230595,3481.2482609266503,7668.840021068956,33186.26397746144,0.0,0.1004001943801274,5479.4552344627555,1.3756908064332241e7,OPTIMAL,12.9626869
23,33304.02930553144,1753.0557506333157,3060.3904787376337,0.0,0.0,0.10448998572825957,1912.810917779847,1.4085960228712292e7,OPTIMAL,7.0241194
24,29849.19484940719,3888.878322302424,0.0,34807.44331438384,0.0,0.10550433466354761,4431.146244444995,1.3402053397534145e7,OPTIMAL,5.800036
25,34016.680133495815,1170.6068810340876,346.5847834780827,0.0,0.0,0.10035129705459372,3626.3086545634465,1.4418712741351191e7,OPTIMAL,8.4493044
26,27068.613305352046,4267.079561082538,20719.050441856067,31409.374376382504,0.0,0.11100866932709504,4532.795660654879,1.3593402725697365e7,OPTIMAL,6.6468134
27,29490.944958140422,3396.5979209410725,0.0,32306.78095242991,0.0,0.10455166135639518,5688.087724544021,1.3470125351643685e7,OPTIMAL,4.8097431
28,30559.22591897746,3560.674117621736,0.0,29544.78826738694,0.0,0.10448998572825972,3176.0276679060917,1.3770208882473832e7,OPTIMAL,7.8477024
29,30133.31873415253,2985.130197911328,3513.933873271008,28281.81119048287,0.0,0.10040474037711677,4588.075585412539,1.4150693071433855e7,OPTIMAL,16.3362881
30,28733.61430690943,2886.6946355664654,8266.575188528741,29627.085060498284,0.0,0.10265277399102485,3408.166396500181,1.3593764678559942e7,OPTIMAL,4.5643904
31,28398.023021707533,2450.3380135808384,9643.732642319741,31383.214582781296,0.0,0.1002635379827776,6064.209021658644,1.3398322951363306e7,OPTIMAL,5.4491381
32,29599.762017771987,2680.299976183311,11743.728143540364,28970.52246238473,0.0,0.10048860578494866,6021.433581227596,1.3808314369091734e7,OPTIMAL,8.4452946
33,29385.78298232194,3357.594850487909,3319.5607770171737,32265.503871095327,0.0,0.102171434775528,4805.154436006895,1.3471507356635828e7,OPTIMAL,6.3441428
34,28539.25292255638,2604.1239192767207,8267.267695993874,33449.20656999739,0.0,0.10350127796645779,4188.4994914445015,1.3427784783113621e7,OPTIMAL,5.6255892
35,29276.886548873314,3157.0282543638896,3675.9264851684675,30985.15746271744,0.0,0.10845308537616222,3402.228610219594,1.3570424489356378e7,OPTIMAL,8.059648
36,28442.013095723018,3592.3668808140815,10679.954428424579,30843.148941781328,0.0,0.10376546530392683,3598.876753187791,1.3633721929220174e7,OPTIMAL,6.9160158
37,33255.32852655367,3000.7062999643313,0.0,36895.61508876807,0.0,0.1002039395290161,9109.226934282211,1.5579342316302292e7,OPTIMAL,7.2622297
38,34547.680944488704,2622.1814554547273,0.0,36535.530012546085,0.0,0.1033599014428909,1633.8633486765607,1.5137278458860358e7,OPTIMAL,6.1521488
39,32706.20463820543,5558.103822689631,9061.027675514635,35644.914632420965,0.0,0.10982471809757742,1386.320659789231,1.550593050716582e7,OPTIMAL,5.3356725
40,36616.054665013944,1608.9701059674187,8034.675449265756,563.4049938550291,0.0,0.10476549779595706,3265.70622161983,1.5974981365422865e7,OPTIMAL,8.0641391
41,34729.78105944654,2571.041440816938,0.0,32487.505918027444,0.0,0.10020589098219557,5432.007867974109,1.573445871145538e7,OPTIMAL,6.317233
42,35518.65859628892,2591.1822739438253,0.0,32792.77740859434,0.0,0.10152279846849988,2407.373324597541,1.5700668598434664e7,OPTIMAL,7.0115479
43,33433.815254823676,3926.5789586490096,7367.8546498606365,33134.674574369645,0.0,0.10029423966998069,4797.268081984876,1.5892030980355784e7,OPTIMAL,15.3395586
44,32417.3254509892,3599.1903637911655,1922.1945140549487,39605.75869030544,0.0,0.10045633622853319,6605.263585403267,1.458314500929111e7,OPTIMAL,8.048316
45,33832.103441251726,2998.3785172535167,6206.80281602103,34077.100319926496,0.0,0.10219605929360101,3277.430630421226,1.5553121245049078e7,OPTIMAL,6.0913661
46,34730.02307577879,2279.2322837305255,795.8724041918902,38608.33172465406,0.0,0.10564434953575222,7313.4264337046525,1.5770258433135185e7,OPTIMAL,5.3689625
47,33061.1226867336,4300.670093993149,12051.072737358261,35039.728546908846,0.0,0.10029332803387339,4620.0620141997515,1.5938944072732436e7,OPTIMAL,13.2925285
48,33491.07103230362,3706.9082108509465,0.0,37301.50949710974,0.0,0.10023054804873488,5100.365206489314,1.547096754288994e7,OPTIMAL,8.7591237
49,35522.96764428022,3711.5925386844497,4940.6983764312445,32360.982305099158,0.0,0.10915361731341311,3518.7173584568113,1.6172527135834683e7,OPTIMAL,6.3864207
50,35448.27168311577,3427.0037322146127,3106.5133961063875,34212.38658015508,0.0,0.10514535631592498,2727.589796765035,1.5945477401195133e7,OPTIMAL,7.0628281
51,35112.492643318314,2324.148895833999,44.98499116091212,34055.30727178664,0.0,0.10625209333482195,5750.382925844628,1.5786745933681235e7,OPTIMAL,8.4922378
52,34813.08367443188,3717.5844253691016,7653.531236912146,36607.9442677931,0.0,0.1057885258554156,3236.1201183610406,1.5895206440736758e7,OPTIMAL,8.4114865
53,36281.47625531279,2415.5250988179027,7311.4409635229895,10446.874903966227,0.0,0.10804274142586315,1653.953137200212,1.6096025397603124e7,OPTIMAL,5.4505409
54,34681.731129945125,3854.2831898194563,3511.322680113057,31665.34665033844,0.0,0.10551349329027533,2848.1090905001315,1.5928922693992194e7,OPTIMAL,7.4560348
55,37789.30866109588,1730.4628674740663,858.1090451208565,291.90289297347095,0.0,0.10720872255429069,2292.793289768549,1.5929086337041922e7,OPTIMAL,7.0017424
56,33112.979012302094,3691.183167481042,7478.380952496148,37929.750060607905,0.0,0.10040400017891438,4981.995821825185,1.5877703903346807e7,OPTIMAL,14.4481421
57,34478.59002984594,4495.884509277676,3442.663289072217,36902.44374502457,0.0,0.10950972104818246,2678.324600714101,1.5696942036585473e7,OPTIMAL,5.6304047
58,33205.23271545652,3817.5824087263363,8711.38012145845,38036.69084261173,0.0,0.10040053299497827,5248.991823009157,1.5643228324252697e7,OPTIMAL,10.2647542
59,37422.30869285787,2385.3159512901993,2815.496692380368,2380.6868385353773,0.0,0.10448998572825972,1391.9952622115065,1.6100516274298787e7,OPTIMAL,8.0571618
60,33955.442106461735,4178.385537243575,0.0,39754.498676987714,0.0,0.10550433466354761,4280.530365931685,1.5241381149165224e7,OPTIMAL,6.1602694
61,38413.26907963136,1335.1759318396143,273.6195659037012,0.0,0.0,0.10035160147145208,3851.769990444882,1.643057551588161e7,OPTIMAL,9.4066481
62,30867.91144054501,4754.947808813628,25316.40834895353,35466.47081619143,0.0,0.11213776361705362,4236.170273717562,1.5502232776187588e7,OPTIMAL,7.3584551
63,33592.11776228885,3641.438239103788,0.0,37260.098617288124,0.0,0.10455166135639518,5982.327121311541,1.5364570349403214e7,OPTIMAL,6.0999913
64,34618.476269385756,3836.7693239722075,0.0,34659.21737343676,0.0,0.10450218677643433,3681.7664762763015,1.5703202277174508e7,OPTIMAL,6.8531101
65,34017.16112258595,3364.713833692076,4585.307269806034,33542.66759814934,0.0,0.10040454272585196,5031.712423333154,1.6103738787003905e7,OPTIMAL,16.5735245
66,32724.81034769176,3406.8384873971177,8124.3709958699,34287.22467897001,0.0,0.10033052561836463,3455.6762501866615,1.5537956633586664e7,OPTIMAL,12.6790938
67,32747.198010659762,2364.0254866753116,9779.534863588666,36206.12320153174,0.0,0.10029325534696126,6122.825627656904,1.5307681304657413e7,OPTIMAL,5.8094445
68,33660.59100753558,2952.3318104702576,14753.085672460602,33488.7822967428,0.0,0.10054708533091461,6119.250867349604,1.5753915221387656e7,OPTIMAL,8.0947049
69,33686.59728921948,3592.455488575062,3101.5496015210524,37325.254690717484,0.0,0.10217143477552802,4650.124896750812,1.5361940952923642e7,OPTIMAL,7.5055341
70,32248.266249528027,2619.7864292735417,9298.927125859273,38192.593351772935,0.0,0.1042077580539119,5896.138647631088,1.5301789114963565e7,OPTIMAL,4.8651505
71,33210.09492671597,3439.100792029647,4605.770779447133,36149.286906642534,0.0,0.10845308537616222,3378.369032440869,1.5483968438848674e7,OPTIMAL,5.5651546
72,32141.362730803346,3826.450110053938,13807.404285903758,35651.098504649155,0.0,0.1037654653039269,4326.325344373864,1.5578336270003904e7,OPTIMAL,6.8918835
73,40124.90772789543,3890.3927490769274,0.0,43831.93410814154,0.0,0.10215525686743224,7945.772511107891,1.8728362402391784e7,OPTIMAL,6.5842143
74,41072.98728016616,2733.1750069991003,0.0,45016.720241480856,0.0,0.10373322382543433,3350.491450728533,1.81589564880969e7,OPTIMAL,6.5127677
75,39285.308667159625,7658.380177152838,8294.2593355799,43677.9809643401,0.0,0.10754378933968267,1916.1031902764516,1.8715758042496007e7,OPTIMAL,5.66926
76,42815.17452472859,4082.874876958449,6437.785918981929,8703.806730923496,0.0,0.10391217174433959,2158.8479394773913,1.9296085851922166e7,OPTIMAL,9.6256069
77,41607.399676302564,2592.937989648138,0.0,40853.12395192476,0.0,0.10338123415046481,5585.844471575634,1.8846169621108014e7,OPTIMAL,6.2246878
78,42249.05837844659,3260.9142636736506,0.0,40285.71084106844,0.0,0.10174034110685702,3103.8369889673554,1.8856387345908195e7,OPTIMAL,6.9898141
79,40341.80445360714,4596.420710831438,8180.945090969221,39591.348702375595,0.0,0.10029922426110303,3443.165607512596,1.9023771738299698e7,OPTIMAL,12.6706938
80,38870.976693329154,4607.633835153787,3181.114876508383,47355.27547355451,0.0,0.1004569235338466,4019.6765448449173,1.743760878186152e7,OPTIMAL,10.620928
81,40103.77292202151,3211.730767533294,9278.945562432005,41924.06253672692,0.0,0.10244006588177888,5018.228769168508,1.866433779157945e7,OPTIMAL,5.7805009
82,41363.67562961359,2790.636596577737,2397.167560586375,46280.02193381943,0.0,0.10525969756738984,6791.714798567164,1.8823320306827784e7,OPTIMAL,6.4155215
83,40275.08033740506,5048.837294375982,10318.958122323487,42026.12075865478,0.0,0.10032306121055441,3394.9938706429684,1.9060207659172747e7,OPTIMAL,11.5526902
84,40032.74084625353,4524.920640503431,1040.5446572101714,45305.89764345238,0.0,0.1013703926664416,3427.327555191641,1.851589762926033e7,OPTIMAL,5.4061881
85,43181.086036619046,4412.430592061638,0.0,39837.29772194906,0.0,0.10548610838982707,4346.502162523556,1.9379148000825793e7,OPTIMAL,7.4779252
86,41883.70658060555,3780.7841788446385,5530.27527316409,42018.96407327155,0.0,0.10577283879347679,3060.5801119050084,1.9037726030019302e7,OPTIMAL,6.7013097
87,41723.582356770516,2629.766690248102,2501.7591080188104,40451.05472155499,0.0,0.10484832457329218,7112.489809393461,1.8969200297447145e7,OPTIMAL,6.3735149
88,41332.8164798739,4301.073758688521,7237.681865995097,44667.15729101307,0.0,0.11046127692961533,5893.191803710721,1.9009239180396315e7,OPTIMAL,4.3331031
89,42535.28620905984,3864.1695405593564,1107.3848036654074,38679.38539018979,0.0,0.10451907189560956,4859.563441990013,1.937802261307692e7,OPTIMAL,7.0177001
90,41312.02667876358,4888.249295866995,2992.344544980988,39171.086719457,0.0,0.10511116790186521,4933.2140115727925,1.9153300298058804e7,OPTIMAL,7.7633825
91,44718.71462081812,2528.779767060039,1283.9580073239936,3973.461574230771,0.0,0.10855492977828468,2667.2507557393055,1.9245857314564206e7,OPTIMAL,5.5662727
92,39584.82157338175,3797.133932014789,10020.87190973795,45828.492293731266,0.0,0.10040454272585225,5198.423811034434,1.893320778613124e7,OPTIMAL,13.3302482
93,41652.32544099328,5614.8068776405635,1437.797409032172,44785.54429395858,0.0,0.10950972104818246,1864.0145469303025,1.8787461661103975e7,OPTIMAL,6.3619348
94,39682.02456017962,4368.901020658362,11988.711654728397,45595.579592587295,0.0,0.10042924626502091,3662.523200756774,1.8665133621152256e7,OPTIMAL,18.2441367
95,43511.05409230928,3259.52534123809,0.0,14023.660671326907,0.0,0.10446578095344435,5247.507039373368,1.937904442461109e7,OPTIMAL,6.264799
96,39792.534361025064,4505.198174382486,1064.7038701546642,48013.52789564449,0.0,0.10550433466354761,7064.622837508249,1.818013104566217e7,OPTIMAL,4.4944082
97,45355.6857247278,1958.1580970356881,1540.5018153280887,690.6599069239765,0.0,0.10035177566093519,3530.620518828233,1.9674293551654525e7,OPTIMAL,12.8427212
98,37821.93060113743,6146.278218895696,23985.98976924363,42663.26147954515,0.0,0.10645508337816048,3065.1992725030677,1.860829899992784e7,OPTIMAL,5.9999487
99,40490.15486773336,3939.9032591488376,0.0,44867.8292367232,0.0,0.10455166135639518,5478.723494232868,1.839601288313232e7,OPTIMAL,5.038669
100,41729.55943945344,4561.330074388087,0.0,41506.51179981136,0.0,0.10577283879347679,1669.78857821761,1.8808755131542183e7,OPTIMAL,7.8029025
101,40322.3730396842,3982.6164938164216,8699.705441961312,40999.94833266537,0.0,0.12958579881656818,4696.031910859142,1.925058479853542e7,OPTIMAL,7.4185089
102,40212.28846521268,4004.8633311968197,4512.870352685258,41472.76557485906,0.0,0.10033503413921736,2540.6917512698474,1.865947552125759e7,OPTIMAL,10.1832502
103,39991.93844860352,2596.9768492357925,9008.50911670945,43587.02078355604,0.0,0.10293270308968899,5752.799226012812,1.8408068191645313e7,OPTIMAL,6.107303
104,41016.14801549841,3967.4804054591486,13093.909989838841,40228.64242630301,0.0,0.10035060322014411,4602.468670674925,1.890571189065607e7,OPTIMAL,11.9371806
105,41081.8149365768,4272.525645947126,2034.092250003636,44609.478670040495,0.0,0.10837827931088642,3157.575371198167,1.842212513887969e7,OPTIMAL,5.9289966
106,38079.85034338309,2683.9877615404357,14011.008035509649,46006.3116185503,0.0,0.11227262765724302,11089.660459141172,1.838774079891304e7,OPTIMAL,4.684173
107,39642.54681410795,3333.263614746349,7079.0186842675985,43902.92385952525,0.0,0.1084155161078237,4433.536785918768,1.855860920065338e7,OPTIMAL,7.6253655
108,38818.57019437313,4529.128416210153,15951.533437771177,43276.7324993166,0.0,0.10385203890559286,4053.5815911051886,1.8690647155635852e7,OPTIMAL,8.6316511
109,44761.376580022516,5066.101464902291,441.9796997577138,48331.7589307258,0.0,0.10195770380920227,5183.983360561979,2.0835667424365144e7,OPTIMAL,6.4473239
110,45519.714415470735,2584.031916642549,0.0,50740.691955586844,0.0,0.10335461025951627,5451.318136534518,2.0179046380246602e7,OPTIMAL,4.9587607
111,44259.676338335,8878.500654796604,5932.119530968726,49070.275349776,0.0,0.10754378933968267,1811.1040492654483,2.0839942937243722e7,OPTIMAL,9.4794623
112,46943.53693796498,4786.8553575807755,8476.001409975323,9080.97572521085,0.0,0.10402870451970292,5449.552424680236,2.1544306708021194e7,OPTIMAL,6.6051309
113,46020.74733647188,3207.412814872383,1383.8860952453072,47486.11763184784,0.0,0.1038038884192729,3829.5814086203445,2.0924366876269218e7,OPTIMAL,7.1480378
114,46817.38073750983,3588.2555287853174,0.0,45287.60992429073,0.0,0.10174034110685702,3784.8342382783035,2.0954872163378585e7,OPTIMAL,7.4509593
115,45523.05990635579,4819.059857885264,6335.737312189622,44048.54480615587,0.0,0.10032438952103886,2516.939072558189,2.1105479717404258e7,OPTIMAL,8.4372583
116,43346.1484170233,4905.852150412827,3699.0398768771875,53020.01590781282,0.0,0.10064068241830158,3705.541704940328,1.9339539259352166e7,OPTIMAL,14.9466728
117,44449.959608307356,3470.6059755938254,12087.193810221946,46548.276650821,0.0,0.10219379764654271,4741.779041861263,2.0737945387384772e7,OPTIMAL,5.2683913
118,45615.23210576371,3324.195233155135,3935.721523150159,51161.533714333586,0.0,0.10487626478117756,6286.8952239142745,2.0850587296913147e7,OPTIMAL,4.677683
119,45182.857770853225,5721.110270350917,6119.359643304818,46986.46314790691,0.0,0.10072677499651757,3183.7324555249215,2.1140731416931506e7,OPTIMAL,5.2098434
120,44198.14992401341,5138.6116423792055,3319.628817841826,50335.09163390336,0.0,0.1021534741901225,2448.7241853923692,2.0557723747682974e7,OPTIMAL,6.8418581
121,48025.50106514736,4982.037051966636,0.0,44960.02850792693,0.0,0.10548610838982726,5619.734144436089,2.1547798752077594e7,OPTIMAL,7.47935
122,46399.721574518175,4074.548004436272,6817.737880962246,47161.60503000601,0.0,0.10641426532608529,3120.9106962986066,2.1112774908940755e7,OPTIMAL,6.7287699
123,46601.319387646916,3615.694269483205,2335.8326229635504,45271.796950098425,0.0,0.10379710786950602,5975.747826292943,2.1115627889358494e7,OPTIMAL,4.9850854
124,45188.83104105177,4833.445953404024,9622.935094183147,50409.04937508679,0.0,0.10626983815980261,9122.540536884444,2.1112168494790915e7,OPTIMAL,4.5830607
125,46833.67009895342,3251.6249790242,0.0,37657.48783703482,4669.574285137742,0.10616103402687749,6796.784142977092,2.1540407212005746e7,OPTIMAL,6.0437584
126,45735.06323417687,5707.772397961287,3291.767108305193,45377.64366478625,0.0,0.106683834948593,6196.490403495293,2.1309286702130474e7,OPTIMAL,7.8915486
127,49793.46104269772,2842.8934238211104,0.0,6930.020715114272,0.0,0.10950547753142743,3087.6531698418075,2.147158252441327e7,OPTIMAL,6.5786037
128,43762.24916270907,3567.098964375109,10738.168201981169,51545.952184146816,0.0,0.10617442757910976,7589.333195152304,2.0958157007819448e7,OPTIMAL,6.2383899
129,46322.848637049916,6323.623884754816,1400.9032766301625,49924.748496765045,0.0,0.10946745562130165,1307.049280118801,2.0842211946324617e7,OPTIMAL,8.1630966
130,44218.361544134226,4695.956001234584,14409.34614110368,50444.06171609755,0.0,0.10042986994284875,2464.412122354761,2.069107171631093e7,OPTIMAL,16.5931008
131,48357.13292057793,4112.577992045517,0.0,15164.509009634861,0.0,0.10445377616593508,5296.903294419979,2.158400080079987e7,OPTIMAL,6.6350417
132,43619.40265233104,5521.35901999566,3738.0820326885414,53231.233532298065,0.0,0.1005126781022365,6869.357488364505,2.0176520369755685e7,OPTIMAL,8.8579372
133,49264.79151297347,3108.7737839960446,270.43399772848596,36417.04009185128,0.0,0.1004426802815446,2869.1881072186493,2.1836161672410756e7,OPTIMAL,9.0794574
134,42532.504729361506,7079.902852077384,22012.429778357044,47802.39187628389,0.0,0.10645508337816048,2610.2854424999623,2.0674975789428595e7,OPTIMAL,5.5606347
135,45131.24732114071,4095.381812366335,0.0,50001.24166806407,0.0,0.10455166135639518,5209.116701424747,2.0407579761180174e7,OPTIMAL,6.6034089
136,46267.4833085714,5011.139721044037,0.0,46796.398176827235,0.0,0.10641426532608522,2004.2559601844355,2.08898252812533e7,OPTIMAL,5.3902755
137,44656.36414130505,4569.895048605418,12286.689005148586,46071.35177391808,0.0,0.12958579881656818,3637.906112225359,2.134626112792111e7,OPTIMAL,5.1273039
138,45366.07571354461,4085.166260185335,0.0,47217.64764354462,0.0,0.13737153534724386,4574.400805003612,2.0758608843326867e7,OPTIMAL,4.6164692
139,44694.40174732206,3816.0042469450377,7022.1853522124175,48805.65072737903,0.0,0.10275818080737127,6816.916898232748,2.056751096670953e7,OPTIMAL,6.848477
140,45890.55161941363,4589.469600035227,12538.173346867306,45034.97522995776,0.0,0.10035047343119352,3807.6698634820677,2.099710772880263e7,OPTIMAL,13.2074659
141,45712.26728300835,4622.643630502375,1612.8562162952344,50028.28215850155,0.0,0.10834137059145521,4536.8206619199855,2.047470224513058e7,OPTIMAL,5.4267453
142,42115.255378114445,3075.782079949713,16603.354089947126,51221.48695516784,0.0,0.11227262765724302,13534.948482146487,2.0454763414409705e7,OPTIMAL,5.0020456
143,43879.72921211457,3279.665140053257,8198.806395333446,49404.18033036596,0.0,0.11056635672020275,5983.2499151977845,2.0604932353173584e7,OPTIMAL,8.0032561
144,43993.15349736475,5616.396591490333,10005.937680935189,48417.31790184759,0.0,0.10385203890559287,3235.582841373296,2.0777640909661554e7,OPTIMAL,5.2165655
