asset,benchmark_solution,approximation_solution,diff,number_of_scenarios,seed
ccgt,1.220047752235613,1.152657072103072,-0.05523610039775449,10,1
wind,2.575353689849156,2.483343273344547,-0.03572729325190203,10,1
solar,1.131819056662039,1.2478247198329957,0.10249488422034583,10,1
ocgt,0.0,0.43053575843711644,0.43053575843711644,10,1
electrolizer,1.0000000000000002,1.047381855119746,0.04738185511974578,10,1
wind_offshore,0.0,0.0,0.0,10,1
battery,0.0,0.0,0.0,10,1
ccgt,1.3197675631316694,1.3163077650029191,-0.0026215208082100198,10,2
wind,2.881522078019083,3.036341764538004,0.05372844015318205,10,2
solar,0.0,0.0,0.0,10,2
ocgt,0.0,0.0,0.0,10,2
electrolizer,1.0,1.0,0.0,10,2
wind_offshore,0.0,0.0,0.0,10,2
battery,0.0,0.0,0.0,10,2
ccgt,1.2403791010190808,1.2177845203728355,-0.0182158669294588,10,3
wind,2.8493863862144844,3.147227873407878,0.10452829024325028,10,3
solar,0.003912719400432287,0.10562887735332475,25.996282263853267,10,3
ocgt,0.0,0.0,0.0,10,3
electrolizer,1.0,1.0,0.0,10,3
wind_offshore,0.0,0.0,0.0,10,3
battery,0.0,0.0,0.0,10,3
ccgt,1.3185031772498834,1.3146483867156833,-0.0029236111074380546,10,4
wind,2.937919947433457,3.111540629251504,0.059096464479816965,10,4
solar,0.0,0.0,0.0,10,4
ocgt,0.0,0.0,0.0,10,4
electrolizer,1.0,0.9999999999999999,-1.1102230246251565e-16,10,4
wind_offshore,0.0,0.0,0.0,10,4
battery,0.0,0.0,0.0,10,4
ccgt,1.299500455652079,1.2349332807177238,-0.04968615028453835,10,5
wind,2.682187913509671,3.027596706247103,0.12877874476940024,10,5
solar,0.4580714327950737,0.5715790622235504,0.247794604295388,10,5
ocgt,0.0,0.2595802413721432,0.2595802413721432,10,5
electrolizer,1.0,1.0765044709680973,0.07650447096809732,10,5
wind_offshore,0.0,0.0,0.0,10,5
battery,0.0,0.0,0.0,10,5
ccgt,1.152880459106437,1.1611812359420608,0.007200032553294801,10,6
wind,2.889560279626015,2.8666620778332033,-0.007924458940782335,10,6
solar,1.0614362302609426,0.9385124946483616,-0.11580887490750293,10,6
ocgt,0.31376396706037646,0.0,-1.0,10,6
electrolizer,1.0,1.0,0.0,10,6
wind_offshore,0.0,0.0,0.0,10,6
battery,0.0,0.0,0.0,10,6
ccgt,1.2798041965829885,1.2775797768111465,-0.001738093825431299,10,7
wind,2.6029280054625503,2.5988502271953036,-0.0015666120072046017,10,7
solar,0.06138256180447096,0.0,-1.0,10,7
ocgt,0.0,0.06810829924434064,0.06810829924434064,10,7
electrolizer,1.0000000000000002,1.0,-2.2204460492503126e-16,10,7
wind_offshore,0.0,0.0,0.0,10,7
battery,0.0,0.0,0.0,10,7
ccgt,1.2061897121188037,1.188335819120069,-0.014801894610236996,10,8
wind,2.7848447844788695,3.0654330353626054,0.10075543615485291,10,8
solar,0.6831105336614312,0.7545546862374151,0.10458651866052712,10,8
ocgt,0.26371566582568506,0.28278126157861994,0.07229603024621659,10,8
electrolizer,1.0,1.0,0.0,10,8
wind_offshore,0.0,0.0,0.0,10,8
battery,0.0,0.0,0.0,10,8
ccgt,1.1251797276618298,1.0963340698856998,-0.025636489057683693,10,9
wind,2.6598401189435394,3.124807461724643,0.17481026001133623,10,9
solar,0.6142308171535203,0.52613785762727,-0.14341996048731714,10,9
ocgt,0.0,0.19416860369419806,0.19416860369419806,10,9
electrolizer,1.0,1.0,0.0,10,9
wind_offshore,0.0,0.0,0.0,10,9
battery,0.0,0.0,0.0,10,9
ccgt,1.209104130658703,1.2242759141961328,0.012547954433969635,10,10
wind,2.5882601079531105,2.627508282044,0.015163921883387641,10,10
solar,0.18070348043093265,0.0,-1.0,10,10
ocgt,0.0,0.0,0.0,10,10
electrolizer,1.0,1.0,0.0,10,10
wind_offshore,0.0,0.0,0.0,10,10
battery,0.0,0.0,0.0,10,10
ccgt,1.2115497493556813,1.1629143086908151,-0.04014316431556453,40,1
wind,2.7338631733476055,2.5252185611360702,-0.076318600815728,40,1
solar,0.9100703190948519,1.2420463398324544,0.36478062603753847,40,1
ocgt,0.0,0.2636306218038727,0.2636306218038727,40,1
electrolizer,1.10924416765504,1.1005413005473248,-0.007845763233637887,40,1
wind_offshore,0.0,0.0,0.0,40,1
battery,0.0,0.0,0.0,40,1
ccgt,1.2879015706312067,1.2605101688455975,-0.021268241618949586,40,2
wind,2.691153741678629,3.110430671169606,0.1557982076599792,40,2
solar,0.3053614389307416,0.1353439417097375,-0.5567746137702915,40,2
ocgt,0.13379897252143105,0.33638193299669117,1.5140845752220682,40,2
electrolizer,1.0395180540699664,1.0807703503175292,0.039684059440862986,40,2
wind_offshore,0.0,0.0,0.0,40,2
battery,0.0,0.0,0.0,40,2
ccgt,1.2606253301937733,1.2705409916018424,0.007865668863360807,40,3
wind,2.7537647679331156,3.0996308070989076,0.1255975249568566,40,3
solar,0.5343355345442876,0.3218763067832392,-0.3976138849575969,40,3
ocgt,0.1409674179147967,0.10166356763459232,-0.278815139424348,40,3
electrolizer,1.0754091401525545,1.0903336151354326,0.01387795065677137,40,3
wind_offshore,0.0,0.0,0.0,40,3
battery,0.0,0.0,0.0,40,3
ccgt,1.3175152524722742,1.2811258907633738,-0.027619689138791332,40,4
wind,2.7305711486332465,2.7577644119503826,0.009958818810030776,40,4
solar,0.020652366318066277,0.32631507256149983,14.800372099542217,40,4
ocgt,0.11532589421058904,0.16906264228801166,0.46595561599806423,40,4
electrolizer,1.0435834578520002,1.0891765399762314,0.04368896591948197,40,4
wind_offshore,0.0,0.0,0.0,40,4
battery,0.0,0.0,0.0,40,4
ccgt,1.276243652927995,1.2191751718555053,-0.04471597640588581,40,5
wind,2.799176063238199,2.8111327073010943,0.004271486963582996,40,5
solar,0.3610876731910053,0.2905516279712292,-0.1953432655189659,40,5
ocgt,0.10280519828141722,0.6465938128876697,5.2895050415417195,40,5
electrolizer,1.084164236735287,1.0540579000415262,-0.02776916603006496,40,5
wind_offshore,0.0,0.0,0.0,40,5
battery,0.0,0.0,0.0,40,5
ccgt,1.2212661615915958,1.2239959190090537,0.0022351863199913213,40,6
wind,2.623201721768623,2.519430379388234,-0.03955904020618893,40,6
solar,0.4682973664558969,0.48052288830915707,0.026106322027355487,40,6
ocgt,0.5407448718671763,0.5541100406129854,0.024716219128735378,40,6
electrolizer,1.0644285036484202,1.0517676597734709,-0.011894499096513515,40,6
wind_offshore,0.0,0.0,0.0,40,6
battery,0.0,0.0,0.0,40,6
ccgt,1.2745183602421333,1.290414496101774,0.012472269019820813,40,7
wind,2.5378328297629444,2.3953175066890715,-0.05615630840711644,40,7
solar,0.14944711900278335,0.03094923002584353,-0.7929084867452874,40,7
ocgt,0.38317926542393116,0.40981028103759404,0.06950014788561067,40,7
electrolizer,1.0548448891277327,1.0081585990424435,-0.04425891480964062,40,7
wind_offshore,0.0,0.0,0.0,40,7
battery,0.0,0.0,0.0,40,7
ccgt,1.2272133961946352,1.2258752588359654,-0.0010903868575906626,40,8
wind,2.582584582541723,2.503765255282225,-0.03051955308349501,40,8
solar,0.8194410483751312,0.8609602014956061,0.05066765108094502,40,8
ocgt,0.08228206999125688,0.0854055277163632,0.03796036883172981,40,8
electrolizer,0.9999999999999999,1.0,1.1102230246251568e-16,40,8
wind_offshore,0.0,0.0,0.0,40,8
battery,0.0,0.0,0.0,40,8
ccgt,1.2177495582690765,1.2118398610810077,-0.004852965987907141,40,9
wind,2.7568917274767317,3.0810903220937567,0.11759569350724934,40,9
solar,0.7564436920233619,0.7430917417175523,-0.01765095068754601,40,9
ocgt,0.08393503258945932,0.0,-1.0,40,9
electrolizer,1.085159884042185,1.124532357813295,0.03628264770021622,40,9
wind_offshore,0.0,0.0,0.0,40,9
battery,0.0,0.0,0.0,40,9
ccgt,1.2503085270502816,1.2119520609218581,-0.03067760100694007,40,10
wind,2.5631232746311237,3.088489642161369,0.20497116651787042,40,10
solar,0.0,0.1914485788353685,0.1914485788353685,40,10
ocgt,0.7105141203172655,0.7476737132290723,0.05229958399027167,40,10
electrolizer,1.024264498527158,1.102107714347785,0.07599913492321733,40,10
wind_offshore,0.0,0.0,0.0,40,10
battery,0.0,0.0,0.0,40,10
ccgt,1.2722690516891535,1.2696134999537847,-0.002087256411560985,70,1
wind,2.665980436711287,3.0542136264824244,0.1456249207327478,70,1
solar,0.1249290538321091,0.0,-1.0,70,1
ocgt,0.39489960052902157,0.456724592107782,0.15655875948199863,70,1
electrolizer,1.060883321821016,1.0613998992792963,0.0004869314538695501,70,1
wind_offshore,0.0,0.0,0.0,70,1
battery,0.0,0.0,0.0,70,1
ccgt,1.2906424345901324,1.273638813932143,-0.013174540215229437,70,2
wind,2.5722563785051857,2.0754215017981816,-0.19315138290986747,70,2
solar,0.09469336081725313,0.49340464687113295,4.21055164388288,70,2
ocgt,0.30852758764099497,0.30714538484368215,-0.004479997422211616,70,2
electrolizer,1.0368136769576832,1.0235758575826075,-0.012767790075763076,70,2
wind_offshore,0.0,0.0,0.0,70,2
battery,0.0,0.0,0.0,70,2
ccgt,1.3007009980140445,1.2175966005824324,-0.0638920071242344,70,3
wind,2.58756847804157,3.1996437684178276,0.23654457672150714,70,3
solar,0.1658225803601034,0.6556397640190075,2.9538629937805094,70,3
ocgt,0.15843387019144806,0.1991073259171717,0.25672197287470616,70,3
electrolizer,1.0554139274616257,1.1629788585032432,0.10191729353081574,70,3
wind_offshore,0.0,0.0,0.0,70,3
battery,0.0,0.0,0.0,70,3
ccgt,1.2795987570923464,1.2721888771741465,-0.005790783929047767,70,4
wind,2.664383463679291,3.0271454372113027,0.13615231383813942,70,4
solar,0.038918287378961386,0.0,-1.0,70,4
ocgt,0.41159307152141483,0.42855698697757816,0.0412152599980797,70,4
electrolizer,1.0451976921211303,1.0690194758310834,0.022791653569009473,70,4
wind_offshore,0.0,0.0,0.0,70,4
battery,0.0,0.0,0.0,70,4
ccgt,1.2157802778207043,1.230437227739863,0.012055591118348594,70,5
wind,2.7059987110591983,3.1128065169523036,0.15033555050507402,70,5
solar,0.4488309675487596,0.24750853735803305,-0.44854843971713143,70,5
ocgt,0.5668288571237317,0.4414459252948573,-0.22120068562688722,70,5
electrolizer,1.0721436557234687,1.1161063567509355,0.04100448740500296,70,5
wind_offshore,0.0,0.0,0.0,70,5
battery,0.0,0.0,0.0,70,5
ccgt,1.2139465674592638,1.1841402817743267,-0.024553210564547557,70,6
wind,2.6783647855582164,2.44289855180326,-0.08791417622595472,70,6
solar,0.47051028759259067,0.8298761922946442,0.7637790589888742,70,6
ocgt,0.5667550566365532,0.5935156828040364,0.0472172693549414,70,6
electrolizer,1.0780985019365223,1.1609860404593744,0.07688308477747276,70,6
wind_offshore,0.0,0.0,0.0,70,6
battery,0.0,0.0,0.0,70,6
ccgt,1.2610330257489808,1.2832709218423815,0.017634665896392863,70,7
wind,2.5597807495505003,1.6115701339131965,-0.37042649680204465,70,7
solar,0.16052736085430955,0.3045035624919904,0.8968950892324823,70,7
ocgt,0.47493746136459897,0.4061961976660969,-0.14473750607289101,70,7
electrolizer,1.0603481951316913,1.0,-0.056913564250652866,70,7
wind_offshore,0.0,0.0,0.0,70,7
battery,0.0,0.0,0.0,70,7
ccgt,1.3073434920653533,1.3091973536235484,0.0014180370877636495,70,8
wind,2.575353689849156,2.4962419869665986,-0.03071877202513141,70,8
solar,0.11848311162980135,0.12195106421328335,0.029269594086265723,70,8
ocgt,0.0867025437384657,0.08450509678633226,-0.02534466530488347,70,8
electrolizer,1.0,1.0000000000000004,4.440892098500626e-16,70,8
wind_offshore,0.0,0.0,0.0,70,8
battery,0.0,0.0,0.0,70,8
ccgt,1.220010643082816,1.2280577068842895,0.0065958963941000065,70,9
wind,2.65634110571433,2.543188178327765,-0.04259728810548852,70,9
solar,0.769815771213466,0.7773945247069601,0.009844892475439527,70,9
ocgt,0.14149942038486035,0.09953871456449036,-0.2965433053099598,70,9
electrolizer,1.0459973655456174,1.0490150852804614,0.002885016572933602,70,9
wind_offshore,0.0,0.0,0.0,70,9
battery,0.0,0.0,0.0,70,9
ccgt,1.2639505639769695,1.2003479279038374,-0.05032050927135075,70,10
wind,2.6081605237058794,2.339747184933609,-0.10291289064941743,70,10
solar,0.13012399861849874,0.868689571249417,5.675859798900477,70,10
ocgt,0.466044450990054,0.6688911213876076,0.43525176614941113,70,10
electrolizer,1.0594436094079538,1.068333190126792,0.008390801209142236,70,10
wind_offshore,0.0,0.0,0.0,70,10
battery,0.0,0.0,0.0,70,10
