id,asset,milestone_year,rep_period,time_block_start,time_block_end,dual_balance_conversion
1,electrolizer,2030,1,1,1,0.011416616638522104
2,electrolizer,2030,1,2,2,0.011416616638522104
3,electrolizer,2030,1,3,3,0.011416616638522104
4,electrolizer,2030,1,4,4,0.011416616638522104
5,electrolizer,2030,1,5,5,0.011416616638522104
6,electrolizer,2030,1,6,6,0.011416616638522104
7,electrolizer,2030,1,7,7,0.011416616638522104
8,electrolizer,2030,1,8,8,0.011416616638522104
9,electrolizer,2030,1,9,9,0.2854154159630526
10,electrolizer,2030,1,10,10,0.2854154159630526
11,electrolizer,2030,1,11,11,0.2854154159630526
12,electrolizer,2030,1,12,12,0.2854154159630526
13,electrolizer,2030,1,13,13,0.2854154159630526
14,electrolizer,2030,1,14,14,0.2854154159630526
15,electrolizer,2030,1,15,15,0.2854154159630526
16,electrolizer,2030,1,16,16,0.2854154159630526
17,electrolizer,2030,1,17,17,0.2854154159630526
18,electrolizer,2030,1,18,18,0.2854154159630526
19,electrolizer,2030,1,19,19,0.2854154159630526
20,electrolizer,2030,1,20,20,0.2854154159630526
21,electrolizer,2030,1,21,21,0.2854154159630526
22,electrolizer,2030,1,22,22,0.2854154159630526
23,electrolizer,2030,1,23,23,0.2854154159630526
24,electrolizer,2030,1,24,24,0.2854154159630526
25,electrolizer,2030,2,1,1,0.29765158759644883
26,electrolizer,2030,2,2,2,0.29765158759644883
27,electrolizer,2030,2,3,3,0.29765158759644883
28,electrolizer,2030,2,4,4,0.29765158759644883
29,electrolizer,2030,2,5,5,0.29765158759644883
30,electrolizer,2030,2,6,6,0.29765158759644883
31,electrolizer,2030,2,7,7,0.29765158759644883
32,electrolizer,2030,2,8,8,0.29765158759644883
33,electrolizer,2030,2,9,9,0.29765158759644883
34,electrolizer,2030,2,10,10,0.29765158759644883
35,electrolizer,2030,2,11,11,0.29765158759644883
36,electrolizer,2030,2,12,12,0.29765158759644883
37,electrolizer,2030,2,13,13,0.29765158759644883
38,electrolizer,2030,2,14,14,0.29765158759644883
39,electrolizer,2030,2,15,15,2.3989817862012877
40,electrolizer,2030,2,16,16,2.3989817862012877
41,electrolizer,2030,2,17,17,2.3989817862012877
42,electrolizer,2030,2,18,18,2.3989817862012877
43,electrolizer,2030,2,19,19,2.3989817862012877
44,electrolizer,2030,2,20,20,2.3989817862012877
45,electrolizer,2030,2,21,21,2.3989817862012877
46,electrolizer,2030,2,22,22,0.29765158759644883
47,electrolizer,2030,2,23,23,2.3989817862012877
48,electrolizer,2030,2,24,24,0.29765158759644883
49,electrolizer,2030,3,1,1,0.5315209103375516
50,electrolizer,2030,3,2,2,0.5315209103375516
51,electrolizer,2030,3,3,3,0.5315209103375516
52,electrolizer,2030,3,4,4,0.5315209103375516
53,electrolizer,2030,3,5,5,0.5315209103375516
54,electrolizer,2030,3,6,6,0.06594799665119568
55,electrolizer,2030,3,7,7,0.5315209103375516
56,electrolizer,2030,3,8,8,0.5315209103375516
57,electrolizer,2030,3,9,9,0.5315209103375516
58,electrolizer,2030,3,10,10,0.5315209103375516
59,electrolizer,2030,3,11,11,0.5315209103375516
60,electrolizer,2030,3,12,12,0.5315209103375516
61,electrolizer,2030,3,13,13,0.5315209103375516
62,electrolizer,2030,3,14,14,0.5315209103375516
63,electrolizer,2030,3,15,15,0.5315209103375516
64,electrolizer,2030,3,16,16,0.5315209103375516
65,electrolizer,2030,3,17,17,0.06594799665119568
66,electrolizer,2030,3,18,18,0.06594799665119568
67,electrolizer,2030,3,19,19,0.06594799665119568
68,electrolizer,2030,3,20,20,0.06594799665119568
69,electrolizer,2030,3,21,21,0.06594799665119568
70,electrolizer,2030,3,22,22,0.06594799665119568
71,electrolizer,2030,3,23,23,0.06594799665119568
72,electrolizer,2030,3,24,24,0.06594799665119568
73,electrolizer,2030,4,1,1,0.5859844118676635
74,electrolizer,2030,4,2,2,0.5859844118676635
75,electrolizer,2030,4,3,3,0.5859844118676635
76,electrolizer,2030,4,4,4,0.5859844118676635
77,electrolizer,2030,4,5,5,0.5859844118676635
78,electrolizer,2030,4,6,6,0.5859844118676635
79,electrolizer,2030,4,7,7,0.5859844118676635
80,electrolizer,2030,4,8,8,0.5859844118676635
81,electrolizer,2030,4,9,9,0.5859844118676635
82,electrolizer,2030,4,10,10,0.5859844118676635
83,electrolizer,2030,4,11,11,0.5859844118676635
84,electrolizer,2030,4,12,12,0.5859844118676635
85,electrolizer,2030,4,13,13,0.5859844118676635
86,electrolizer,2030,4,14,14,0.5859844118676635
87,electrolizer,2030,4,15,15,0.5859844118676635
88,electrolizer,2030,4,16,16,0.5859844118676635
89,electrolizer,2030,4,17,17,0.5859844118676635
90,electrolizer,2030,4,18,18,0.5859844118676635
91,electrolizer,2030,4,19,19,0.5859844118676635
92,electrolizer,2030,4,20,20,0.5859844118676635
93,electrolizer,2030,4,21,21,0.5859844118676635
94,electrolizer,2030,4,22,22,0.5859844118676635
95,electrolizer,2030,4,23,23,0.5859844118676635
96,electrolizer,2030,4,24,24,0.5859844118676635
97,electrolizer,2030,5,1,1,0.3271152195243065
98,electrolizer,2030,5,2,2,0.3271152195243065
99,electrolizer,2030,5,3,3,0.3271152195243065
100,electrolizer,2030,5,4,4,0.3271152195243065
101,electrolizer,2030,5,5,5,0.3271152195243065
102,electrolizer,2030,5,6,6,0.04058653757957342
103,electrolizer,2030,5,7,7,0.04058653757957342
104,electrolizer,2030,5,8,8,0.3271152195243065
105,electrolizer,2030,5,9,9,0.3271152195243065
106,electrolizer,2030,5,10,10,0.3271152195243065
107,electrolizer,2030,5,11,11,0.3271152195243065
108,electrolizer,2030,5,12,12,0.3271152195243065
109,electrolizer,2030,5,13,13,0.3271152195243065
110,electrolizer,2030,5,14,14,0.3271152195243065
111,electrolizer,2030,5,15,15,0.3271152195243065
112,electrolizer,2030,5,16,16,0.3271152195243065
113,electrolizer,2030,5,17,17,0.3271152195243065
114,electrolizer,2030,5,18,18,0.3271152195243065
115,electrolizer,2030,5,19,19,0.3271152195243065
116,electrolizer,2030,5,20,20,0.3271152195243065
117,electrolizer,2030,5,21,21,0.04058653757957342
118,electrolizer,2030,5,22,22,0.04058653757957342
119,electrolizer,2030,5,23,23,0.04058653757957342
120,electrolizer,2030,5,24,24,0.04058653757957342
121,electrolizer,2030,6,1,1,0.19460698280730018
122,electrolizer,2030,6,2,2,0.19460698280730018
123,electrolizer,2030,6,3,3,0.19460698280730018
124,electrolizer,2030,6,4,4,0.19460698280730018
125,electrolizer,2030,6,5,5,0.19460698280730018
126,electrolizer,2030,6,6,6,0.19460698280730018
127,electrolizer,2030,6,7,7,0.19460698280730018
128,electrolizer,2030,6,8,8,0.19460698280730018
129,electrolizer,2030,6,9,9,0.19460698280730018
130,electrolizer,2030,6,10,10,0.19460698280730018
131,electrolizer,2030,6,11,11,0.19460698280730018
132,electrolizer,2030,6,12,12,0.19460698280730018
133,electrolizer,2030,6,13,13,0.19460698280730018
134,electrolizer,2030,6,14,14,0.19460698280730018
135,electrolizer,2030,6,15,15,0.19460698280730018
136,electrolizer,2030,6,16,16,0.19460698280730018
137,electrolizer,2030,6,17,17,0.19460698280730018
138,electrolizer,2030,6,18,18,0.19460698280730018
139,electrolizer,2030,6,19,19,0.19460698280730018
140,electrolizer,2030,6,20,20,0.19460698280730018
141,electrolizer,2030,6,21,21,0.19460698280730018
142,electrolizer,2030,6,22,22,0.19460698280730018
143,electrolizer,2030,6,23,23,0.19460698280730018
144,electrolizer,2030,6,24,24,0.19460698280730018
145,electrolizer,2030,7,1,1,0.06883471171598048
146,electrolizer,2030,7,2,2,0.06883471171598048
147,electrolizer,2030,7,3,3,0.06883471171598048
148,electrolizer,2030,7,4,4,0.06883471171598048
149,electrolizer,2030,7,5,5,0.06883471171598048
150,electrolizer,2030,7,6,6,0.06883471171598048
151,electrolizer,2030,7,7,7,0.06883471171598048
152,electrolizer,2030,7,8,8,0.06883471171598048
153,electrolizer,2030,7,9,9,0.06883471171598048
154,electrolizer,2030,7,10,10,0.06883471171598048
155,electrolizer,2030,7,11,11,0.06883471171598048
156,electrolizer,2030,7,12,12,0.06883471171598048
157,electrolizer,2030,7,13,13,0.06883471171598048
158,electrolizer,2030,7,14,14,0.06883471171598048
159,electrolizer,2030,7,15,15,0.06883471171598048
160,electrolizer,2030,7,16,16,0.06883471171598048
161,electrolizer,2030,7,17,17,0.06883471171598048
162,electrolizer,2030,7,18,18,0.06883471171598048
163,electrolizer,2030,7,19,19,0.06883471171598048
164,electrolizer,2030,7,20,20,0.06883471171598048
165,electrolizer,2030,7,21,21,0.06883471171598048
166,electrolizer,2030,7,22,22,0.06883471171598048
167,electrolizer,2030,7,23,23,0.002753388468639219
168,electrolizer,2030,7,24,24,0.002753388468639219
169,electrolizer,2030,8,1,1,1.0909613786075403
170,electrolizer,2030,8,2,2,1.0909613786075403
171,electrolizer,2030,8,3,3,1.0909613786075403
172,electrolizer,2030,8,4,4,1.0909613786075403
173,electrolizer,2030,8,5,5,1.0909613786075403
174,electrolizer,2030,8,6,6,1.0909613786075403
175,electrolizer,2030,8,7,7,1.0909613786075403
176,electrolizer,2030,8,8,8,1.0909613786075403
177,electrolizer,2030,8,9,9,1.0909613786075403
178,electrolizer,2030,8,10,10,1.0909613786075403
179,electrolizer,2030,8,11,11,1.0909613786075403
180,electrolizer,2030,8,12,12,1.0909613786075403
181,electrolizer,2030,8,13,13,1.0909613786075403
182,electrolizer,2030,8,14,14,1.0909613786075403
183,electrolizer,2030,8,15,15,1.0909613786075403
184,electrolizer,2030,8,16,16,1.0909613786075403
185,electrolizer,2030,8,17,17,1.0909613786075403
186,electrolizer,2030,8,18,18,1.0909613786075403
187,electrolizer,2030,8,19,19,1.0909613786075403
188,electrolizer,2030,8,20,20,1.0909613786075403
189,electrolizer,2030,8,21,21,1.0909613786075403
190,electrolizer,2030,8,22,22,1.0909613786075403
191,electrolizer,2030,8,23,23,1.0909613786075403
192,electrolizer,2030,8,24,24,1.0909613786075403
193,electrolizer,2030,9,1,1,0.07308420823507768
194,electrolizer,2030,9,2,2,0.07308420823507768
195,electrolizer,2030,9,3,3,0.07308420823507768
196,electrolizer,2030,9,4,4,0.07308420823507768
197,electrolizer,2030,9,5,5,0.07308420823507768
198,electrolizer,2030,9,6,6,0.07308420823507768
199,electrolizer,2030,9,7,7,0.07308420823507768
200,electrolizer,2030,9,8,8,0.07308420823507768
201,electrolizer,2030,9,9,9,0.5890366177135931
202,electrolizer,2030,9,10,10,0.5890366177135931
203,electrolizer,2030,9,11,11,0.5890366177135931
204,electrolizer,2030,9,12,12,0.5890366177135931
205,electrolizer,2030,9,13,13,0.5890366177135931
206,electrolizer,2030,9,14,14,0.5890366177135931
207,electrolizer,2030,9,15,15,0.5890366177135931
208,electrolizer,2030,9,16,16,0.5890366177135931
209,electrolizer,2030,9,17,17,0.5890366177135931
210,electrolizer,2030,9,18,18,0.5890366177135931
211,electrolizer,2030,9,19,19,0.5890366177135931
212,electrolizer,2030,9,20,20,0.5890366177135931
213,electrolizer,2030,9,21,21,0.5890366177135931
214,electrolizer,2030,9,22,22,0.5890366177135931
215,electrolizer,2030,9,23,23,0.5890366177135931
216,electrolizer,2030,9,24,24,0.5890366177135931
217,electrolizer,2030,10,1,1,0.20809339030401872
218,electrolizer,2030,10,2,2,0.20809339030401872
219,electrolizer,2030,10,3,3,0.20809339030401872
220,electrolizer,2030,10,4,4,0.20809339030401872
221,electrolizer,2030,10,5,5,0.20809339030401872
222,electrolizer,2030,10,6,6,0.20809339030401872
223,electrolizer,2030,10,7,7,0.20809339030401872
224,electrolizer,2030,10,8,8,0.20809339030401872
225,electrolizer,2030,10,9,9,0.20809339030401872
226,electrolizer,2030,10,10,10,0.20809339030401872
227,electrolizer,2030,10,11,11,0.20809339030401872
228,electrolizer,2030,10,12,12,0.20809339030401872
229,electrolizer,2030,10,13,13,0.20809339030401872
230,electrolizer,2030,10,14,14,0.20809339030401872
231,electrolizer,2030,10,15,15,0.20809339030401872
232,electrolizer,2030,10,16,16,0.20809339030401872
233,electrolizer,2030,10,17,17,0.20809339030401872
234,electrolizer,2030,10,18,18,0.20809339030401872
235,electrolizer,2030,10,19,19,0.20809339030401872
236,electrolizer,2030,10,20,20,0.20809339030401872
237,electrolizer,2030,10,21,21,0.20809339030401872
238,electrolizer,2030,10,22,22,0.20809339030401872
239,electrolizer,2030,10,23,23,0.20809339030401872
240,electrolizer,2030,10,24,24,0.20809339030401872
241,electrolizer,2030,11,1,1,0.40395005522605004
242,electrolizer,2030,11,2,2,0.40395005522605004
243,electrolizer,2030,11,3,3,0.40395005522605004
244,electrolizer,2030,11,4,4,0.40395005522605004
245,electrolizer,2030,11,5,5,0.40395005522605004
246,electrolizer,2030,11,6,6,0.40395005522605004
247,electrolizer,2030,11,7,7,0.40395005522605004
248,electrolizer,2030,11,8,8,0.40395005522605004
249,electrolizer,2030,11,9,9,0.40395005522605004
250,electrolizer,2030,11,10,10,0.40395005522605004
251,electrolizer,2030,11,11,11,0.40395005522605004
252,electrolizer,2030,11,12,12,0.40395005522605004
253,electrolizer,2030,11,13,13,0.40395005522605004
254,electrolizer,2030,11,14,14,0.40395005522605004
255,electrolizer,2030,11,15,15,0.40395005522605004
256,electrolizer,2030,11,16,16,0.40395005522605004
257,electrolizer,2030,11,17,17,0.40395005522605004
258,electrolizer,2030,11,18,18,0.40395005522605004
259,electrolizer,2030,11,19,19,0.40395005522605004
260,electrolizer,2030,11,20,20,0.40395005522605004
261,electrolizer,2030,11,21,21,0.40395005522605004
262,electrolizer,2030,11,22,22,0.05011975328003533
263,electrolizer,2030,11,23,23,0.40395005522605004
264,electrolizer,2030,11,24,24,0.40395005522605004
265,electrolizer,2030,12,1,1,0.09506653331215036
266,electrolizer,2030,12,2,2,0.09506653331215036
267,electrolizer,2030,12,3,3,0.09506653331215036
268,electrolizer,2030,12,4,4,0.09506653331215036
269,electrolizer,2030,12,5,5,0.09506653331215036
270,electrolizer,2030,12,6,6,0.09506653331215036
271,electrolizer,2030,12,7,7,0.09506653331215036
272,electrolizer,2030,12,8,8,0.09506653331215036
273,electrolizer,2030,12,9,9,0.7662075103807295
274,electrolizer,2030,12,10,10,0.7662075103807295
275,electrolizer,2030,12,11,11,0.7662075103807295
276,electrolizer,2030,12,12,12,0.7662075103807295
277,electrolizer,2030,12,13,13,0.7662075103807295
278,electrolizer,2030,12,14,14,0.7662075103807295
279,electrolizer,2030,12,15,15,0.7662075103807295
280,electrolizer,2030,12,16,16,0.7662075103807295
281,electrolizer,2030,12,17,17,0.7662075103807295
282,electrolizer,2030,12,18,18,0.7662075103807295
283,electrolizer,2030,12,19,19,0.7662075103807295
284,electrolizer,2030,12,20,20,0.09506653331215036
285,electrolizer,2030,12,21,21,0.09506653331215036
286,electrolizer,2030,12,22,22,0.09506653331215036
287,electrolizer,2030,12,23,23,0.09506653331215036
288,electrolizer,2030,12,24,24,0.09506653331215036
289,electrolizer,2030,13,1,1,0.08658191735389868
290,electrolizer,2030,13,2,2,0.08658191735389868
291,electrolizer,2030,13,3,3,0.08658191735389868
292,electrolizer,2030,13,4,4,0.08658191735389868
293,electrolizer,2030,13,5,5,0.08658191735389868
294,electrolizer,2030,13,6,6,0.08658191735389868
295,electrolizer,2030,13,7,7,0.08658191735389868
296,electrolizer,2030,13,8,8,0.08658191735389868
297,electrolizer,2030,13,9,9,0.08658191735389868
298,electrolizer,2030,13,10,10,0.08658191735389868
299,electrolizer,2030,13,11,11,0.08658191735389868
300,electrolizer,2030,13,12,12,0.08658191735389868
301,electrolizer,2030,13,13,13,0.08658191735389868
302,electrolizer,2030,13,14,14,0.08658191735389868
303,electrolizer,2030,13,15,15,0.6978240715046876
304,electrolizer,2030,13,16,16,0.6978240715046876
305,electrolizer,2030,13,17,17,0.6978240715046876
306,electrolizer,2030,13,18,18,0.6978240715046876
307,electrolizer,2030,13,19,19,0.6978240715046876
308,electrolizer,2030,13,20,20,0.6978240715046876
309,electrolizer,2030,13,21,21,0.6978240715046876
310,electrolizer,2030,13,22,22,0.6978240715046876
311,electrolizer,2030,13,23,23,0.6978240715046876
312,electrolizer,2030,13,24,24,0.6978240715046876
313,electrolizer,2030,14,1,1,0.06448877532862053
314,electrolizer,2030,14,2,2,0.06448877532862053
315,electrolizer,2030,14,3,3,0.06448877532862053
316,electrolizer,2030,14,4,4,0.06448877532862053
317,electrolizer,2030,14,5,5,0.06448877532862053
318,electrolizer,2030,14,6,6,0.06448877532862053
319,electrolizer,2030,14,7,7,0.06448877532862053
320,electrolizer,2030,14,8,8,0.06448877532862053
321,electrolizer,2030,14,9,9,0.06448877532862053
322,electrolizer,2030,14,10,10,0.06448877532862053
323,electrolizer,2030,14,11,11,0.06448877532862053
324,electrolizer,2030,14,12,12,0.519760027746055
325,electrolizer,2030,14,13,13,0.519760027746055
326,electrolizer,2030,14,14,14,0.519760027746055
327,electrolizer,2030,14,15,15,0.519760027746055
328,electrolizer,2030,14,16,16,0.519760027746055
329,electrolizer,2030,14,17,17,0.519760027746055
330,electrolizer,2030,14,18,18,0.06448877532862053
331,electrolizer,2030,14,19,19,0.06448877532862053
332,electrolizer,2030,14,20,20,0.06448877532862053
333,electrolizer,2030,14,21,21,0.06448877532862053
334,electrolizer,2030,14,22,22,0.06448877532862053
335,electrolizer,2030,14,23,23,0.06448877532862053
336,electrolizer,2030,14,24,24,0.06448877532862053
337,electrolizer,2030,15,1,1,0.8676275690934468
338,electrolizer,2030,15,2,2,0.8676275690934468
339,electrolizer,2030,15,3,3,0.8676275690934468
340,electrolizer,2030,15,4,4,0.10765013926681123
341,electrolizer,2030,15,5,5,0.10765013926681123
342,electrolizer,2030,15,6,6,0.10765013926681123
343,electrolizer,2030,15,7,7,0.10765013926681123
344,electrolizer,2030,15,8,8,0.8676275690934468
345,electrolizer,2030,15,9,9,0.8676275690934468
346,electrolizer,2030,15,10,10,0.8676275690934468
347,electrolizer,2030,15,11,11,0.8676275690934468
348,electrolizer,2030,15,12,12,0.8676275690934468
349,electrolizer,2030,15,13,13,0.8676275690934468
350,electrolizer,2030,15,14,14,0.8676275690934468
351,electrolizer,2030,15,15,15,0.8676275690934468
352,electrolizer,2030,15,16,16,0.8676275690934468
353,electrolizer,2030,15,17,17,0.8676275690934468
354,electrolizer,2030,15,18,18,0.8676275690934468
355,electrolizer,2030,15,19,19,0.8676275690934468
356,electrolizer,2030,15,20,20,0.8676275690934468
357,electrolizer,2030,15,21,21,0.8676275690934468
358,electrolizer,2030,15,22,22,0.8676275690934468
359,electrolizer,2030,15,23,23,0.10765013926681123
360,electrolizer,2030,15,24,24,0.10765013926681123
361,electrolizer,2030,16,1,1,0.5084604530719004
362,electrolizer,2030,16,2,2,0.06308679038639528
363,electrolizer,2030,16,3,3,0.06308679038639528
364,electrolizer,2030,16,4,4,0.06308679038639528
365,electrolizer,2030,16,5,5,0.06308679038639528
366,electrolizer,2030,16,6,6,0.06308679038639528
367,electrolizer,2030,16,7,7,0.06308679038639528
368,electrolizer,2030,16,8,8,0.06308679038639528
369,electrolizer,2030,16,9,9,0.06308679038639528
370,electrolizer,2030,16,10,10,0.06308679038639528
371,electrolizer,2030,16,11,11,0.06308679038639528
372,electrolizer,2030,16,12,12,0.06308679038639528
373,electrolizer,2030,16,13,13,0.06308679038639528
374,electrolizer,2030,16,14,14,0.06308679038639528
375,electrolizer,2030,16,15,15,0.06308679038639528
376,electrolizer,2030,16,16,16,0.5084604530719004
377,electrolizer,2030,16,17,17,0.5084604530719004
378,electrolizer,2030,16,18,18,0.5084604530719004
379,electrolizer,2030,16,19,19,0.06308679038639528
380,electrolizer,2030,16,20,20,0.06308679038639528
381,electrolizer,2030,16,21,21,0.06308679038639528
382,electrolizer,2030,16,22,22,0.06308679038639528
383,electrolizer,2030,16,23,23,0.06308679038639528
384,electrolizer,2030,16,24,24,0.06308679038639528
385,electrolizer,2030,17,1,1,0.2321392098452083
386,electrolizer,2030,17,2,2,0.2321392098452083
387,electrolizer,2030,17,3,3,0.2321392098452083
388,electrolizer,2030,17,4,4,0.2321392098452083
389,electrolizer,2030,17,5,5,0.2321392098452083
390,electrolizer,2030,17,6,6,0.2321392098452083
391,electrolizer,2030,17,7,7,0.2321392098452083
392,electrolizer,2030,17,8,8,0.2321392098452083
393,electrolizer,2030,17,9,9,0.2321392098452083
394,electrolizer,2030,17,10,10,0.2321392098452083
395,electrolizer,2030,17,11,11,0.2321392098452083
396,electrolizer,2030,17,12,12,0.2321392098452083
397,electrolizer,2030,17,13,13,0.2321392098452083
398,electrolizer,2030,17,14,14,0.2321392098452083
399,electrolizer,2030,17,15,15,0.2321392098452083
400,electrolizer,2030,17,16,16,0.2321392098452083
401,electrolizer,2030,17,17,17,0.2321392098452083
402,electrolizer,2030,17,18,18,0.2321392098452083
403,electrolizer,2030,17,19,19,0.2321392098452083
404,electrolizer,2030,17,20,20,0.2321392098452083
405,electrolizer,2030,17,21,21,0.2321392098452083
406,electrolizer,2030,17,22,22,0.2321392098452083
407,electrolizer,2030,17,23,23,0.2321392098452083
408,electrolizer,2030,17,24,24,0.2321392098452083
409,electrolizer,2030,18,1,1,0.05463137793172852
410,electrolizer,2030,18,2,2,0.05463137793172852
411,electrolizer,2030,18,3,3,0.05463137793172852
412,electrolizer,2030,18,4,4,0.05463137793172852
413,electrolizer,2030,18,5,5,0.05463137793172852
414,electrolizer,2030,18,6,6,0.05463137793172852
415,electrolizer,2030,18,7,7,0.05463137793172852
416,electrolizer,2030,18,8,8,0.05463137793172852
417,electrolizer,2030,18,9,9,0.05463137793172852
418,electrolizer,2030,18,10,10,0.05463137793172852
419,electrolizer,2030,18,11,11,0.05463137793172852
420,electrolizer,2030,18,12,12,0.05463137793172852
421,electrolizer,2030,18,13,13,0.05463137793172852
422,electrolizer,2030,18,14,14,0.05463137793172852
423,electrolizer,2030,18,15,15,0.05463137793172852
424,electrolizer,2030,18,16,16,0.05463137793172852
425,electrolizer,2030,18,17,17,0.05463137793172852
426,electrolizer,2030,18,18,18,0.05463137793172852
427,electrolizer,2030,18,19,19,0.05463137793172852
428,electrolizer,2030,18,20,20,0.05463137793172852
429,electrolizer,2030,18,21,21,0.05463137793172852
430,electrolizer,2030,18,22,22,0.05463137793172852
431,electrolizer,2030,18,23,23,0.05463137793172852
432,electrolizer,2030,18,24,24,0.05463137793172852
433,electrolizer,2030,19,1,1,0.0760696382368099
434,electrolizer,2030,19,2,2,0.0760696382368099
435,electrolizer,2030,19,3,3,0.0760696382368099
436,electrolizer,2030,19,4,4,0.0760696382368099
437,electrolizer,2030,19,5,5,0.0760696382368099
438,electrolizer,2030,19,6,6,0.0760696382368099
439,electrolizer,2030,19,7,7,0.0760696382368099
440,electrolizer,2030,19,8,8,0.6130982807336629
441,electrolizer,2030,19,9,9,0.6130982807336629
442,electrolizer,2030,19,10,10,0.6130982807336629
443,electrolizer,2030,19,11,11,0.6130982807336629
444,electrolizer,2030,19,12,12,0.6130982807336629
445,electrolizer,2030,19,13,13,0.6130982807336629
446,electrolizer,2030,19,14,14,0.6130982807336629
447,electrolizer,2030,19,15,15,0.6130982807336629
448,electrolizer,2030,19,16,16,0.6130982807336629
449,electrolizer,2030,19,17,17,0.6130982807336629
450,electrolizer,2030,19,18,18,0.6130982807336629
451,electrolizer,2030,19,19,19,0.6130982807336629
452,electrolizer,2030,19,20,20,0.6130982807336629
453,electrolizer,2030,19,21,21,0.6130982807336629
454,electrolizer,2030,19,22,22,0.6130982807336629
455,electrolizer,2030,19,23,23,0.6130982807336629
456,electrolizer,2030,19,24,24,0.6130982807336629
457,electrolizer,2030,20,1,1,0.1032136143579074
458,electrolizer,2030,20,2,2,0.1032136143579074
459,electrolizer,2030,20,3,3,0.1032136143579074
460,electrolizer,2030,20,4,4,0.1032136143579074
461,electrolizer,2030,20,5,5,0.1032136143579074
462,electrolizer,2030,20,6,6,0.1032136143579074
463,electrolizer,2030,20,7,7,0.1032136143579074
464,electrolizer,2030,20,8,8,0.1032136143579074
465,electrolizer,2030,20,9,9,0.1032136143579074
466,electrolizer,2030,20,10,10,0.1032136143579074
467,electrolizer,2030,20,11,11,0.1032136143579074
468,electrolizer,2030,20,12,12,0.1032136143579074
469,electrolizer,2030,20,13,13,0.1032136143579074
470,electrolizer,2030,20,14,14,0.1032136143579074
471,electrolizer,2030,20,15,15,0.1032136143579074
472,electrolizer,2030,20,16,16,0.1032136143579074
473,electrolizer,2030,20,17,17,0.1032136143579074
474,electrolizer,2030,20,18,18,0.8318705199326065
475,electrolizer,2030,20,19,19,0.8318705199326065
476,electrolizer,2030,20,20,20,0.8318705199326065
477,electrolizer,2030,20,21,21,0.8318705199326065
478,electrolizer,2030,20,22,22,0.1032136143579074
479,electrolizer,2030,20,23,23,0.8318705199326065
480,electrolizer,2030,20,24,24,0.1032136143579074
481,electrolizer,2030,21,1,1,0.6879722424664066
482,electrolizer,2030,21,2,2,0.6879722424664066
483,electrolizer,2030,21,3,3,0.6879722424664066
484,electrolizer,2030,21,4,4,0.6879722424664066
485,electrolizer,2030,21,5,5,0.6879722424664066
486,electrolizer,2030,21,6,6,0.6879722424664066
487,electrolizer,2030,21,7,7,0.6879722424664066
488,electrolizer,2030,21,8,8,0.6879722424664066
489,electrolizer,2030,21,9,9,0.6879722424664066
490,electrolizer,2030,21,10,10,0.6879722424664066
491,electrolizer,2030,21,11,11,0.6879722424664066
492,electrolizer,2030,21,12,12,0.6879722424664066
493,electrolizer,2030,21,13,13,0.6879722424664066
494,electrolizer,2030,21,14,14,0.6879722424664066
495,electrolizer,2030,21,15,15,0.6879722424664066
496,electrolizer,2030,21,16,16,0.6879722424664066
497,electrolizer,2030,21,17,17,0.6879722424664066
498,electrolizer,2030,21,18,18,0.6879722424664066
499,electrolizer,2030,21,19,19,0.6879722424664066
500,electrolizer,2030,21,20,20,0.6879722424664066
501,electrolizer,2030,21,21,21,0.6879722424664066
502,electrolizer,2030,21,22,22,0.6879722424664066
503,electrolizer,2030,21,23,23,0.6879722424664066
504,electrolizer,2030,21,24,24,0.6879722424664066
505,electrolizer,2030,22,1,1,0.14617125764587244
506,electrolizer,2030,22,2,2,0.14617125764587244
507,electrolizer,2030,22,3,3,0.14617125764587244
508,electrolizer,2030,22,4,4,0.14617125764587244
509,electrolizer,2030,22,5,5,0.14617125764587244
510,electrolizer,2030,22,6,6,0.14617125764587244
511,electrolizer,2030,22,7,7,0.14617125764587244
512,electrolizer,2030,22,8,8,0.14617125764587244
513,electrolizer,2030,22,9,9,0.14617125764587244
514,electrolizer,2030,22,10,10,0.14617125764587244
515,electrolizer,2030,22,11,11,0.14617125764587244
516,electrolizer,2030,22,12,12,0.14617125764587244
517,electrolizer,2030,22,13,13,0.14617125764587244
518,electrolizer,2030,22,14,14,0.14617125764587244
519,electrolizer,2030,22,15,15,0.14617125764587244
520,electrolizer,2030,22,16,16,0.14617125764587244
521,electrolizer,2030,22,17,17,0.14617125764587244
522,electrolizer,2030,22,18,18,0.14617125764587244
523,electrolizer,2030,22,19,19,0.14617125764587244
524,electrolizer,2030,22,20,20,0.14617125764587244
525,electrolizer,2030,22,21,21,0.14617125764587244
526,electrolizer,2030,22,22,22,0.005846850305834898
527,electrolizer,2030,22,23,23,0.14617125764587244
528,electrolizer,2030,22,24,24,0.005846850305834898
529,electrolizer,2030,23,1,1,0.2102696515191821
530,electrolizer,2030,23,2,2,0.2102696515191821
531,electrolizer,2030,23,3,3,0.2102696515191821
532,electrolizer,2030,23,4,4,0.2102696515191821
533,electrolizer,2030,23,5,5,0.2102696515191821
534,electrolizer,2030,23,6,6,0.2102696515191821
535,electrolizer,2030,23,7,7,0.2102696515191821
536,electrolizer,2030,23,8,8,0.2102696515191821
537,electrolizer,2030,23,9,9,1.694709805711877
538,electrolizer,2030,23,10,10,1.694709805711877
539,electrolizer,2030,23,11,11,1.694709805711877
540,electrolizer,2030,23,12,12,1.694709805711877
541,electrolizer,2030,23,13,13,1.694709805711877
542,electrolizer,2030,23,14,14,1.694709805711877
543,electrolizer,2030,23,15,15,1.694709805711877
544,electrolizer,2030,23,16,16,1.694709805711877
545,electrolizer,2030,23,17,17,1.694709805711877
546,electrolizer,2030,23,18,18,1.694709805711877
547,electrolizer,2030,23,19,19,1.694709805711877
548,electrolizer,2030,23,20,20,1.694709805711877
549,electrolizer,2030,23,21,21,1.694709805711877
550,electrolizer,2030,23,22,22,0.2102696515191821
551,electrolizer,2030,23,23,23,0.2102696515191821
552,electrolizer,2030,23,24,24,0.2102696515191821
553,electrolizer,2030,24,1,1,0.09089690550922674
554,electrolizer,2030,24,2,2,0.09089690550922674
555,electrolizer,2030,24,3,3,0.09089690550922674
556,electrolizer,2030,24,4,4,0.09089690550922674
557,electrolizer,2030,24,5,5,0.09089690550922674
558,electrolizer,2030,24,6,6,0.09089690550922674
559,electrolizer,2030,24,7,7,0.09089690550922674
560,electrolizer,2030,24,8,8,0.09089690550922674
561,electrolizer,2030,24,9,9,0.09089690550922674
562,electrolizer,2030,24,10,10,0.09089690550922674
563,electrolizer,2030,24,11,11,0.09089690550922674
564,electrolizer,2030,24,12,12,0.09089690550922674
565,electrolizer,2030,24,13,13,0.09089690550922674
566,electrolizer,2030,24,14,14,0.09089690550922674
567,electrolizer,2030,24,15,15,0.09089690550922674
568,electrolizer,2030,24,16,16,0.09089690550922674
569,electrolizer,2030,24,17,17,0.09089690550922674
570,electrolizer,2030,24,18,18,0.09089690550922674
571,electrolizer,2030,24,19,19,0.09089690550922674
572,electrolizer,2030,24,20,20,0.09089690550922674
573,electrolizer,2030,24,21,21,0.09089690550922674
574,electrolizer,2030,24,22,22,0.09089690550922674
575,electrolizer,2030,24,23,23,0.09089690550922674
576,electrolizer,2030,24,24,24,0.09089690550922674
577,electrolizer,2030,25,1,1,0.08488099100009366
578,electrolizer,2030,25,2,2,0.08488099100009366
579,electrolizer,2030,25,3,3,0.08488099100009366
580,electrolizer,2030,25,4,4,0.08488099100009366
581,electrolizer,2030,25,5,5,0.08488099100009366
582,electrolizer,2030,25,6,6,0.08488099100009366
583,electrolizer,2030,25,7,7,0.08488099100009366
584,electrolizer,2030,25,8,8,0.08488099100009366
585,electrolizer,2030,25,9,9,2.122024775002342
586,electrolizer,2030,25,10,10,2.122024775002342
587,electrolizer,2030,25,11,11,2.122024775002342
588,electrolizer,2030,25,12,12,2.122024775002342
589,electrolizer,2030,25,13,13,2.122024775002342
590,electrolizer,2030,25,14,14,2.122024775002342
591,electrolizer,2030,25,15,15,2.122024775002342
592,electrolizer,2030,25,16,16,2.122024775002342
593,electrolizer,2030,25,17,17,2.122024775002342
594,electrolizer,2030,25,18,18,2.122024775002342
595,electrolizer,2030,25,19,19,2.122024775002342
596,electrolizer,2030,25,20,20,2.122024775002342
597,electrolizer,2030,25,21,21,0.9464819764943817
598,electrolizer,2030,25,22,22,0.08488099100009366
599,electrolizer,2030,25,23,23,0.08488099100009366
600,electrolizer,2030,25,24,24,0.08488099100009366
601,electrolizer,2030,26,1,1,2.1618932646749793
602,electrolizer,2030,26,2,2,2.1618932646749793
603,electrolizer,2030,26,3,3,2.1618932646749793
604,electrolizer,2030,26,4,4,2.1618932646749793
605,electrolizer,2030,26,5,5,2.1618932646749793
606,electrolizer,2030,26,6,6,2.1618932646749793
607,electrolizer,2030,26,7,7,2.1618932646749793
608,electrolizer,2030,26,8,8,2.1618932646749793
609,electrolizer,2030,26,9,9,2.1618932646749793
610,electrolizer,2030,26,10,10,2.1618932646749793
611,electrolizer,2030,26,11,11,2.1618932646749793
612,electrolizer,2030,26,12,12,2.1618932646749793
613,electrolizer,2030,26,13,13,2.1618932646749793
614,electrolizer,2030,26,14,14,2.1618932646749793
615,electrolizer,2030,26,15,15,2.1618932646749793
616,electrolizer,2030,26,16,16,2.1618932646749793
617,electrolizer,2030,26,17,17,2.1618932646749793
618,electrolizer,2030,26,18,18,2.1618932646749793
619,electrolizer,2030,26,19,19,2.1618932646749793
620,electrolizer,2030,26,20,20,2.1618932646749793
621,electrolizer,2030,26,21,21,2.1618932646749793
622,electrolizer,2030,26,22,22,2.1618932646749793
623,electrolizer,2030,26,23,23,2.1618932646749793
624,electrolizer,2030,26,24,24,2.1618932646749793
625,electrolizer,2030,27,1,1,0.6516267925330375
626,electrolizer,2030,27,2,2,0.6516267925330375
627,electrolizer,2030,27,3,3,0.6516267925330376
628,electrolizer,2030,27,4,4,0.6516267925330375
629,electrolizer,2030,27,5,5,0.6516267925330375
630,electrolizer,2030,27,6,6,0.6516267925330375
631,electrolizer,2030,27,7,7,0.6516267925330375
632,electrolizer,2030,27,8,8,0.6516267925330376
633,electrolizer,2030,27,9,9,0.6516267925330375
634,electrolizer,2030,27,10,10,0.6516267925330376
635,electrolizer,2030,27,11,11,0.6516267925330375
636,electrolizer,2030,27,12,12,0.6516267925330376
637,electrolizer,2030,27,13,13,0.6516267925330376
638,electrolizer,2030,27,14,14,0.6516267925330375
639,electrolizer,2030,27,15,15,0.6516267925330375
640,electrolizer,2030,27,16,16,0.6516267925330375
641,electrolizer,2030,27,17,17,0.6516267925330375
642,electrolizer,2030,27,18,18,0.6516267925330375
643,electrolizer,2030,27,19,19,0.6516267925330375
644,electrolizer,2030,27,20,20,0.6516267925330375
645,electrolizer,2030,27,21,21,0.6516267925330375
646,electrolizer,2030,27,22,22,0.6516267925330375
647,electrolizer,2030,27,23,23,0.6516267925330375
648,electrolizer,2030,27,24,24,0.6516267925330375
649,electrolizer,2030,28,1,1,1.0689757979834784
650,electrolizer,2030,28,2,2,1.0689757979834784
651,electrolizer,2030,28,3,3,1.0689757979834784
652,electrolizer,2030,28,4,4,1.0689757979834784
653,electrolizer,2030,28,5,5,1.0689757979834784
654,electrolizer,2030,28,6,6,1.0689757979834784
655,electrolizer,2030,28,7,7,1.0689757979834784
656,electrolizer,2030,28,8,8,1.0689757979834784
657,electrolizer,2030,28,9,9,1.0689757979834784
658,electrolizer,2030,28,10,10,1.0689757979834784
659,electrolizer,2030,28,11,11,1.0689757979834784
660,electrolizer,2030,28,12,12,1.0689757979834784
661,electrolizer,2030,28,13,13,1.0689757979834784
662,electrolizer,2030,28,14,14,1.0689757979834784
663,electrolizer,2030,28,15,15,1.0689757979834784
664,electrolizer,2030,28,16,16,1.0689757979834784
665,electrolizer,2030,28,17,17,1.0689757979834784
666,electrolizer,2030,28,18,18,1.0689757979834784
667,electrolizer,2030,28,19,19,1.0689757979834784
668,electrolizer,2030,28,20,20,1.0689757979834784
669,electrolizer,2030,28,21,21,1.0689757979834784
670,electrolizer,2030,28,22,22,1.0689757979834784
671,electrolizer,2030,28,23,23,1.0689757979834784
672,electrolizer,2030,28,24,24,1.0689757979834784
673,electrolizer,2030,29,1,1,2.4071632536002983
674,electrolizer,2030,29,2,2,2.407163253600298
675,electrolizer,2030,29,3,3,2.407163253600298
676,electrolizer,2030,29,4,4,2.407163253600298
677,electrolizer,2030,29,5,5,2.407163253600298
678,electrolizer,2030,29,6,6,2.407163253600298
679,electrolizer,2030,29,7,7,2.407163253600298
680,electrolizer,2030,29,8,8,2.407163253600298
681,electrolizer,2030,29,9,9,2.407163253600298
682,electrolizer,2030,29,10,10,2.407163253600298
683,electrolizer,2030,29,11,11,2.407163253600298
684,electrolizer,2030,29,12,12,2.407163253600298
685,electrolizer,2030,29,13,13,2.407163253600298
686,electrolizer,2030,29,14,14,2.407163253600298
687,electrolizer,2030,29,15,15,2.407163253600298
688,electrolizer,2030,29,16,16,2.407163253600298
689,electrolizer,2030,29,17,17,2.407163253600298
690,electrolizer,2030,29,18,18,2.407163253600298
691,electrolizer,2030,29,19,19,2.407163253600298
692,electrolizer,2030,29,20,20,2.407163253600298
693,electrolizer,2030,29,21,21,2.407163253600298
694,electrolizer,2030,29,22,22,2.407163253600298
695,electrolizer,2030,29,23,23,2.407163253600298
696,electrolizer,2030,29,24,24,2.407163253600298
697,electrolizer,2030,30,1,1,0.4456490592436984
698,electrolizer,2030,30,2,2,0.4456490592436984
699,electrolizer,2030,30,3,3,0.4456490592436984
700,electrolizer,2030,30,4,4,0.4456490592436984
701,electrolizer,2030,30,5,5,0.4456490592436984
702,electrolizer,2030,30,6,6,0.4456490592436984
703,electrolizer,2030,30,7,7,0.4456490592436984
704,electrolizer,2030,30,8,8,0.4456490592436984
705,electrolizer,2030,30,9,9,0.4456490592436984
706,electrolizer,2030,30,10,10,0.4456490592436984
707,electrolizer,2030,30,11,11,0.4456490592436984
708,electrolizer,2030,30,12,12,0.4456490592436984
709,electrolizer,2030,30,13,13,0.4456490592436984
710,electrolizer,2030,30,14,14,0.4456490592436984
711,electrolizer,2030,30,15,15,0.44564905924369846
712,electrolizer,2030,30,16,16,0.4456490592436984
713,electrolizer,2030,30,17,17,0.4456490592436984
714,electrolizer,2030,30,18,18,0.4456490592436984
715,electrolizer,2030,30,19,19,0.4456490592436984
716,electrolizer,2030,30,20,20,0.4456490592436984
717,electrolizer,2030,30,21,21,0.4456490592436984
718,electrolizer,2030,30,22,22,0.4456490592436984
719,electrolizer,2030,30,23,23,0.4456490592436984
720,electrolizer,2030,30,24,24,0.44564905924369846
721,electrolizer,2030,31,1,1,0.6060145058470819
722,electrolizer,2030,31,2,2,0.6060145058470817
723,electrolizer,2030,31,3,3,0.6060145058470817
724,electrolizer,2030,31,4,4,0.6060145058470817
725,electrolizer,2030,31,5,5,0.6060145058470817
726,electrolizer,2030,31,6,6,0.6060145058470817
727,electrolizer,2030,31,7,7,0.6060145058470817
728,electrolizer,2030,31,8,8,0.6060145058470817
729,electrolizer,2030,31,9,9,0.6060145058470817
730,electrolizer,2030,31,10,10,0.6060145058470817
731,electrolizer,2030,31,11,11,0.6060145058470817
732,electrolizer,2030,31,12,12,0.6060145058470817
733,electrolizer,2030,31,13,13,0.6060145058470817
734,electrolizer,2030,31,14,14,0.6060145058470817
735,electrolizer,2030,31,15,15,0.6060145058470817
736,electrolizer,2030,31,16,16,0.6060145058470817
737,electrolizer,2030,31,17,17,0.6060145058470817
738,electrolizer,2030,31,18,18,0.6060145058470817
739,electrolizer,2030,31,19,19,0.6060145058470817
740,electrolizer,2030,31,20,20,0.6060145058470817
741,electrolizer,2030,31,21,21,0.6060145058470817
742,electrolizer,2030,31,22,22,0.6060145058470817
743,electrolizer,2030,31,23,23,0.6060145058470817
744,electrolizer,2030,31,24,24,0.6060145058470817
745,electrolizer,2030,32,1,1,0.6422878249019707
746,electrolizer,2030,32,2,2,0.6422878249019701
747,electrolizer,2030,32,3,3,0.6422878249019701
748,electrolizer,2030,32,4,4,0.6422878249019701
749,electrolizer,2030,32,5,5,0.6422878249019701
750,electrolizer,2030,32,6,6,0.6422878249019701
751,electrolizer,2030,32,7,7,0.6422878249019701
752,electrolizer,2030,32,8,8,0.6422878249019701
753,electrolizer,2030,32,9,9,0.6422878249019701
754,electrolizer,2030,32,10,10,0.6422878249019701
755,electrolizer,2030,32,11,11,0.6422878249019707
756,electrolizer,2030,32,12,12,0.6422878249019701
757,electrolizer,2030,32,13,13,0.6422878249019701
758,electrolizer,2030,32,14,14,0.6422878249019701
759,electrolizer,2030,32,15,15,0.6422878249019701
760,electrolizer,2030,32,16,16,0.6422878249019701
761,electrolizer,2030,32,17,17,0.6422878249019701
762,electrolizer,2030,32,18,18,0.6422878249019701
763,electrolizer,2030,32,19,19,0.6422878249019701
764,electrolizer,2030,32,20,20,0.6422878249019701
765,electrolizer,2030,32,21,21,0.6422878249019701
766,electrolizer,2030,32,22,22,0.6422878249019701
767,electrolizer,2030,32,23,23,0.6422878249019701
768,electrolizer,2030,32,24,24,0.6422878249019701
769,electrolizer,2030,33,1,1,0.4942841495222135
770,electrolizer,2030,33,2,2,0.49428414952221333
771,electrolizer,2030,33,3,3,0.49428414952221333
772,electrolizer,2030,33,4,4,0.4942841495222135
773,electrolizer,2030,33,5,5,0.49428414952221333
774,electrolizer,2030,33,6,6,0.49428414952221333
775,electrolizer,2030,33,7,7,0.49428414952221333
776,electrolizer,2030,33,8,8,0.49428414952221333
777,electrolizer,2030,33,9,9,0.49428414952221333
778,electrolizer,2030,33,10,10,0.4942841495222135
779,electrolizer,2030,33,11,11,0.49428414952221333
780,electrolizer,2030,33,12,12,0.49428414952221333
781,electrolizer,2030,33,13,13,0.49428414952221333
782,electrolizer,2030,33,14,14,0.49428414952221333
783,electrolizer,2030,33,15,15,0.4942841495222135
784,electrolizer,2030,33,16,16,0.49428414952221333
785,electrolizer,2030,33,17,17,0.49428414952221333
786,electrolizer,2030,33,18,18,0.49428414952221333
787,electrolizer,2030,33,19,19,0.49428414952221333
788,electrolizer,2030,33,20,20,0.49428414952221333
789,electrolizer,2030,33,21,21,0.49428414952221333
790,electrolizer,2030,33,22,22,0.49428414952221333
791,electrolizer,2030,33,23,23,0.49428414952221333
792,electrolizer,2030,33,24,24,0.49428414952221333
793,electrolizer,2030,34,1,1,0.9156530572439172
794,electrolizer,2030,34,2,2,0.9156530572439168
795,electrolizer,2030,34,3,3,0.9156530572439168
796,electrolizer,2030,34,4,4,0.9156530572439168
797,electrolizer,2030,34,5,5,0.9156530572439168
798,electrolizer,2030,34,6,6,0.9156530572439168
799,electrolizer,2030,34,7,7,0.9156530572439168
800,electrolizer,2030,34,8,8,0.9156530572439168
801,electrolizer,2030,34,9,9,0.9156530572439168
802,electrolizer,2030,34,10,10,0.9156530572439168
803,electrolizer,2030,34,11,11,0.9156530572439168
804,electrolizer,2030,34,12,12,0.9156530572439168
805,electrolizer,2030,34,13,13,0.9156530572439168
806,electrolizer,2030,34,14,14,0.9156530572439168
807,electrolizer,2030,34,15,15,0.9156530572439168
808,electrolizer,2030,34,16,16,0.9156530572439168
809,electrolizer,2030,34,17,17,0.9156530572439168
810,electrolizer,2030,34,18,18,0.9156530572439168
811,electrolizer,2030,34,19,19,0.9156530572439168
812,electrolizer,2030,34,20,20,0.9156530572439168
813,electrolizer,2030,34,21,21,0.9156530572439168
814,electrolizer,2030,34,22,22,0.9156530572439168
815,electrolizer,2030,34,23,23,0.9156530572439168
816,electrolizer,2030,34,24,24,0.9156530572439168
817,electrolizer,2030,35,1,1,0.6788512665670117
818,electrolizer,2030,35,2,2,0.6788512665670116
819,electrolizer,2030,35,3,3,0.6788512665670116
820,electrolizer,2030,35,4,4,0.6788512665670116
821,electrolizer,2030,35,5,5,0.6788512665670116
822,electrolizer,2030,35,6,6,0.6788512665670116
823,electrolizer,2030,35,7,7,0.6788512665670116
824,electrolizer,2030,35,8,8,0.6788512665670116
825,electrolizer,2030,35,9,9,0.6788512665670117
826,electrolizer,2030,35,10,10,0.6788512665670116
827,electrolizer,2030,35,11,11,0.6788512665670117
828,electrolizer,2030,35,12,12,0.6788512665670116
829,electrolizer,2030,35,13,13,0.6788512665670116
830,electrolizer,2030,35,14,14,0.6788512665670116
831,electrolizer,2030,35,15,15,0.6788512665670116
832,electrolizer,2030,35,16,16,0.6788512665670116
833,electrolizer,2030,35,17,17,0.6788512665670116
834,electrolizer,2030,35,18,18,0.6788512665670116
835,electrolizer,2030,35,19,19,0.6788512665670116
836,electrolizer,2030,35,20,20,0.6788512665670116
837,electrolizer,2030,35,21,21,0.6788512665670116
838,electrolizer,2030,35,22,22,0.6788512665670116
839,electrolizer,2030,35,23,23,0.6788512665670116
840,electrolizer,2030,35,24,24,0.6788512665670116
841,electrolizer,2030,36,1,1,0.2463871455454615
842,electrolizer,2030,36,2,2,0.2463871455454616
843,electrolizer,2030,36,3,3,0.2463871455454615
844,electrolizer,2030,36,4,4,0.2463871455454615
845,electrolizer,2030,36,5,5,0.2463871455454615
846,electrolizer,2030,36,6,6,0.2463871455454615
847,electrolizer,2030,36,7,7,0.2463871455454615
848,electrolizer,2030,36,8,8,0.2463871455454615
849,electrolizer,2030,36,9,9,0.2463871455454616
850,electrolizer,2030,36,10,10,0.2463871455454615
851,electrolizer,2030,36,11,11,0.2463871455454616
852,electrolizer,2030,36,12,12,0.2463871455454615
853,electrolizer,2030,36,13,13,0.2463871455454615
854,electrolizer,2030,36,14,14,0.2463871455454615
855,electrolizer,2030,36,15,15,0.2463871455454615
856,electrolizer,2030,36,16,16,0.2463871455454616
857,electrolizer,2030,36,17,17,0.2463871455454616
858,electrolizer,2030,36,18,18,0.2463871455454615
859,electrolizer,2030,36,19,19,0.2463871455454615
860,electrolizer,2030,36,20,20,0.2463871455454615
861,electrolizer,2030,36,21,21,0.2463871455454615
862,electrolizer,2030,36,22,22,0.2463871455454615
863,electrolizer,2030,36,23,23,0.2463871455454615
864,electrolizer,2030,36,24,24,0.2463871455454615
865,electrolizer,2030,37,1,1,0.7307225889085556
866,electrolizer,2030,37,2,2,0.7307225889085553
867,electrolizer,2030,37,3,3,0.7307225889085553
868,electrolizer,2030,37,4,4,0.7307225889085553
869,electrolizer,2030,37,5,5,0.7307225889085553
870,electrolizer,2030,37,6,6,0.7307225889085553
871,electrolizer,2030,37,7,7,0.7307225889085553
872,electrolizer,2030,37,8,8,0.7307225889085553
873,electrolizer,2030,37,9,9,0.7307225889085553
874,electrolizer,2030,37,10,10,0.7307225889085553
875,electrolizer,2030,37,11,11,0.7307225889085553
876,electrolizer,2030,37,12,12,0.7307225889085553
877,electrolizer,2030,37,13,13,0.7307225889085553
878,electrolizer,2030,37,14,14,0.7307225889085553
879,electrolizer,2030,37,15,15,0.7307225889085553
880,electrolizer,2030,37,16,16,0.7307225889085553
881,electrolizer,2030,37,17,17,0.7307225889085553
882,electrolizer,2030,37,18,18,0.7307225889085553
883,electrolizer,2030,37,19,19,0.7307225889085556
884,electrolizer,2030,37,20,20,0.7307225889085556
885,electrolizer,2030,37,21,21,0.7307225889085553
886,electrolizer,2030,37,22,22,0.7307225889085553
887,electrolizer,2030,37,23,23,0.7307225889085553
888,electrolizer,2030,37,24,24,0.7307225889085553
889,electrolizer,2030,38,1,1,0.7875451001256888
890,electrolizer,2030,38,2,2,0.7875451001256888
891,electrolizer,2030,38,3,3,0.7875451001256888
892,electrolizer,2030,38,4,4,0.7875451001256888
893,electrolizer,2030,38,5,5,0.7875451001256888
894,electrolizer,2030,38,6,6,0.7875451001256888
895,electrolizer,2030,38,7,7,0.7875451001256888
896,electrolizer,2030,38,8,8,0.7875451001256888
897,electrolizer,2030,38,9,9,0.7875451001256888
898,electrolizer,2030,38,10,10,0.7875451001256888
899,electrolizer,2030,38,11,11,0.7875451001256888
900,electrolizer,2030,38,12,12,0.7875451001256888
901,electrolizer,2030,38,13,13,0.7875451001256888
902,electrolizer,2030,38,14,14,0.7875451001256888
903,electrolizer,2030,38,15,15,0.7875451001256888
904,electrolizer,2030,38,16,16,0.7875451001256888
905,electrolizer,2030,38,17,17,0.7875451001256888
906,electrolizer,2030,38,18,18,0.7875451001256888
907,electrolizer,2030,38,19,19,0.7875451001256888
908,electrolizer,2030,38,20,20,0.7875451001256888
909,electrolizer,2030,38,21,21,0.7875451001256888
910,electrolizer,2030,38,22,22,0.7875451001256888
911,electrolizer,2030,38,23,23,0.7875451001256888
912,electrolizer,2030,38,24,24,0.7875451001256888
913,electrolizer,2030,39,1,1,0.29415912893117085
914,electrolizer,2030,39,2,2,0.29415912893117085
915,electrolizer,2030,39,3,3,0.29415912893117085
916,electrolizer,2030,39,4,4,0.29415912893117085
917,electrolizer,2030,39,5,5,0.29415912893117085
918,electrolizer,2030,39,6,6,0.29415912893117085
919,electrolizer,2030,39,7,7,0.29415912893117097
920,electrolizer,2030,39,8,8,0.29415912893117085
921,electrolizer,2030,39,9,9,0.29415912893117085
922,electrolizer,2030,39,10,10,0.29415912893117097
923,electrolizer,2030,39,11,11,0.29415912893117085
924,electrolizer,2030,39,12,12,0.29415912893117085
925,electrolizer,2030,39,13,13,0.29415912893117085
926,electrolizer,2030,39,14,14,0.29415912893117085
927,electrolizer,2030,39,15,15,0.2941591289311709
928,electrolizer,2030,39,16,16,0.29415912893117085
929,electrolizer,2030,39,17,17,0.29415912893117085
930,electrolizer,2030,39,18,18,0.29415912893117097
931,electrolizer,2030,39,19,19,0.29415912893117097
932,electrolizer,2030,39,20,20,0.2941591289311709
933,electrolizer,2030,39,21,21,0.29415912893117085
934,electrolizer,2030,39,22,22,0.2941591289311709
935,electrolizer,2030,39,23,23,0.29415912893117085
936,electrolizer,2030,39,24,24,0.29415912893117085
937,electrolizer,2030,40,1,1,0.6904067433855061
938,electrolizer,2030,40,2,2,0.6904067433855053
939,electrolizer,2030,40,3,3,0.6904067433855053
940,electrolizer,2030,40,4,4,0.6904067433855053
941,electrolizer,2030,40,5,5,0.6904067433855053
942,electrolizer,2030,40,6,6,0.6904067433855053
943,electrolizer,2030,40,7,7,0.6904067433855053
944,electrolizer,2030,40,8,8,0.6904067433855053
945,electrolizer,2030,40,9,9,0.6904067433855053
946,electrolizer,2030,40,10,10,0.6904067433855053
947,electrolizer,2030,40,11,11,0.6904067433855055
948,electrolizer,2030,40,12,12,0.6904067433855053
949,electrolizer,2030,40,13,13,0.6904067433855053
950,electrolizer,2030,40,14,14,0.6904067433855053
951,electrolizer,2030,40,15,15,0.6904067433855053
952,electrolizer,2030,40,16,16,0.6904067433855053
953,electrolizer,2030,40,17,17,0.6904067433855053
954,electrolizer,2030,40,18,18,0.6904067433855053
955,electrolizer,2030,40,19,19,0.6904067433855053
956,electrolizer,2030,40,20,20,0.6904067433855053
957,electrolizer,2030,40,21,21,0.6904067433855053
958,electrolizer,2030,40,22,22,0.6904067433855055
959,electrolizer,2030,40,23,23,0.6904067433855053
960,electrolizer,2030,40,24,24,0.6904067433855053
961,electrolizer,2030,41,1,1,0.9025836533194466
962,electrolizer,2030,41,2,2,0.9025836533194466
963,electrolizer,2030,41,3,3,0.9025836533194463
964,electrolizer,2030,41,4,4,0.9025836533194463
965,electrolizer,2030,41,5,5,0.9025836533194463
966,electrolizer,2030,41,6,6,0.9025836533194463
967,electrolizer,2030,41,7,7,0.9025836533194463
968,electrolizer,2030,41,8,8,0.9025836533194463
969,electrolizer,2030,41,9,9,0.9025836533194463
970,electrolizer,2030,41,10,10,0.9025836533194463
971,electrolizer,2030,41,11,11,0.9025836533194466
972,electrolizer,2030,41,12,12,0.9025836533194463
973,electrolizer,2030,41,13,13,0.9025836533194463
974,electrolizer,2030,41,14,14,0.9025836533194463
975,electrolizer,2030,41,15,15,0.9025836533194463
976,electrolizer,2030,41,16,16,0.9025836533194463
977,electrolizer,2030,41,17,17,0.9025836533194466
978,electrolizer,2030,41,18,18,0.9025836533194463
979,electrolizer,2030,41,19,19,0.9025836533194463
980,electrolizer,2030,41,20,20,0.9025836533194463
981,electrolizer,2030,41,21,21,0.9025836533194463
982,electrolizer,2030,41,22,22,0.9025836533194463
983,electrolizer,2030,41,23,23,0.9025836533194463
984,electrolizer,2030,41,24,24,0.9025836533194463
985,electrolizer,2030,42,1,1,1.5284460582048691
986,electrolizer,2030,42,2,2,1.5284460582048685
987,electrolizer,2030,42,3,3,1.5284460582048685
988,electrolizer,2030,42,4,4,1.5284460582048685
989,electrolizer,2030,42,5,5,1.5284460582048685
990,electrolizer,2030,42,6,6,1.5284460582048685
991,electrolizer,2030,42,7,7,1.5284460582048685
992,electrolizer,2030,42,8,8,1.5284460582048685
993,electrolizer,2030,42,9,9,1.5284460582048685
994,electrolizer,2030,42,10,10,1.5284460582048685
995,electrolizer,2030,42,11,11,1.5284460582048685
996,electrolizer,2030,42,12,12,1.5284460582048685
997,electrolizer,2030,42,13,13,1.5284460582048685
998,electrolizer,2030,42,14,14,1.5284460582048685
999,electrolizer,2030,42,15,15,1.5284460582048685
1000,electrolizer,2030,42,16,16,1.5284460582048685
1001,electrolizer,2030,42,17,17,1.5284460582048685
1002,electrolizer,2030,42,18,18,1.5284460582048685
1003,electrolizer,2030,42,19,19,1.5284460582048685
1004,electrolizer,2030,42,20,20,1.5284460582048685
1005,electrolizer,2030,42,21,21,1.5284460582048685
1006,electrolizer,2030,42,22,22,1.5284460582048685
1007,electrolizer,2030,42,23,23,1.5284460582048685
1008,electrolizer,2030,42,24,24,1.5284460582048685
1009,electrolizer,2030,43,1,1,0.908585575175323
1010,electrolizer,2030,43,2,2,0.9085855751753229
1011,electrolizer,2030,43,3,3,0.9085855751753229
1012,electrolizer,2030,43,4,4,0.9085855751753229
1013,electrolizer,2030,43,5,5,0.9085855751753229
1014,electrolizer,2030,43,6,6,0.9085855751753229
1015,electrolizer,2030,43,7,7,0.908585575175323
1016,electrolizer,2030,43,8,8,0.9085855751753229
1017,electrolizer,2030,43,9,9,0.9085855751753229
1018,electrolizer,2030,43,10,10,0.9085855751753229
1019,electrolizer,2030,43,11,11,0.9085855751753229
1020,electrolizer,2030,43,12,12,0.9085855751753229
1021,electrolizer,2030,43,13,13,0.9085855751753229
1022,electrolizer,2030,43,14,14,0.9085855751753229
1023,electrolizer,2030,43,15,15,0.9085855751753229
1024,electrolizer,2030,43,16,16,0.9085855751753229
1025,electrolizer,2030,43,17,17,0.9085855751753229
1026,electrolizer,2030,43,18,18,0.9085855751753229
1027,electrolizer,2030,43,19,19,0.9085855751753229
1028,electrolizer,2030,43,20,20,0.9085855751753229
1029,electrolizer,2030,43,21,21,0.9085855751753229
1030,electrolizer,2030,43,22,22,0.9085855751753229
1031,electrolizer,2030,43,23,23,0.9085855751753229
1032,electrolizer,2030,43,24,24,0.9085855751753229
1033,electrolizer,2030,44,1,1,0.7244434792869164
1034,electrolizer,2030,44,2,2,0.7244434792869161
1035,electrolizer,2030,44,3,3,0.7244434792869161
1036,electrolizer,2030,44,4,4,0.7244434792869161
1037,electrolizer,2030,44,5,5,0.7244434792869161
1038,electrolizer,2030,44,6,6,0.7244434792869161
1039,electrolizer,2030,44,7,7,0.7244434792869161
1040,electrolizer,2030,44,8,8,0.7244434792869164
1041,electrolizer,2030,44,9,9,0.7244434792869161
1042,electrolizer,2030,44,10,10,0.7244434792869164
1043,electrolizer,2030,44,11,11,0.7244434792869164
1044,electrolizer,2030,44,12,12,0.7244434792869164
1045,electrolizer,2030,44,13,13,0.7244434792869164
1046,electrolizer,2030,44,14,14,0.7244434792869164
1047,electrolizer,2030,44,15,15,0.7244434792869164
1048,electrolizer,2030,44,16,16,0.7244434792869164
1049,electrolizer,2030,44,17,17,0.7244434792869161
1050,electrolizer,2030,44,18,18,0.7244434792869162
1051,electrolizer,2030,44,19,19,0.7244434792869161
1052,electrolizer,2030,44,20,20,0.7244434792869161
1053,electrolizer,2030,44,21,21,0.7244434792869161
1054,electrolizer,2030,44,22,22,0.7244434792869162
1055,electrolizer,2030,44,23,23,0.7244434792869161
1056,electrolizer,2030,44,24,24,0.7244434792869161
1057,electrolizer,2030,45,1,1,0.47192966491047766
1058,electrolizer,2030,45,2,2,0.47192966491047733
1059,electrolizer,2030,45,3,3,0.47192966491047766
1060,electrolizer,2030,45,4,4,0.47192966491047733
1061,electrolizer,2030,45,5,5,0.47192966491047766
1062,electrolizer,2030,45,6,6,0.47192966491047733
1063,electrolizer,2030,45,7,7,0.47192966491047733
1064,electrolizer,2030,45,8,8,0.47192966491047733
1065,electrolizer,2030,45,9,9,0.47192966491047733
1066,electrolizer,2030,45,10,10,0.47192966491047733
1067,electrolizer,2030,45,11,11,0.47192966491047733
1068,electrolizer,2030,45,12,12,0.47192966491047733
1069,electrolizer,2030,45,13,13,0.47192966491047766
1070,electrolizer,2030,45,14,14,0.47192966491047733
1071,electrolizer,2030,45,15,15,0.47192966491047766
1072,electrolizer,2030,45,16,16,0.47192966491047766
1073,electrolizer,2030,45,17,17,0.47192966491047766
1074,electrolizer,2030,45,18,18,0.47192966491047733
1075,electrolizer,2030,45,19,19,0.47192966491047766
1076,electrolizer,2030,45,20,20,0.47192966491047733
1077,electrolizer,2030,45,21,21,0.47192966491047733
1078,electrolizer,2030,45,22,22,0.47192966491047733
1079,electrolizer,2030,45,23,23,0.47192966491047733
1080,electrolizer,2030,45,24,24,0.47192966491047733
1081,electrolizer,2030,46,1,1,0.5463353257911963
1082,electrolizer,2030,46,2,2,0.5463353257911963
1083,electrolizer,2030,46,3,3,0.5463353257911963
1084,electrolizer,2030,46,4,4,0.5463353257911963
1085,electrolizer,2030,46,5,5,0.5463353257911963
1086,electrolizer,2030,46,6,6,0.5463353257911963
1087,electrolizer,2030,46,7,7,0.5463353257911963
1088,electrolizer,2030,46,8,8,0.5463353257911963
1089,electrolizer,2030,46,9,9,0.5463353257911963
1090,electrolizer,2030,46,10,10,0.5463353257911963
1091,electrolizer,2030,46,11,11,0.5463353257911963
1092,electrolizer,2030,46,12,12,0.5463353257911963
1093,electrolizer,2030,46,13,13,0.5463353257911963
1094,electrolizer,2030,46,14,14,0.5463353257911963
1095,electrolizer,2030,46,15,15,0.5463353257911963
1096,electrolizer,2030,46,16,16,0.5463353257911963
1097,electrolizer,2030,46,17,17,0.5463353257911963
1098,electrolizer,2030,46,18,18,0.5463353257911963
1099,electrolizer,2030,46,19,19,0.5463353257911963
1100,electrolizer,2030,46,20,20,0.5463353257911963
1101,electrolizer,2030,46,21,21,0.5463353257911963
1102,electrolizer,2030,46,22,22,0.5463353257911963
1103,electrolizer,2030,46,23,23,0.5463353257911963
1104,electrolizer,2030,46,24,24,0.5463353257911963
1105,electrolizer,2030,47,1,1,0.49675302386035214
1106,electrolizer,2030,47,2,2,0.49675302386035214
1107,electrolizer,2030,47,3,3,0.4967530238603521
1108,electrolizer,2030,47,4,4,0.4967530238603521
1109,electrolizer,2030,47,5,5,0.4967530238603521
1110,electrolizer,2030,47,6,6,0.4967530238603521
1111,electrolizer,2030,47,7,7,0.4967530238603521
1112,electrolizer,2030,47,8,8,0.4967530238603521
1113,electrolizer,2030,47,9,9,0.4967530238603521
1114,electrolizer,2030,47,10,10,0.49675302386035214
1115,electrolizer,2030,47,11,11,0.49675302386035214
1116,electrolizer,2030,47,12,12,0.49675302386035214
1117,electrolizer,2030,47,13,13,0.49675302386035214
1118,electrolizer,2030,47,14,14,0.4967530238603521
1119,electrolizer,2030,47,15,15,0.49675302386035214
1120,electrolizer,2030,47,16,16,0.49675302386035214
1121,electrolizer,2030,47,17,17,0.4967530238603521
1122,electrolizer,2030,47,18,18,0.49675302386035214
1123,electrolizer,2030,47,19,19,0.49675302386035214
1124,electrolizer,2030,47,20,20,0.49675302386035214
1125,electrolizer,2030,47,21,21,0.4967530238603521
1126,electrolizer,2030,47,22,22,0.4967530238603521
1127,electrolizer,2030,47,23,23,0.4967530238603521
1128,electrolizer,2030,47,24,24,0.4967530238603521
1129,electrolizer,2030,48,1,1,1.630239444742127
1130,electrolizer,2030,48,2,2,1.630239444742127
1131,electrolizer,2030,48,3,3,0.06520957778968507
1132,electrolizer,2030,48,4,4,0.06520957778968507
1133,electrolizer,2030,48,5,5,0.06520957778968507
1134,electrolizer,2030,48,6,6,0.06520957778968507
1135,electrolizer,2030,48,7,7,0.06520957778968507
1136,electrolizer,2030,48,8,8,0.06520957778968507
1137,electrolizer,2030,48,9,9,1.630239444742127
1138,electrolizer,2030,48,10,10,1.630239444742127
1139,electrolizer,2030,48,11,11,1.630239444742127
1140,electrolizer,2030,48,12,12,1.630239444742127
1141,electrolizer,2030,48,13,13,1.630239444742127
1142,electrolizer,2030,48,14,14,1.630239444742127
1143,electrolizer,2030,48,15,15,0.06520957778968507
1144,electrolizer,2030,48,16,16,0.06520957778968507
1145,electrolizer,2030,48,17,17,1.630239444742127
1146,electrolizer,2030,48,18,18,1.630239444742127
1147,electrolizer,2030,48,19,19,1.630239444742127
1148,electrolizer,2030,48,20,20,1.630239444742127
1149,electrolizer,2030,48,21,21,0.06520957778968507
1150,electrolizer,2030,48,22,22,0.06520957778968507
1151,electrolizer,2030,48,23,23,0.06520957778968507
1152,electrolizer,2030,48,24,24,0.06520957778968507
1153,electrolizer,2030,49,1,1,0.009563326628774358
1154,electrolizer,2030,49,2,2,0.009563326628774358
1155,electrolizer,2030,49,3,3,0.009563326628774358
1156,electrolizer,2030,49,4,4,0.009563326628774358
1157,electrolizer,2030,49,5,5,0.009563326628774358
1158,electrolizer,2030,49,6,6,0.009563326628774358
1159,electrolizer,2030,49,7,7,0.23908316571935892
1160,electrolizer,2030,49,8,8,0.23908316571935895
1161,electrolizer,2030,49,9,9,0.23908316571935895
1162,electrolizer,2030,49,10,10,0.23908316571935892
1163,electrolizer,2030,49,11,11,0.23908316571935898
1164,electrolizer,2030,49,12,12,0.23908316571935895
1165,electrolizer,2030,49,13,13,0.23908316571935895
1166,electrolizer,2030,49,14,14,0.23908316571935895
1167,electrolizer,2030,49,15,15,0.23908316571935895
1168,electrolizer,2030,49,16,16,0.23908316571935895
1169,electrolizer,2030,49,17,17,0.23908316571935895
1170,electrolizer,2030,49,18,18,0.23908316571935895
1171,electrolizer,2030,49,19,19,0.23908316571935895
1172,electrolizer,2030,49,20,20,0.23908316571935895
1173,electrolizer,2030,49,21,21,0.23908316571935895
1174,electrolizer,2030,49,22,22,0.23908316571935892
1175,electrolizer,2030,49,23,23,0.23908316571935892
1176,electrolizer,2030,49,24,24,0.23908316571935895
1177,electrolizer,2030,50,1,1,0.330203239544918
1178,electrolizer,2030,50,2,2,0.330203239544918
1179,electrolizer,2030,50,3,3,0.330203239544918
1180,electrolizer,2030,50,4,4,0.330203239544918
1181,electrolizer,2030,50,5,5,0.330203239544918
1182,electrolizer,2030,50,6,6,0.330203239544918
1183,electrolizer,2030,50,7,7,0.330203239544918
1184,electrolizer,2030,50,8,8,0.330203239544918
1185,electrolizer,2030,50,9,9,0.3302032395449152
1186,electrolizer,2030,50,10,10,0.3302032395449152
1187,electrolizer,2030,50,11,11,0.3302032395449152
1188,electrolizer,2030,50,12,12,0.3302032395449152
1189,electrolizer,2030,50,13,13,0.3302032395449152
1190,electrolizer,2030,50,14,14,0.3302032395449152
1191,electrolizer,2030,50,15,15,0.3302032395449152
1192,electrolizer,2030,50,16,16,0.3302032395449152
1193,electrolizer,2030,50,17,17,0.3302032395449152
1194,electrolizer,2030,50,18,18,0.3302032395449152
1195,electrolizer,2030,50,19,19,0.3302032395449152
1196,electrolizer,2030,50,20,20,0.3302032395449152
1197,electrolizer,2030,50,21,21,0.3302032395449152
1198,electrolizer,2030,50,22,22,0.3302032395449152
1199,electrolizer,2030,50,23,23,0.3302032395449152
1200,electrolizer,2030,50,24,24,0.3302032395449152
1201,electrolizer,2030,51,1,1,0.33578396445367825
1202,electrolizer,2030,51,2,2,0.33578396445367825
1203,electrolizer,2030,51,3,3,0.33578396445367825
1204,electrolizer,2030,51,4,4,0.33578396445367825
1205,electrolizer,2030,51,5,5,0.33578396445367825
1206,electrolizer,2030,51,6,6,0.33578396445367825
1207,electrolizer,2030,51,7,7,0.33578396445367825
1208,electrolizer,2030,51,8,8,0.33578396445367825
1209,electrolizer,2030,51,9,9,0.3357839644536783
1210,electrolizer,2030,51,10,10,0.33578396445367825
1211,electrolizer,2030,51,11,11,0.33578396445367825
1212,electrolizer,2030,51,12,12,0.33578396445367825
1213,electrolizer,2030,51,13,13,0.33578396445367825
1214,electrolizer,2030,51,14,14,0.33578396445367825
1215,electrolizer,2030,51,15,15,0.33578396445367825
1216,electrolizer,2030,51,16,16,0.33578396445367825
1217,electrolizer,2030,51,17,17,0.33578396445367825
1218,electrolizer,2030,51,18,18,0.3357839644536783
1219,electrolizer,2030,51,19,19,0.33578396445367825
1220,electrolizer,2030,51,20,20,0.33578396445367825
1221,electrolizer,2030,51,21,21,0.33578396445367825
1222,electrolizer,2030,51,22,22,0.33578396445367825
1223,electrolizer,2030,51,23,23,0.33578396445367825
1224,electrolizer,2030,51,24,24,0.33578396445367825
1225,electrolizer,2030,52,1,1,0.0905208542690924
1226,electrolizer,2030,52,2,2,0.09052085426909241
1227,electrolizer,2030,52,3,3,0.09052085426909241
1228,electrolizer,2030,52,4,4,0.09052085426909241
1229,electrolizer,2030,52,5,5,0.09052085426909241
1230,electrolizer,2030,52,6,6,0.09052085426909241
1231,electrolizer,2030,52,7,7,0.09052085426909241
1232,electrolizer,2030,52,8,8,0.09052085426909241
1233,electrolizer,2030,52,9,9,0.09052085426909241
1234,electrolizer,2030,52,10,10,0.0905208542690924
1235,electrolizer,2030,52,11,11,0.09052085426909241
1236,electrolizer,2030,52,12,12,0.09052085426909241
1237,electrolizer,2030,52,13,13,0.09052085426909241
1238,electrolizer,2030,52,14,14,0.09052085426909241
1239,electrolizer,2030,52,15,15,0.09052085426909241
1240,electrolizer,2030,52,16,16,0.09052085426909241
1241,electrolizer,2030,52,17,17,0.09052085426909241
1242,electrolizer,2030,52,18,18,0.09052085426909241
1243,electrolizer,2030,52,19,19,0.09052085426909241
1244,electrolizer,2030,52,20,20,0.09052085426909241
1245,electrolizer,2030,52,21,21,0.09052085426909241
1246,electrolizer,2030,52,22,22,0.09052085426909241
1247,electrolizer,2030,52,23,23,0.09052085426909241
1248,electrolizer,2030,52,24,24,0.0036208341707636964
1249,electrolizer,2030,53,1,1,0.2077005209116105
1250,electrolizer,2030,53,2,2,0.2077005209116105
1251,electrolizer,2030,53,3,3,0.2077005209116105
1252,electrolizer,2030,53,4,4,0.2077005209116105
1253,electrolizer,2030,53,5,5,0.2077005209116105
1254,electrolizer,2030,53,6,6,0.20770052091161056
1255,electrolizer,2030,53,7,7,0.20770052091161056
1256,electrolizer,2030,53,8,8,0.20770052091161056
1257,electrolizer,2030,53,9,9,0.2077005209116105
1258,electrolizer,2030,53,10,10,0.2077005209116105
1259,electrolizer,2030,53,11,11,0.2077005209116105
1260,electrolizer,2030,53,12,12,0.20770052091161056
1261,electrolizer,2030,53,13,13,0.2077005209116105
1262,electrolizer,2030,53,14,14,0.2077005209116105
1263,electrolizer,2030,53,15,15,0.2077005209116105
1264,electrolizer,2030,53,16,16,0.20770052091161056
1265,electrolizer,2030,53,17,17,0.20770052091161056
1266,electrolizer,2030,53,18,18,0.20770052091161056
1267,electrolizer,2030,53,19,19,0.2077005209116105
1268,electrolizer,2030,53,20,20,0.2077005209116105
1269,electrolizer,2030,53,21,21,0.20770052091161056
1270,electrolizer,2030,53,22,22,0.20770052091161056
1271,electrolizer,2030,53,23,23,0.20770052091161056
1272,electrolizer,2030,53,24,24,0.20770052091161056
1273,electrolizer,2030,54,1,1,0.015560700395696818
1274,electrolizer,2030,54,2,2,0.015560700395696814
1275,electrolizer,2030,54,3,3,0.015560700395696814
1276,electrolizer,2030,54,4,4,0.015560700395696814
1277,electrolizer,2030,54,5,5,0.015560700395696818
1278,electrolizer,2030,54,6,6,0.015560700395696818
1279,electrolizer,2030,54,7,7,0.015560700395696814
1280,electrolizer,2030,54,8,8,0.015560700395696814
1281,electrolizer,2030,54,9,9,0.015560700395696814
1282,electrolizer,2030,54,10,10,0.015560700395696814
1283,electrolizer,2030,54,11,11,0.015560700395696814
1284,electrolizer,2030,54,12,12,0.015560700395696814
1285,electrolizer,2030,54,13,13,0.015560700395696818
1286,electrolizer,2030,54,14,14,0.015560700395696814
1287,electrolizer,2030,54,15,15,0.015560700395696816
1288,electrolizer,2030,54,16,16,0.015560700395696816
1289,electrolizer,2030,54,17,17,0.015560700395696814
1290,electrolizer,2030,54,18,18,0.015560700395696814
1291,electrolizer,2030,54,19,19,0.015560700395696814
1292,electrolizer,2030,54,20,20,0.015560700395696818
1293,electrolizer,2030,54,21,21,0.015560700395696814
1294,electrolizer,2030,54,22,22,0.015560700395696818
1295,electrolizer,2030,54,23,23,0.015560700395696814
1296,electrolizer,2030,54,24,24,0.015560700395696818
1297,electrolizer,2030,55,1,1,0.0840476506010118
1298,electrolizer,2030,55,2,2,0.08404765060101178
1299,electrolizer,2030,55,3,3,0.08404765060101178
1300,electrolizer,2030,55,4,4,0.08404765060101178
1301,electrolizer,2030,55,5,5,0.08404765060101178
1302,electrolizer,2030,55,6,6,0.08404765060101178
1303,electrolizer,2030,55,7,7,0.08404765060101178
1304,electrolizer,2030,55,8,8,0.0840476506010118
1305,electrolizer,2030,55,9,9,0.08404765060101178
1306,electrolizer,2030,55,10,10,0.08404765060101178
1307,electrolizer,2030,55,11,11,0.08404765060101178
1308,electrolizer,2030,55,12,12,0.08404765060101178
1309,electrolizer,2030,55,13,13,0.08404765060101178
1310,electrolizer,2030,55,14,14,0.08404765060101178
1311,electrolizer,2030,55,15,15,0.0840476506010118
1312,electrolizer,2030,55,16,16,0.0840476506010118
1313,electrolizer,2030,55,17,17,0.0840476506010118
1314,electrolizer,2030,55,18,18,0.0840476506010118
1315,electrolizer,2030,55,19,19,0.08404765060101178
1316,electrolizer,2030,55,20,20,0.0840476506010118
1317,electrolizer,2030,55,21,21,0.0840476506010118
1318,electrolizer,2030,55,22,22,0.08404765060101178
1319,electrolizer,2030,55,23,23,0.0840476506010118
1320,electrolizer,2030,55,24,24,0.08404765060101178
1321,electrolizer,2030,56,1,1,0.025646775116129564
1322,electrolizer,2030,56,2,2,0.02564677511612956
1323,electrolizer,2030,56,3,3,0.02564677511612956
1324,electrolizer,2030,56,4,4,0.02564677511612956
1325,electrolizer,2030,56,5,5,0.02564677511612956
1326,electrolizer,2030,56,6,6,0.02564677511612956
1327,electrolizer,2030,56,7,7,0.02564677511612956
1328,electrolizer,2030,56,8,8,0.02564677511612956
1329,electrolizer,2030,56,9,9,0.02564677511612956
1330,electrolizer,2030,56,10,10,0.025646775116129564
1331,electrolizer,2030,56,11,11,0.02564677511612956
1332,electrolizer,2030,56,12,12,0.02564677511612956
1333,electrolizer,2030,56,13,13,0.02564677511612956
1334,electrolizer,2030,56,14,14,0.02564677511612956
1335,electrolizer,2030,56,15,15,0.02564677511612956
1336,electrolizer,2030,56,16,16,0.025646775116129564
1337,electrolizer,2030,56,17,17,0.02564677511612956
1338,electrolizer,2030,56,18,18,0.02564677511612956
1339,electrolizer,2030,56,19,19,0.025646775116129564
1340,electrolizer,2030,56,20,20,0.02564677511612956
1341,electrolizer,2030,56,21,21,0.02564677511612956
1342,electrolizer,2030,56,22,22,0.02564677511612956
1343,electrolizer,2030,56,23,23,0.02564677511612956
1344,electrolizer,2030,56,24,24,0.02564677511612956
1345,electrolizer,2030,57,1,1,0.06633078548334982
1346,electrolizer,2030,57,2,2,0.06633078548334982
1347,electrolizer,2030,57,3,3,0.06633078548334982
1348,electrolizer,2030,57,4,4,0.06633078548334982
1349,electrolizer,2030,57,5,5,0.06633078548334982
1350,electrolizer,2030,57,6,6,0.06633078548334982
1351,electrolizer,2030,57,7,7,0.06633078548334982
1352,electrolizer,2030,57,8,8,0.06633078548334982
1353,electrolizer,2030,57,9,9,0.06633078548334982
1354,electrolizer,2030,57,10,10,0.06633078548334982
1355,electrolizer,2030,57,11,11,0.06633078548334982
1356,electrolizer,2030,57,12,12,0.06633078548334982
1357,electrolizer,2030,57,13,13,0.06633078548334982
1358,electrolizer,2030,57,14,14,0.06633078548334982
1359,electrolizer,2030,57,15,15,0.06633078548334982
1360,electrolizer,2030,57,16,16,0.06633078548334982
1361,electrolizer,2030,57,17,17,0.06633078548334982
1362,electrolizer,2030,57,18,18,0.06633078548334982
1363,electrolizer,2030,57,19,19,0.06633078548334982
1364,electrolizer,2030,57,20,20,0.06633078548334982
1365,electrolizer,2030,57,21,21,0.06633078548334982
1366,electrolizer,2030,57,22,22,0.06633078548334982
1367,electrolizer,2030,57,23,23,0.06633078548334982
1368,electrolizer,2030,57,24,24,0.06633078548334982
1369,electrolizer,2030,58,1,1,0.07401969888902968
1370,electrolizer,2030,58,2,2,0.07401969888902968
1371,electrolizer,2030,58,3,3,0.07401969888902968
1372,electrolizer,2030,58,4,4,0.07401969888902968
1373,electrolizer,2030,58,5,5,0.07401969888902968
1374,electrolizer,2030,58,6,6,0.07401969888902968
1375,electrolizer,2030,58,7,7,0.07401969888902968
1376,electrolizer,2030,58,8,8,0.07401969888902968
1377,electrolizer,2030,58,9,9,0.07401969888902968
1378,electrolizer,2030,58,10,10,0.07401969888902968
1379,electrolizer,2030,58,11,11,0.07401969888902968
1380,electrolizer,2030,58,12,12,0.07401969888902968
1381,electrolizer,2030,58,13,13,0.07401969888902969
1382,electrolizer,2030,58,14,14,0.07401969888902968
1383,electrolizer,2030,58,15,15,0.07401969888902968
1384,electrolizer,2030,58,16,16,0.07401969888902968
1385,electrolizer,2030,58,17,17,0.07401969888902968
1386,electrolizer,2030,58,18,18,0.07401969888902968
1387,electrolizer,2030,58,19,19,0.07401969888902968
1388,electrolizer,2030,58,20,20,0.07401969888902968
1389,electrolizer,2030,58,21,21,0.07401969888902968
1390,electrolizer,2030,58,22,22,0.07401969888902968
1391,electrolizer,2030,58,23,23,0.07401969888902968
1392,electrolizer,2030,58,24,24,0.07401969888902968
1393,electrolizer,2030,59,1,1,0.034520961175872125
1394,electrolizer,2030,59,2,2,0.034520961175872125
1395,electrolizer,2030,59,3,3,0.034520961175872125
1396,electrolizer,2030,59,4,4,0.034520961175872125
1397,electrolizer,2030,59,5,5,0.034520961175872125
1398,electrolizer,2030,59,6,6,0.034520961175872125
1399,electrolizer,2030,59,7,7,0.034520961175872125
1400,electrolizer,2030,59,8,8,0.034520961175872125
1401,electrolizer,2030,59,9,9,0.034520961175872125
1402,electrolizer,2030,59,10,10,0.034520961175872125
1403,electrolizer,2030,59,11,11,0.034520961175872125
1404,electrolizer,2030,59,12,12,0.034520961175872125
1405,electrolizer,2030,59,13,13,0.034520961175872125
1406,electrolizer,2030,59,14,14,0.034520961175872125
1407,electrolizer,2030,59,15,15,0.034520961175872125
1408,electrolizer,2030,59,16,16,0.034520961175872125
1409,electrolizer,2030,59,17,17,0.034520961175872125
1410,electrolizer,2030,59,18,18,0.034520961175872125
1411,electrolizer,2030,59,19,19,0.034520961175872125
1412,electrolizer,2030,59,20,20,0.034520961175872125
1413,electrolizer,2030,59,21,21,0.034520961175872125
1414,electrolizer,2030,59,22,22,0.034520961175872125
1415,electrolizer,2030,59,23,23,0.034520961175872125
1416,electrolizer,2030,59,24,24,0.034520961175872125
1417,electrolizer,2030,60,1,1,0.14292609635655892
1418,electrolizer,2030,60,2,2,0.1429260963565589
1419,electrolizer,2030,60,3,3,0.14292609635655892
1420,electrolizer,2030,60,4,4,0.1429260963565589
1421,electrolizer,2030,60,5,5,0.14292609635655892
1422,electrolizer,2030,60,6,6,0.14292609635655892
1423,electrolizer,2030,60,7,7,0.1429260963565589
1424,electrolizer,2030,60,8,8,0.14292609635655892
1425,electrolizer,2030,60,9,9,0.14292609635655892
1426,electrolizer,2030,60,10,10,0.14292609635655892
1427,electrolizer,2030,60,11,11,0.14292609635655895
1428,electrolizer,2030,60,12,12,0.14292609635655892
1429,electrolizer,2030,60,13,13,0.14292609635655892
1430,electrolizer,2030,60,14,14,0.14292609635655892
1431,electrolizer,2030,60,15,15,0.14292609635655892
1432,electrolizer,2030,60,16,16,0.14292609635655892
1433,electrolizer,2030,60,17,17,0.14292609635655892
1434,electrolizer,2030,60,18,18,0.14292609635655892
1435,electrolizer,2030,60,19,19,0.14292609635655892
1436,electrolizer,2030,60,20,20,0.14292609635655892
1437,electrolizer,2030,60,21,21,0.14292609635655892
1438,electrolizer,2030,60,22,22,0.14292609635655892
1439,electrolizer,2030,60,23,23,0.14292609635655892
1440,electrolizer,2030,60,24,24,0.14292609635655895
1441,electrolizer,2030,61,1,1,0.0546988512813384
1442,electrolizer,2030,61,2,2,0.05469885128133841
1443,electrolizer,2030,61,3,3,0.0546988512813384
1444,electrolizer,2030,61,4,4,0.05469885128133841
1445,electrolizer,2030,61,5,5,0.05469885128133841
1446,electrolizer,2030,61,6,6,0.05469885128133841
1447,electrolizer,2030,61,7,7,0.05469885128133841
1448,electrolizer,2030,61,8,8,0.05469885128133841
1449,electrolizer,2030,61,9,9,0.05469885128133841
1450,electrolizer,2030,61,10,10,0.05469885128133841
1451,electrolizer,2030,61,11,11,0.05469885128133841
1452,electrolizer,2030,61,12,12,0.05469885128133841
1453,electrolizer,2030,61,13,13,0.05469885128133841
1454,electrolizer,2030,61,14,14,0.05469885128133841
1455,electrolizer,2030,61,15,15,0.05469885128133841
1456,electrolizer,2030,61,16,16,0.05469885128133841
1457,electrolizer,2030,61,17,17,0.05469885128133841
1458,electrolizer,2030,61,18,18,0.05469885128133841
1459,electrolizer,2030,61,19,19,0.05469885128133841
1460,electrolizer,2030,61,20,20,0.05469885128133841
1461,electrolizer,2030,61,21,21,0.05469885128133841
1462,electrolizer,2030,61,22,22,0.0021879540512535368
1463,electrolizer,2030,61,23,23,0.0021879540512535368
1464,electrolizer,2030,61,24,24,0.0021879540512535368
1465,electrolizer,2030,62,1,1,0.11267676896796182
1466,electrolizer,2030,62,2,2,0.11267676896796179
1467,electrolizer,2030,62,3,3,0.11267676896796179
1468,electrolizer,2030,62,4,4,0.11267676896796179
1469,electrolizer,2030,62,5,5,0.11267676896796179
1470,electrolizer,2030,62,6,6,0.11267676896796179
1471,electrolizer,2030,62,7,7,0.11267676896796179
1472,electrolizer,2030,62,8,8,0.11267676896796179
1473,electrolizer,2030,62,9,9,0.11267676896796179
1474,electrolizer,2030,62,10,10,0.11267676896796179
1475,electrolizer,2030,62,11,11,0.11267676896796179
1476,electrolizer,2030,62,12,12,0.11267676896796179
1477,electrolizer,2030,62,13,13,0.11267676896796179
1478,electrolizer,2030,62,14,14,0.11267676896796179
1479,electrolizer,2030,62,15,15,0.11267676896796179
1480,electrolizer,2030,62,16,16,0.11267676896796179
1481,electrolizer,2030,62,17,17,0.11267676896796179
1482,electrolizer,2030,62,18,18,0.11267676896796182
1483,electrolizer,2030,62,19,19,0.11267676896796182
1484,electrolizer,2030,62,20,20,0.11267676896796182
1485,electrolizer,2030,62,21,21,0.11267676896796179
1486,electrolizer,2030,62,22,22,0.11267676896796179
1487,electrolizer,2030,62,23,23,0.11267676896796179
1488,electrolizer,2030,62,24,24,0.11267676896796179
1489,electrolizer,2030,63,1,1,0.02704423483613782
1490,electrolizer,2030,63,2,2,0.02704423483613782
1491,electrolizer,2030,63,3,3,0.02704423483613783
1492,electrolizer,2030,63,4,4,0.02704423483613783
1493,electrolizer,2030,63,5,5,0.027044234836137833
1494,electrolizer,2030,63,6,6,0.02704423483613783
1495,electrolizer,2030,63,7,7,0.02704423483613783
1496,electrolizer,2030,63,8,8,0.02704423483613783
1497,electrolizer,2030,63,9,9,0.027044234836137833
1498,electrolizer,2030,63,10,10,0.02704423483613783
1499,electrolizer,2030,63,11,11,0.027044234836137833
1500,electrolizer,2030,63,12,12,0.02704423483613783
1501,electrolizer,2030,63,13,13,0.02704423483613783
1502,electrolizer,2030,63,14,14,0.02704423483613783
1503,electrolizer,2030,63,15,15,0.027044234836137833
1504,electrolizer,2030,63,16,16,0.027044234836137833
1505,electrolizer,2030,63,17,17,0.02704423483613783
1506,electrolizer,2030,63,18,18,0.027044234836137833
1507,electrolizer,2030,63,19,19,0.02704423483613783
1508,electrolizer,2030,63,20,20,0.02704423483613782
1509,electrolizer,2030,63,21,21,0.027044234836137833
1510,electrolizer,2030,63,22,22,0.02704423483613783
1511,electrolizer,2030,63,23,23,0.027044234836137833
1512,electrolizer,2030,63,24,24,0.02704423483613783
1513,electrolizer,2030,64,1,1,0.07745734053535938
1514,electrolizer,2030,64,2,2,0.07745734053535941
1515,electrolizer,2030,64,3,3,0.0774573405353594
1516,electrolizer,2030,64,4,4,0.0774573405353594
1517,electrolizer,2030,64,5,5,0.0774573405353594
1518,electrolizer,2030,64,6,6,0.0774573405353594
1519,electrolizer,2030,64,7,7,0.07745734053535941
1520,electrolizer,2030,64,8,8,0.0774573405353594
1521,electrolizer,2030,64,9,9,0.07745734053535938
1522,electrolizer,2030,64,10,10,0.07745734053535938
1523,electrolizer,2030,64,11,11,0.07745734053535938
1524,electrolizer,2030,64,12,12,0.07745734053535938
1525,electrolizer,2030,64,13,13,0.07745734053535938
1526,electrolizer,2030,64,14,14,0.07745734053535938
1527,electrolizer,2030,64,15,15,0.07745734053535938
1528,electrolizer,2030,64,16,16,0.07745734053535938
1529,electrolizer,2030,64,17,17,0.07745734053535938
1530,electrolizer,2030,64,18,18,0.0774573405353594
1531,electrolizer,2030,64,19,19,0.0774573405353594
1532,electrolizer,2030,64,20,20,0.0774573405353594
1533,electrolizer,2030,64,21,21,0.0774573405353594
1534,electrolizer,2030,64,22,22,0.0774573405353594
1535,electrolizer,2030,64,23,23,0.0774573405353594
1536,electrolizer,2030,64,24,24,0.0774573405353594
1537,electrolizer,2030,65,1,1,0.08396791495695584
1538,electrolizer,2030,65,2,2,0.08396791495695581
1539,electrolizer,2030,65,3,3,0.08396791495695581
1540,electrolizer,2030,65,4,4,0.08396791495695581
1541,electrolizer,2030,65,5,5,0.08396791495695581
1542,electrolizer,2030,65,6,6,0.08396791495695581
1543,electrolizer,2030,65,7,7,0.08396791495695581
1544,electrolizer,2030,65,8,8,0.08396791495695581
1545,electrolizer,2030,65,9,9,0.08396791495695581
1546,electrolizer,2030,65,10,10,0.08396791495695581
1547,electrolizer,2030,65,11,11,0.08396791495695581
1548,electrolizer,2030,65,12,12,0.08396791495695581
1549,electrolizer,2030,65,13,13,0.08396791495695581
1550,electrolizer,2030,65,14,14,0.08396791495695581
1551,electrolizer,2030,65,15,15,0.08396791495695581
1552,electrolizer,2030,65,16,16,0.08396791495695581
1553,electrolizer,2030,65,17,17,0.08396791495695581
1554,electrolizer,2030,65,18,18,0.08396791495695581
1555,electrolizer,2030,65,19,19,0.08396791495695581
1556,electrolizer,2030,65,20,20,0.08396791495695581
1557,electrolizer,2030,65,21,21,0.08396791495695581
1558,electrolizer,2030,65,22,22,0.08396791495695581
1559,electrolizer,2030,65,23,23,0.08396791495695581
1560,electrolizer,2030,65,24,24,0.08396791495695581
1561,electrolizer,2030,66,1,1,0.005020686833794421
1562,electrolizer,2030,66,2,2,0.005020686833794421
1563,electrolizer,2030,66,3,3,0.1255171708448605
1564,electrolizer,2030,66,4,4,0.12551717084486055
1565,electrolizer,2030,66,5,5,0.1255171708448605
1566,electrolizer,2030,66,6,6,0.1255171708448605
1567,electrolizer,2030,66,7,7,0.1255171708448605
1568,electrolizer,2030,66,8,8,0.1255171708448605
1569,electrolizer,2030,66,9,9,0.1255171708448605
1570,electrolizer,2030,66,10,10,0.1255171708448605
1571,electrolizer,2030,66,11,11,0.1255171708448605
1572,electrolizer,2030,66,12,12,0.1255171708448605
1573,electrolizer,2030,66,13,13,0.1255171708448605
1574,electrolizer,2030,66,14,14,0.1255171708448605
1575,electrolizer,2030,66,15,15,0.1255171708448605
1576,electrolizer,2030,66,16,16,0.1255171708448605
1577,electrolizer,2030,66,17,17,0.1255171708448605
1578,electrolizer,2030,66,18,18,0.12551717084486055
1579,electrolizer,2030,66,19,19,0.1255171708448605
1580,electrolizer,2030,66,20,20,0.1255171708448605
1581,electrolizer,2030,66,21,21,0.1255171708448605
1582,electrolizer,2030,66,22,22,0.1255171708448605
1583,electrolizer,2030,66,23,23,0.1255171708448605
1584,electrolizer,2030,66,24,24,0.1255171708448605
1585,electrolizer,2030,67,1,1,0.03621891708001113
1586,electrolizer,2030,67,2,2,0.03621891708001113
1587,electrolizer,2030,67,3,3,0.03621891708001113
1588,electrolizer,2030,67,4,4,0.03621891708001113
1589,electrolizer,2030,67,5,5,0.03621891708001113
1590,electrolizer,2030,67,6,6,0.03621891708001113
1591,electrolizer,2030,67,7,7,0.03621891708001113
1592,electrolizer,2030,67,8,8,0.03621891708001113
1593,electrolizer,2030,67,9,9,0.03621891708001113
1594,electrolizer,2030,67,10,10,0.03621891708001113
1595,electrolizer,2030,67,11,11,0.03621891708001113
1596,electrolizer,2030,67,12,12,0.03621891708001113
1597,electrolizer,2030,67,13,13,0.03621891708001113
1598,electrolizer,2030,67,14,14,0.03621891708001113
1599,electrolizer,2030,67,15,15,0.03621891708001113
1600,electrolizer,2030,67,16,16,0.03621891708001113
1601,electrolizer,2030,67,17,17,0.03621891708001113
1602,electrolizer,2030,67,18,18,0.03621891708001113
1603,electrolizer,2030,67,19,19,0.03621891708001113
1604,electrolizer,2030,67,20,20,0.03621891708001113
1605,electrolizer,2030,67,21,21,0.03621891708001113
1606,electrolizer,2030,67,22,22,0.03621891708001113
1607,electrolizer,2030,67,23,23,0.03621891708001113
1608,electrolizer,2030,67,24,24,0.03621891708001113
1609,electrolizer,2030,68,1,1,0.001725621806131517
1610,electrolizer,2030,68,2,2,0.001725621806131517
1611,electrolizer,2030,68,3,3,0.001725621806131517
1612,electrolizer,2030,68,4,4,0.001725621806131517
1613,electrolizer,2030,68,5,5,0.043140545153287926
1614,electrolizer,2030,68,6,6,0.043140545153287926
1615,electrolizer,2030,68,7,7,0.04314054515328791
1616,electrolizer,2030,68,8,8,0.04314054515328791
1617,electrolizer,2030,68,9,9,0.04314054515328791
1618,electrolizer,2030,68,10,10,0.04314054515328792
1619,electrolizer,2030,68,11,11,0.04314054515328791
1620,electrolizer,2030,68,12,12,0.04314054515328792
1621,electrolizer,2030,68,13,13,0.043140545153287926
1622,electrolizer,2030,68,14,14,0.043140545153287926
1623,electrolizer,2030,68,15,15,0.04314054515328791
1624,electrolizer,2030,68,16,16,0.043140545153287926
1625,electrolizer,2030,68,17,17,0.043140545153287926
1626,electrolizer,2030,68,18,18,0.043140545153287926
1627,electrolizer,2030,68,19,19,0.043140545153287926
1628,electrolizer,2030,68,20,20,0.04314054515328792
1629,electrolizer,2030,68,21,21,0.04314054515328791
1630,electrolizer,2030,68,22,22,0.04314054515328791
1631,electrolizer,2030,68,23,23,0.04314054515328791
1632,electrolizer,2030,68,24,24,0.04314054515328791
1633,electrolizer,2030,69,1,1,0.2072521935815809
1634,electrolizer,2030,69,2,2,0.20725219358158092
1635,electrolizer,2030,69,3,3,0.2072521935815809
1636,electrolizer,2030,69,4,4,0.2072521935815809
1637,electrolizer,2030,69,5,5,0.2072521935815809
1638,electrolizer,2030,69,6,6,0.2072521935815809
1639,electrolizer,2030,69,7,7,0.2072521935815809
1640,electrolizer,2030,69,8,8,0.2072521935815809
1641,electrolizer,2030,69,9,9,0.2072521935815809
1642,electrolizer,2030,69,10,10,0.2072521935815809
1643,electrolizer,2030,69,11,11,0.2072521935815809
1644,electrolizer,2030,69,12,12,0.2072521935815809
1645,electrolizer,2030,69,13,13,0.2072521935815809
1646,electrolizer,2030,69,14,14,0.2072521935815809
1647,electrolizer,2030,69,15,15,0.2072521935815809
1648,electrolizer,2030,69,16,16,0.2072521935815809
1649,electrolizer,2030,69,17,17,0.2072521935815809
1650,electrolizer,2030,69,18,18,0.2072521935815809
1651,electrolizer,2030,69,19,19,0.2072521935815809
1652,electrolizer,2030,69,20,20,0.2072521935815809
1653,electrolizer,2030,69,21,21,0.2072521935815809
1654,electrolizer,2030,69,22,22,0.2072521935815809
1655,electrolizer,2030,69,23,23,0.2072521935815809
1656,electrolizer,2030,69,24,24,0.2072521935815809
1657,electrolizer,2030,70,1,1,0.0032430982747391336
1658,electrolizer,2030,70,2,2,0.0032430982747391336
1659,electrolizer,2030,70,3,3,0.0032430982747391336
1660,electrolizer,2030,70,4,4,0.0032430982747391336
1661,electrolizer,2030,70,5,5,0.0032430982747391336
1662,electrolizer,2030,70,6,6,0.0032430982747391336
1663,electrolizer,2030,70,7,7,0.0032430982747391336
1664,electrolizer,2030,70,8,8,0.0032430982747391336
1665,electrolizer,2030,70,9,9,0.08107745686847835
1666,electrolizer,2030,70,10,10,0.08107745686847832
1667,electrolizer,2030,70,11,11,0.08107745686847835
1668,electrolizer,2030,70,12,12,0.08107745686847832
1669,electrolizer,2030,70,13,13,0.08107745686847832
1670,electrolizer,2030,70,14,14,0.08107745686847832
1671,electrolizer,2030,70,15,15,0.08107745686847832
1672,electrolizer,2030,70,16,16,0.08107745686847832
1673,electrolizer,2030,70,17,17,0.08107745686847832
1674,electrolizer,2030,70,18,18,0.08107745686847832
1675,electrolizer,2030,70,19,19,0.08107745686847832
1676,electrolizer,2030,70,20,20,0.08107745686847832
1677,electrolizer,2030,70,21,21,0.08107745686847832
1678,electrolizer,2030,70,22,22,0.08107745686847832
1679,electrolizer,2030,70,23,23,0.08107745686847832
1680,electrolizer,2030,70,24,24,0.08107745686847832
1681,electrolizer,2030,71,1,1,0.04071387327227381
1682,electrolizer,2030,71,2,2,0.04071387327227381
1683,electrolizer,2030,71,3,3,0.04071387327227381
1684,electrolizer,2030,71,4,4,0.04071387327227381
1685,electrolizer,2030,71,5,5,0.04071387327227381
1686,electrolizer,2030,71,6,6,0.04071387327227381
1687,electrolizer,2030,71,7,7,0.04071387327227381
1688,electrolizer,2030,71,8,8,0.04071387327227381
1689,electrolizer,2030,71,9,9,0.04071387327227381
1690,electrolizer,2030,71,10,10,0.04071387327227381
1691,electrolizer,2030,71,11,11,0.04071387327227382
1692,electrolizer,2030,71,12,12,0.04071387327227382
1693,electrolizer,2030,71,13,13,0.04071387327227382
1694,electrolizer,2030,71,14,14,0.04071387327227382
1695,electrolizer,2030,71,15,15,0.04071387327227382
1696,electrolizer,2030,71,16,16,0.04071387327227381
1697,electrolizer,2030,71,17,17,0.04071387327227382
1698,electrolizer,2030,71,18,18,0.04071387327227382
1699,electrolizer,2030,71,19,19,0.04071387327227382
1700,electrolizer,2030,71,20,20,0.04071387327227382
1701,electrolizer,2030,71,21,21,0.04071387327227382
1702,electrolizer,2030,71,22,22,0.04071387327227382
1703,electrolizer,2030,71,23,23,0.04071387327227382
1704,electrolizer,2030,71,24,24,0.04071387327227381
1705,electrolizer,2030,72,1,1,0.037095813883786286
1706,electrolizer,2030,72,2,2,0.037095813883786286
1707,electrolizer,2030,72,3,3,0.037095813883786286
1708,electrolizer,2030,72,4,4,0.037095813883786286
1709,electrolizer,2030,72,5,5,0.037095813883786286
1710,electrolizer,2030,72,6,6,0.0014838325553514513
1711,electrolizer,2030,72,7,7,0.037095813883786286
1712,electrolizer,2030,72,8,8,0.037095813883786286
1713,electrolizer,2030,72,9,9,0.037095813883786286
1714,electrolizer,2030,72,10,10,0.037095813883786286
1715,electrolizer,2030,72,11,11,0.037095813883786286
1716,electrolizer,2030,72,12,12,0.037095813883786286
1717,electrolizer,2030,72,13,13,0.037095813883786286
1718,electrolizer,2030,72,14,14,0.037095813883786286
1719,electrolizer,2030,72,15,15,0.037095813883786286
1720,electrolizer,2030,72,16,16,0.037095813883786286
1721,electrolizer,2030,72,17,17,0.037095813883786286
1722,electrolizer,2030,72,18,18,0.037095813883786286
1723,electrolizer,2030,72,19,19,0.037095813883786286
1724,electrolizer,2030,72,20,20,0.037095813883786286
1725,electrolizer,2030,72,21,21,0.037095813883786286
1726,electrolizer,2030,72,22,22,0.037095813883786286
1727,electrolizer,2030,72,23,23,0.037095813883786286
1728,electrolizer,2030,72,24,24,0.037095813883786286
