asset,commission_year,investment_cost,investment_limit,investment_cost_storage_energy,investment_limit_storage_energy
AT_Battery,2050,77577.85030576670,0.608,19394.4625764417,1.824
AT_E_Demand,2050,,,0.0000000000,0.0
AT_E_ENS,2050,,37.8805544,0.0000000000,0.0
AT_Gas,2050,95000.00000000000,6.52,0.0000000000,0.0
AT_H_Demand,2050,,,0.0000000000,0.0
AT_Hydro,2050,,16.274,0.0000000000,0.0
AT_Hydro_Reservoir,2050,,4.978,0.0000000000,0.0
AT_Pump_Hydro_Closed,2050,,0.6,0.0000000000,0.0
AT_Pump_Hydro_Open,2050,,11.586,0.0000000000,0.0
AT_Solar,2050,34342.98027538492,106.258,0.0000000000,0.0
AT_Wind_Onshore,2050,77356.32865703155,82.29,0.0000000000,0.0
AT_electrolyzer,2050,800000.00000000000,11.461187214,0.0000000000,0.0
BE_Battery,2050,77577.85030576670,2.26,19394.4625764417,6.78
BE_E_Demand,2050,,,0.0000000000,0.0
BE_E_ENS,2050,,47.16584812,0.0000000000,0.0
BE_Gas,2050,95000.00000000000,17.736,0.0000000000,0.0
BE_H_Demand,2050,,,0.0000000000,0.0
BE_Hydro,2050,,0.33,0.0000000000,0.0
BE_OCGT,2050,55000.00000000000,0.488,0.0000000000,0.0
BE_Solar,2050,34342.98027538492,110.0,0.0000000000,0.0
BE_Wind_Offshore,2050,119732.61777406993,21.92,0.0000000000,0.0
BE_Wind_Onshore,2050,77356.32865703155,20.0,0.0000000000,0.0
BE_electrolyzer,2050,800000.00000000000,22.23744292,0.0000000000,0.0
BG_Battery,2050,77577.85030576670,9.846,19394.4625764417,29.538
BG_Coal,2050,420000.00000000000,2.008,0.0000000000,0.0
BG_E_Demand,2050,,,0.0000000000,0.0
BG_E_ENS,2050,,13.5848578,0.0000000000,0.0
BG_Gas,2050,95000.00000000000,4.63,0.0000000000,0.0
BG_H_Demand,2050,,,0.0000000000,0.0
BG_Hydro,2050,,3.634,0.0000000000,0.0
BG_Hydro_Reservoir,2050,,2.562,0.0000000000,0.0
BG_Nuclear,2050,950000.00000000000,4.0,0.0000000000,0.0
BG_OCGT,2050,55000.00000000000,0.04,0.0000000000,0.0
BG_Pump_Hydro_Closed,2050,,1.728,0.0000000000,0.0
BG_Pump_Hydro_Open,2050,,1.07,0.0000000000,0.0
BG_Solar,2050,34342.98027538492,18.22,0.0000000000,0.0
BG_Wind_Onshore,2050,77356.32865703155,18.0,0.0000000000,0.0
BG_electrolyzer,2050,800000.00000000000,3.03652968,0.0000000000,0.0
CH_Battery,2050,77577.85030576670,10.1,19394.4625764417,30.3
CH_E_Demand,2050,,,0.0000000000,0.0
CH_E_ENS,2050,,25.47017712,0.0000000000,0.0
CH_H_Demand,2050,,,0.0000000000,0.0
CH_Hydro,2050,,27.55,0.0000000000,0.0
CH_Nuclear,2050,950000.00000000000,0.0,0.0000000000,0.0
CH_Pump_Hydro_Closed,2050,,4.34,0.0000000000,0.0
CH_Pump_Hydro_Open,2050,,21.464,0.0000000000,0.0
CH_Solar,2050,34342.98027538492,26.624,0.0000000000,0.0
CH_Wind_Onshore,2050,77356.32865703155,4.446,0.0000000000,0.0
CH_electrolyzer,2050,800000.00000000000,7.641053136,0.0000000000,0.0
CY_Battery,2050,77577.85030576670,6.152,19394.4625764417,18.456
CY_E_Demand,2050,,,0.0000000000,0.0
CY_E_ENS,2050,,2.538906,0.0000000000,0.0
CY_Gas,2050,95000.00000000000,1.048,0.0000000000,0.0
CY_H_Demand,2050,,,0.0000000000,0.0
CY_Solar,2050,34342.98027538492,4.546,0.0000000000,0.0
CY_Wind_Onshore,2050,77356.32865703155,0.8,0.0000000000,0.0
CY_electrolyzer,2050,800000.00000000000,0.570776256,0.0000000000,0.0
CZ_Battery,2050,77577.85030576670,7.22,19394.4625764417,21.66
CZ_Coal,2050,420000.00000000000,0.0,0.0000000000,0.0
CZ_E_Demand,2050,,,0.0000000000,0.0
CZ_E_ENS,2050,,24.7103232,0.0000000000,0.0
CZ_Gas,2050,95000.00000000000,5.226,0.0000000000,0.0
CZ_H_Demand,2050,,,0.0000000000,0.0
CZ_Hydro,2050,,1.906,0.0000000000,0.0
CZ_Hydro_Reservoir,2050,,1.396,0.0000000000,0.0
CZ_Nuclear,2050,950000.00000000000,13.966,0.0000000000,0.0
CZ_Pump_Hydro_Closed,2050,,1.376,0.0000000000,0.0
CZ_Pump_Hydro_Open,2050,,0.94,0.0000000000,0.0
CZ_Solar,2050,34342.98027538492,44.97,0.0000000000,0.0
CZ_Wind_Onshore,2050,77356.32865703155,8.972,0.0000000000,0.0
CZ_electrolyzer,2050,800000.00000000000,9.406392694,0.0000000000,0.0
DE_Battery,2050,77577.85030576670,222.194,19394.4625764417,666.582
DE_Coal,2050,420000.00000000000,0.0,0.0000000000,0.0
DE_E_Demand,2050,,,0.0000000000,0.0
DE_E_ENS,2050,,238.1671656,0.0000000000,0.0
DE_Gas,2050,95000.00000000000,67.164,0.0000000000,0.0
DE_H_Demand,2050,,,0.0000000000,0.0
DE_Hydro,2050,,9.506,0.0000000000,0.0
DE_Hydro_Reservoir,2050,,2.594,0.0000000000,0.0
DE_OCGT,2050,55000.00000000000,0.0,0.0000000000,0.0
DE_Pump_Hydro_Closed,2050,,14.764,0.0000000000,0.0
DE_Pump_Hydro_Open,2050,,3.288,0.0000000000,0.0
DE_Solar,2050,34342.98027538492,912.778,0.0000000000,0.0
DE_Wind_Offshore,2050,119732.61777406993,141.17,0.0000000000,0.0
DE_Wind_Onshore,2050,77356.32865703155,383.0,0.0000000000,0.0
DE_electrolyzer,2050,800000.00000000000,136.68949772,0.0000000000,0.0
DK_Battery,2050,77577.85030576670,3.7,19394.4625764417,11.1
DK_E_Demand,2050,,,0.0000000000,0.0
DK_E_ENS,2050,,11.7893066,0.0000000000,0.0
DK_Gas,2050,95000.00000000000,0.02,0.0000000000,0.0
DK_H_Demand,2050,,,0.0000000000,0.0
DK_OCGT,2050,55000.00000000000,1.224,0.0000000000,0.0
DK_Solar,2050,34342.98027538492,48.892,0.0000000000,0.0
DK_Wind_Offshore,2050,119732.61777406993,88.382,0.0000000000,0.0
DK_Wind_Onshore,2050,77356.32865703155,22.786,0.0000000000,0.0
DK_electrolyzer,2050,800000.00000000000,4.611872146,0.0000000000,0.0
EE_E_Demand,2050,,,0.0000000000,0.0
EE_E_ENS,2050,,4.9873152,0.0000000000,0.0
EE_H_Demand,2050,,,0.0000000000,0.0
EE_Solar,2050,34342.98027538492,7.04,0.0000000000,0.0
EE_Wind_Offshore,2050,119732.61777406993,13.998,0.0000000000,0.0
EE_Wind_Onshore,2050,77356.32865703155,1.722,0.0000000000,0.0
EE_electrolyzer,2050,800000.00000000000,0.388127854,0.0000000000,0.0
ES_Battery,2050,77577.85030576670,64.0,19394.4625764417,192.0
ES_E_Demand,2050,,,0.0000000000,0.0
ES_E_ENS,2050,,95.69817984,0.0000000000,0.0
ES_Gas,2050,95000.00000000000,29.84,0.0000000000,0.0
ES_H_Demand,2050,,,0.0000000000,0.0
ES_Hydro,2050,,29.678,0.0000000000,0.0
ES_Hydro_Reservoir,2050,,21.944,0.0000000000,0.0
ES_Nuclear,2050,950000.00000000000,0.0,0.0000000000,0.0
ES_Pump_Hydro_Closed,2050,,13.732,0.0000000000,0.0
ES_Pump_Hydro_Open,2050,,5.366,0.0000000000,0.0
ES_Solar,2050,34342.98027538492,296.594,0.0000000000,0.0
ES_Wind_Offshore,2050,119732.61777406993,11.422,0.0000000000,0.0
ES_Wind_Onshore,2050,77356.32865703155,199.098,0.0000000000,0.0
ES_electrolyzer,2050,800000.00000000000,41.94063926,0.0000000000,0.0
EU_SMR_CCS,2050,,2000.0,0.0000000000,0.0
FI_Battery,2050,77577.85030576670,11.774,19394.4625764417,35.322
FI_E_Demand,2050,,,0.0000000000,0.0
FI_E_ENS,2050,,40.4000636,0.0000000000,0.0
FI_Gas,2050,95000.00000000000,0.468,0.0000000000,0.0
FI_H_Demand,2050,,,0.0000000000,0.0
FI_Hydro_Reservoir,2050,,6.474,0.0000000000,0.0
FI_Nuclear,2050,950000.00000000000,20.0,0.0000000000,0.0
FI_OCGT,2050,55000.00000000000,0.174,0.0000000000,0.0
FI_Solar,2050,34342.98027538492,95.534,0.0000000000,0.0
FI_Wind_Offshore,2050,119732.61777406993,24.0,0.0000000000,0.0
FI_Wind_Onshore,2050,77356.32865703155,175.818,0.0000000000,0.0
FI_electrolyzer,2050,800000.00000000000,10.821917808,0.0000000000,0.0
FR_Battery,2050,77577.85030576670,48.922,19394.4625764417,146.766
FR_E_Demand,2050,,,0.0000000000,0.0
FR_E_ENS,2050,,184.32,0.0000000000,0.0
FR_Gas,2050,95000.00000000000,21.678,0.0000000000,0.0
FR_H_Demand,2050,,,0.0000000000,0.0
FR_Hydro,2050,,46.894,0.0000000000,0.0
FR_Hydro_Reservoir,2050,,17.57,0.0000000000,0.0
FR_Nuclear,2050,950000.00000000000,100.278,0.0000000000,0.0
FR_OCGT,2050,55000.00000000000,0.0,0.0000000000,0.0
FR_Pump_Hydro_Closed,2050,,3.9,0.0000000000,0.0
FR_Pump_Hydro_Open,2050,,3.7,0.0000000000,0.0
FR_Solar,2050,34342.98027538492,387.188,0.0000000000,0.0
FR_Wind_Offshore,2050,119732.61777406993,87.14,0.0000000000,0.0
FR_Wind_Onshore,2050,77356.32865703155,160.0,0.0000000000,0.0
FR_electrolyzer,2050,800000.00000000000,13.607305936,0.0000000000,0.0
GR_Battery,2050,77577.85030576670,66.096,19394.4625764417,198.288
GR_E_Demand,2050,,,0.0000000000,0.0
GR_E_ENS,2050,,28.6621016,0.0000000000,0.0
GR_Gas,2050,95000.00000000000,10.074,0.0000000000,0.0
GR_H_Demand,2050,,,0.0000000000,0.0
GR_Hydro,2050,,7.044,0.0000000000,0.0
GR_Hydro_Reservoir,2050,,5.488,0.0000000000,0.0
GR_OCGT,2050,55000.00000000000,0.0,0.0000000000,0.0
GR_Pump_Hydro_Closed,2050,,1.36,0.0000000000,0.0
GR_Pump_Hydro_Open,2050,,1.398,0.0000000000,0.0
GR_Solar,2050,34342.98027538492,93.0,0.0000000000,0.0
GR_Wind_Offshore,2050,119732.61777406993,35.0,0.0000000000,0.0
GR_Wind_Onshore,2050,77356.32865703155,55.0,0.0000000000,0.0
GR_electrolyzer,2050,800000.00000000000,13.150684932,0.0000000000,0.0
HR_Battery,2050,77577.85030576670,0.73,19394.4625764417,2.19
HR_Coal,2050,420000.00000000000,0.0,0.0000000000,0.0
HR_E_Demand,2050,,,0.0000000000,0.0
HR_E_ENS,2050,,7.3905362,0.0000000000,0.0
HR_Gas,2050,95000.00000000000,0.0,0.0000000000,0.0
HR_H_Demand,2050,,,0.0000000000,0.0
HR_Hydro,2050,,4.022,0.0000000000,0.0
HR_Hydro_Reservoir,2050,,3.882,0.0000000000,0.0
HR_Pump_Hydro_Open,2050,,0.562,0.0000000000,0.0
HR_Solar,2050,34342.98027538492,6.376,0.0000000000,0.0
HR_Wind_Offshore,2050,119732.61777406993,5.792,0.0000000000,0.0
HR_Wind_Onshore,2050,77356.32865703155,6.0,0.0000000000,0.0
HR_electrolyzer,2050,800000.00000000000,1.849315068,0.0000000000,0.0
HU_Battery,2050,77577.85030576670,1.908,19394.4625764417,5.724
HU_E_Demand,2050,,,0.0000000000,0.0
HU_E_ENS,2050,,24.2696596,0.0000000000,0.0
HU_Gas,2050,95000.00000000000,6.14,0.0000000000,0.0
HU_H_Demand,2050,,,0.0000000000,0.0
HU_Hydro,2050,,0.128,0.0000000000,0.0
HU_Nuclear,2050,950000.00000000000,4.72,0.0000000000,0.0
HU_OCGT,2050,55000.00000000000,0.308,0.0000000000,0.0
HU_Solar,2050,34342.98027538492,46.792,0.0000000000,0.0
HU_Wind_Onshore,2050,77356.32865703155,6.0,0.0000000000,0.0
HU_electrolyzer,2050,800000.00000000000,8.424657534,0.0000000000,0.0
IE_Battery,2050,77577.85030576670,104.412,19394.4625764417,313.236
IE_E_Demand,2050,,,0.0000000000,0.0
IE_E_ENS,2050,,20.344176,0.0000000000,0.0
IE_Gas,2050,95000.00000000000,15.866,0.0000000000,0.0
IE_H_Demand,2050,,,0.0000000000,0.0
IE_Hydro,2050,,0.43,0.0000000000,0.0
IE_OCGT,2050,55000.00000000000,0.232,0.0000000000,0.0
IE_Pump_Hydro_Closed,2050,,0.584,0.0000000000,0.0
IE_Solar,2050,34342.98027538492,24.226,0.0000000000,0.0
IE_Wind_Offshore,2050,119732.61777406993,42.114,0.0000000000,0.0
IE_Wind_Onshore,2050,77356.32865703155,22.616,0.0000000000,0.0
IE_electrolyzer,2050,800000.00000000000,5.410958904,0.0000000000,0.0
IT_Battery,2050,77577.85030576670,285.562,19394.4625764417,856.686
IT_E_Demand,2050,,,0.0000000000,0.0
IT_E_ENS,2050,,142.2730364,0.0000000000,0.0
IT_Gas,2050,95000.00000000000,83.82,0.0000000000,0.0
IT_H_Demand,2050,,,0.0000000000,0.0
IT_Hydro,2050,,31.692,0.0000000000,0.0
IT_Hydro_Reservoir,2050,,19.152,0.0000000000,0.0
IT_OCGT,2050,55000.00000000000,8.64,0.0000000000,0.0
IT_Pump_Hydro_Closed,2050,,12.4,0.0000000000,0.0
IT_Pump_Hydro_Open,2050,,6.508,0.0000000000,0.0
IT_Solar,2050,34342.98027538492,472.268,0.0000000000,0.0
IT_Wind_Offshore,2050,119732.61777406993,37.0,0.0000000000,0.0
IT_Wind_Onshore,2050,77356.32865703155,76.42,0.0000000000,0.0
IT_electrolyzer,2050,800000.00000000000,33.33333334,0.0000000000,0.0
LT_Battery,2050,77577.85030576670,7.316,19394.4625764417,21.948
LT_E_Demand,2050,,,0.0000000000,0.0
LT_E_ENS,2050,,5.701201,0.0000000000,0.0
LT_Gas,2050,95000.00000000000,0.586,0.0000000000,0.0
LT_H_Demand,2050,,,0.0000000000,0.0
LT_Hydro,2050,,0.252,0.0000000000,0.0
LT_Pump_Hydro_Closed,2050,,1.86,0.0000000000,0.0
LT_Solar,2050,34342.98027538492,15.152,0.0000000000,0.0
LT_Wind_Offshore,2050,119732.61777406993,15.2,0.0000000000,0.0
LT_Wind_Onshore,2050,77356.32865703155,11.3,0.0000000000,0.0
LT_electrolyzer,2050,800000.00000000000,4.132420092,0.0000000000,0.0
LU_E_Demand,2050,,,0.0000000000,0.0
LU_E_ENS,2050,,4.50234816,0.0000000000,0.0
LU_H_Demand,2050,,,0.0000000000,0.0
LU_Hydro,2050,,0.086,0.0000000000,0.0
LU_Pump_Hydro_Closed,2050,,2.62,0.0000000000,0.0
LU_Solar,2050,34342.98027538492,4.38,0.0000000000,0.0
LU_Wind_Onshore,2050,77356.32865703155,1.2,0.0000000000,0.0
LU_electrolyzer,2050,800000.00000000000,1.02739726,0.0000000000,0.0
LV_Battery,2050,77577.85030576670,0.298,19394.4625764417,0.894
LV_E_Demand,2050,,,0.0000000000,0.0
LV_E_ENS,2050,,4.2258302,0.0000000000,0.0
LV_Gas,2050,95000.00000000000,0.146,0.0000000000,0.0
LV_H_Demand,2050,,,0.0000000000,0.0
LV_Hydro,2050,,0.0,0.0000000000,0.0
LV_Solar,2050,34342.98027538492,1.21,0.0000000000,0.0
LV_Wind_Offshore,2050,119732.61777406993,15.0,0.0000000000,0.0
LV_Wind_Onshore,2050,77356.32865703155,0.704,0.0000000000,0.0
LV_electrolyzer,2050,800000.00000000000,0.616438356,0.0000000000,0.0
MT_E_Demand,2050,,,0.0000000000,0.0
MT_E_ENS,2050,,1.2473568,0.0000000000,0.0
MT_Gas,2050,95000.00000000000,0.9,0.0000000000,0.0
MT_H_Demand,2050,,,0.0000000000,0.0
MT_Solar,2050,34342.98027538492,0.748,0.0000000000,0.0
MT_electrolyzer,2050,800000.00000000000,0.136986302,0.0000000000,0.0
NL_Battery,2050,77577.85030576670,104.588,19394.4625764417,313.764
NL_E_Demand,2050,,,0.0000000000,0.0
NL_E_ENS,2050,,67.551757,0.0000000000,0.0
NL_Gas,2050,95000.00000000000,30.5,0.0000000000,0.0
NL_H_Demand,2050,,,0.0000000000,0.0
NL_OCGT,2050,55000.00000000000,0.0,0.0000000000,0.0
NL_Solar,2050,34342.98027538492,199.968,0.0000000000,0.0
NL_Wind_Offshore,2050,119732.61777406993,99.306,0.0000000000,0.0
NL_Wind_Onshore,2050,77356.32865703155,40.0,0.0000000000,0.0
NL_electrolyzer,2050,800000.00000000000,32.00913242,0.0000000000,0.0
NO_E_Demand,2050,,,0.0000000000,0.0
NO_E_ENS,2050,,60.2193011,0.0000000000,0.0
NO_H_Demand,2050,,,0.0000000000,0.0
NO_Hydro_Reservoir,2050,,61.456,0.0000000000,0.0
NO_Pump_Hydro_Open,2050,,1.52,0.0000000000,0.0
NO_Solar,2050,34342.98027538492,23.88,0.0000000000,0.0
NO_Wind_Offshore,2050,119732.61777406993,19.894,0.0000000000,0.0
NO_Wind_Onshore,2050,77356.32865703155,13.848,0.0000000000,0.0
NO_electrolyzer,2050,800000.00000000000,18.06579033,0.0000000000,0.0
OBZLL_E_Demand,2050,,,0.0000000000,0.0
OBZLL_H_Demand,2050,,,0.0000000000,0.0
OBZLL_Wind_Offshore,2050,119732.61777406993,4.0,0.0000000000,0.0
OBZLL_electrolyzer,2050,800000.00000000000,0.0,0.0000000000,0.0
PL_Coal,2050,420000.00000000000,7.4879999999999995,0.0000000000,0.0
PL_E_Demand,2050,,,0.0000000000,0.0
PL_E_ENS,2050,,100.94029602,0.0000000000,0.0
PL_Gas,2050,95000.00000000000,24.669000000000004,0.0000000000,0.0
PL_H_Demand,2050,,,0.0000000000,0.0
PL_Hydro,2050,,2.382,0.0000000000,0.0
PL_Hydro_Reservoir,2050,,0.8160000000000001,0.0000000000,0.0
PL_Pump_Hydro_Closed,2050,,3.969,0.0000000000,0.0
PL_Pump_Hydro_Open,2050,,0.648,0.0000000000,0.0
PL_Solar,2050,34342.98027538492,162.909,0.0000000000,0.0
PL_Wind_Offshore,2050,119732.61777406993,32.7,0.0000000000,0.0
PL_Wind_Onshore,2050,77356.32865703155,186.0,0.0000000000,0.0
PL_electrolyzer,2050,800000.00000000000,44.82876711,0.0000000000,0.0
PT_Battery,2050,77577.85030576670,6.588,19394.4625764417,19.764
PT_E_Demand,2050,,,0.0000000000,0.0
PT_E_ENS,2050,,37.82134938,0.0000000000,0.0
PT_Gas,2050,95000.00000000000,0.0,0.0000000000,0.0
PT_H_Demand,2050,,,0.0000000000,0.0
PT_Hydro,2050,,8.542,0.0000000000,0.0
PT_Hydro_Reservoir,2050,,7.532,0.0000000000,0.0
PT_Pump_Hydro_Open,2050,,7.664,0.0000000000,0.0
PT_Solar,2050,34342.98027538492,58.0,0.0000000000,0.0
PT_Wind_Offshore,2050,119732.61777406993,19.956,0.0000000000,0.0
PT_Wind_Onshore,2050,77356.32865703155,26.0,0.0000000000,0.0
PT_electrolyzer,2050,800000.00000000000,7.03196347,0.0000000000,0.0
RO_Battery,2050,77577.85030576670,2.692,19394.4625764417,8.076
RO_Coal,2050,420000.00000000000,0.0,0.0000000000,0.0
RO_E_Demand,2050,,,0.0000000000,0.0
RO_E_ENS,2050,,28.5382896,0.0000000000,0.0
RO_Gas,2050,95000.00000000000,11.68,0.0000000000,0.0
RO_H_Demand,2050,,,0.0000000000,0.0
RO_Hydro,2050,,11.916,0.0000000000,0.0
RO_Hydro_Reservoir,2050,,5.158,0.0000000000,0.0
RO_Nuclear,2050,950000.00000000000,6.174,0.0000000000,0.0
RO_OCGT,2050,55000.00000000000,0.334,0.0000000000,0.0
RO_Pump_Hydro_Open,2050,,1.678,0.0000000000,0.0
RO_Solar,2050,34342.98027538492,68.388,0.0000000000,0.0
RO_Wind_Offshore,2050,119732.61777406993,2.0,0.0000000000,0.0
RO_Wind_Onshore,2050,77356.32865703155,18.0,0.0000000000,0.0
RO_electrolyzer,2050,800000.00000000000,9.794520548,0.0000000000,0.0
SE_Battery,2050,77577.85030576670,1.086,19394.4625764417,3.258
SE_E_Demand,2050,,,0.0000000000,0.0
SE_E_ENS,2050,,61.0007826,0.0000000000,0.0
SE_Gas,2050,95000.00000000000,0.0,0.0000000000,0.0
SE_H_Demand,2050,,,0.0000000000,0.0
SE_Hydro_Reservoir,2050,,32.894,0.0000000000,0.0
SE_Nuclear,2050,950000.00000000000,23.2,0.0000000000,0.0
SE_OCGT,2050,55000.00000000000,0.194,0.0000000000,0.0
SE_Solar,2050,34342.98027538492,93.0,0.0000000000,0.0
SE_Wind_Offshore,2050,119732.61777406993,29.2,0.0000000000,0.0
SE_Wind_Onshore,2050,77356.32865703155,98.2,0.0000000000,0.0
SE_electrolyzer,2050,800000.00000000000,17.328767124,0.0000000000,0.0
SI_Battery,2050,77577.85030576670,0.13,19394.4625764417,0.39
SI_Coal,2050,420000.00000000000,1.15,0.0000000000,0.0
SI_E_Demand,2050,,,0.0000000000,0.0
SI_E_ENS,2050,,6.2879712,0.0000000000,0.0
SI_Gas,2050,95000.00000000000,4.564,0.0000000000,0.0
SI_H_Demand,2050,,,0.0000000000,0.0
SI_Hydro,2050,,0.624,0.0000000000,0.0
SI_Nuclear,2050,950000.00000000000,2.2,0.0000000000,0.0
SI_OCGT,2050,55000.00000000000,2.252,0.0000000000,0.0
SI_Pump_Hydro_Closed,2050,,0.36,0.0000000000,0.0
SI_Solar,2050,34342.98027538492,71.896,0.0000000000,0.0
SI_Wind_Offshore,2050,119732.61777406993,6.4,0.0000000000,0.0
SI_Wind_Onshore,2050,77356.32865703155,15.108,0.0000000000,0.0
SI_electrolyzer,2050,800000.00000000000,1.301369864,0.0000000000,0.0
SK_Battery,2050,77577.85030576670,4.924,19394.4625764417,14.772
SK_Coal,2050,420000.00000000000,0.502,0.0000000000,0.0
SK_E_Demand,2050,,,0.0000000000,0.0
SK_E_ENS,2050,,12.7169736,0.0000000000,0.0
SK_Gas,2050,95000.00000000000,2.682,0.0000000000,0.0
SK_H_Demand,2050,,,0.0000000000,0.0
SK_Hydro,2050,,2.892,0.0000000000,0.0
SK_Hydro_Reservoir,2050,,0.042,0.0000000000,0.0
SK_Nuclear,2050,950000.00000000000,6.192,0.0000000000,0.0
SK_Pump_Hydro_Closed,2050,,1.3,0.0000000000,0.0
SK_Pump_Hydro_Open,2050,,0.552,0.0000000000,0.0
SK_Solar,2050,34342.98027538492,10.0,0.0000000000,0.0
SK_Wind_Onshore,2050,77356.32865703155,4.0,0.0000000000,0.0
SK_electrolyzer,2050,800000.00000000000,5.433789954,0.0000000000,0.0
UK_Battery,2050,77577.85030576670,25.864,19394.4625764417,77.592
UK_E_Demand,2050,,,0.0000000000,0.0
UK_E_ENS,2050,,237.2604948,0.0000000000,0.0
UK_Gas,2050,95000.00000000000,19.01,0.0000000000,0.0
UK_H_Demand,2050,,,0.0000000000,0.0
UK_Hydro,2050,,5.026,0.0000000000,0.0
UK_Nuclear,2050,950000.00000000000,32.0,0.0000000000,0.0
UK_OCGT,2050,55000.00000000000,2.486,0.0000000000,0.0
UK_Pump_Hydro_Closed,2050,,5.488,0.0000000000,0.0
UK_Solar,2050,34342.98027538492,127.43,0.0000000000,0.0
UK_Wind_Offshore,2050,119732.61777406993,220.916,0.0000000000,0.0
UK_Wind_Onshore,2050,77356.32865703155,107.836,0.0000000000,0.0
UK_electrolyzer,2050,800000.00000000000,71.17814844,0.0000000000,0.0
