id,asset,milestone_year,rep_period,time_block_start,time_block_end,dual_max_input_flows_limit_simple_method
1,battery,2030,1,1,1,0.0
2,battery,2030,1,2,2,0.0
3,battery,2030,1,3,3,0.0
4,battery,2030,1,4,4,0.0
5,battery,2030,1,5,5,0.0
6,battery,2030,1,6,6,0.0
7,battery,2030,1,7,7,0.0
8,battery,2030,1,8,8,0.0
9,battery,2030,1,9,9,0.0
10,battery,2030,1,10,10,0.0
11,battery,2030,1,11,11,0.0
12,battery,2030,1,12,12,0.0
13,battery,2030,1,13,13,0.0
14,battery,2030,1,14,14,0.0
15,battery,2030,1,15,15,0.0
16,battery,2030,1,16,16,0.0
17,battery,2030,1,17,17,0.0
18,battery,2030,1,18,18,0.0
19,battery,2030,1,19,19,0.0
20,battery,2030,1,20,20,0.0
21,battery,2030,1,21,21,0.0
22,battery,2030,1,22,22,0.0
23,battery,2030,1,23,23,0.0
24,battery,2030,1,24,24,0.0
25,battery,2030,2,1,1,0.0
26,battery,2030,2,2,2,0.0
27,battery,2030,2,3,3,0.0
28,battery,2030,2,4,4,0.0
29,battery,2030,2,5,5,0.0
30,battery,2030,2,6,6,0.0
31,battery,2030,2,7,7,0.0
32,battery,2030,2,8,8,0.0
33,battery,2030,2,9,9,0.0
34,battery,2030,2,10,10,0.0
35,battery,2030,2,11,11,0.0
36,battery,2030,2,12,12,0.0
37,battery,2030,2,13,13,0.0
38,battery,2030,2,14,14,0.0
39,battery,2030,2,15,15,0.0
40,battery,2030,2,16,16,0.0
41,battery,2030,2,17,17,0.0
42,battery,2030,2,18,18,0.0
43,battery,2030,2,19,19,0.0
44,battery,2030,2,20,20,0.0
45,battery,2030,2,21,21,0.0
46,battery,2030,2,22,22,0.0
47,battery,2030,2,23,23,0.0
48,battery,2030,2,24,24,0.0
49,battery,2030,3,1,1,0.0
50,battery,2030,3,2,2,0.0
51,battery,2030,3,3,3,0.0
52,battery,2030,3,4,4,0.0
53,battery,2030,3,5,5,0.0
54,battery,2030,3,6,6,0.0
55,battery,2030,3,7,7,0.0
56,battery,2030,3,8,8,0.0
57,battery,2030,3,9,9,0.0
58,battery,2030,3,10,10,0.0
59,battery,2030,3,11,11,0.0
60,battery,2030,3,12,12,0.0
61,battery,2030,3,13,13,0.0
62,battery,2030,3,14,14,0.0
63,battery,2030,3,15,15,0.0
64,battery,2030,3,16,16,0.0
65,battery,2030,3,17,17,0.0
66,battery,2030,3,18,18,0.0
67,battery,2030,3,19,19,0.0
68,battery,2030,3,20,20,0.0
69,battery,2030,3,21,21,0.0
70,battery,2030,3,22,22,0.0
71,battery,2030,3,23,23,0.0
72,battery,2030,3,24,24,0.0
73,battery,2030,4,1,1,0.0
74,battery,2030,4,2,2,0.0
75,battery,2030,4,3,3,0.0
76,battery,2030,4,4,4,0.0
77,battery,2030,4,5,5,0.0
78,battery,2030,4,6,6,0.0
79,battery,2030,4,7,7,0.0
80,battery,2030,4,8,8,0.0
81,battery,2030,4,9,9,0.0
82,battery,2030,4,10,10,0.0
83,battery,2030,4,11,11,0.0
84,battery,2030,4,12,12,0.0
85,battery,2030,4,13,13,0.0
86,battery,2030,4,14,14,0.0
87,battery,2030,4,15,15,0.0
88,battery,2030,4,16,16,0.0
89,battery,2030,4,17,17,0.0
90,battery,2030,4,18,18,0.0
91,battery,2030,4,19,19,0.0
92,battery,2030,4,20,20,0.0
93,battery,2030,4,21,21,0.0
94,battery,2030,4,22,22,0.0
95,battery,2030,4,23,23,0.0
96,battery,2030,4,24,24,0.0
97,battery,2030,5,1,1,0.0
98,battery,2030,5,2,2,0.0
99,battery,2030,5,3,3,0.0
100,battery,2030,5,4,4,0.0
101,battery,2030,5,5,5,0.0
102,battery,2030,5,6,6,0.0
103,battery,2030,5,7,7,0.0
104,battery,2030,5,8,8,0.0
105,battery,2030,5,9,9,0.0
106,battery,2030,5,10,10,0.0
107,battery,2030,5,11,11,0.0
108,battery,2030,5,12,12,0.0
109,battery,2030,5,13,13,0.0
110,battery,2030,5,14,14,0.0
111,battery,2030,5,15,15,0.0
112,battery,2030,5,16,16,0.0
113,battery,2030,5,17,17,0.0
114,battery,2030,5,18,18,0.0
115,battery,2030,5,19,19,0.0
116,battery,2030,5,20,20,0.0
117,battery,2030,5,21,21,0.0
118,battery,2030,5,22,22,0.0
119,battery,2030,5,23,23,0.0
120,battery,2030,5,24,24,0.0
121,battery,2030,6,1,1,0.0
122,battery,2030,6,2,2,0.0
123,battery,2030,6,3,3,0.0
124,battery,2030,6,4,4,0.0
125,battery,2030,6,5,5,0.0
126,battery,2030,6,6,6,0.0
127,battery,2030,6,7,7,0.0
128,battery,2030,6,8,8,0.0
129,battery,2030,6,9,9,0.0
130,battery,2030,6,10,10,0.0
131,battery,2030,6,11,11,0.0
132,battery,2030,6,12,12,0.0
133,battery,2030,6,13,13,0.0
134,battery,2030,6,14,14,0.0
135,battery,2030,6,15,15,0.0
136,battery,2030,6,16,16,0.0
137,battery,2030,6,17,17,0.0
138,battery,2030,6,18,18,0.0
139,battery,2030,6,19,19,0.0
140,battery,2030,6,20,20,0.0
141,battery,2030,6,21,21,0.0
142,battery,2030,6,22,22,0.0
143,battery,2030,6,23,23,0.0
144,battery,2030,6,24,24,0.0
145,battery,2030,7,1,1,0.0
146,battery,2030,7,2,2,0.0
147,battery,2030,7,3,3,0.0
148,battery,2030,7,4,4,0.0
149,battery,2030,7,5,5,0.0
150,battery,2030,7,6,6,0.0
151,battery,2030,7,7,7,0.0
152,battery,2030,7,8,8,0.0
153,battery,2030,7,9,9,0.0
154,battery,2030,7,10,10,0.0
155,battery,2030,7,11,11,0.0
156,battery,2030,7,12,12,0.0
157,battery,2030,7,13,13,0.0
158,battery,2030,7,14,14,0.0
159,battery,2030,7,15,15,0.0
160,battery,2030,7,16,16,0.0
161,battery,2030,7,17,17,0.0
162,battery,2030,7,18,18,0.0
163,battery,2030,7,19,19,0.0
164,battery,2030,7,20,20,0.0
165,battery,2030,7,21,21,0.0
166,battery,2030,7,22,22,0.0
167,battery,2030,7,23,23,0.0
168,battery,2030,7,24,24,0.0
169,battery,2030,8,1,1,0.0
170,battery,2030,8,2,2,0.0
171,battery,2030,8,3,3,0.0
172,battery,2030,8,4,4,0.0
173,battery,2030,8,5,5,0.0
174,battery,2030,8,6,6,0.0
175,battery,2030,8,7,7,0.0
176,battery,2030,8,8,8,0.0
177,battery,2030,8,9,9,0.0
178,battery,2030,8,10,10,0.0
179,battery,2030,8,11,11,0.0
180,battery,2030,8,12,12,0.0
181,battery,2030,8,13,13,0.0
182,battery,2030,8,14,14,0.0
183,battery,2030,8,15,15,0.0
184,battery,2030,8,16,16,0.0
185,battery,2030,8,17,17,0.0
186,battery,2030,8,18,18,0.0
187,battery,2030,8,19,19,0.0
188,battery,2030,8,20,20,0.0
189,battery,2030,8,21,21,0.0
190,battery,2030,8,22,22,0.0
191,battery,2030,8,23,23,0.0
192,battery,2030,8,24,24,0.0
193,battery,2030,9,1,1,0.0
194,battery,2030,9,2,2,0.0
195,battery,2030,9,3,3,0.0
196,battery,2030,9,4,4,0.0
197,battery,2030,9,5,5,0.0
198,battery,2030,9,6,6,0.0
199,battery,2030,9,7,7,0.0
200,battery,2030,9,8,8,0.0
201,battery,2030,9,9,9,0.0
202,battery,2030,9,10,10,0.0
203,battery,2030,9,11,11,0.0
204,battery,2030,9,12,12,0.0
205,battery,2030,9,13,13,0.0
206,battery,2030,9,14,14,0.0
207,battery,2030,9,15,15,0.0
208,battery,2030,9,16,16,0.0
209,battery,2030,9,17,17,0.0
210,battery,2030,9,18,18,0.0
211,battery,2030,9,19,19,0.0
212,battery,2030,9,20,20,0.0
213,battery,2030,9,21,21,0.0
214,battery,2030,9,22,22,0.0
215,battery,2030,9,23,23,0.0
216,battery,2030,9,24,24,0.0
217,battery,2030,10,1,1,0.0
218,battery,2030,10,2,2,0.0
219,battery,2030,10,3,3,0.0
220,battery,2030,10,4,4,0.0
221,battery,2030,10,5,5,0.0
222,battery,2030,10,6,6,0.0
223,battery,2030,10,7,7,0.0
224,battery,2030,10,8,8,0.0
225,battery,2030,10,9,9,0.0
226,battery,2030,10,10,10,0.0
227,battery,2030,10,11,11,0.0
228,battery,2030,10,12,12,0.0
229,battery,2030,10,13,13,0.0
230,battery,2030,10,14,14,0.0
231,battery,2030,10,15,15,0.0
232,battery,2030,10,16,16,0.0
233,battery,2030,10,17,17,0.0
234,battery,2030,10,18,18,0.0
235,battery,2030,10,19,19,0.0
236,battery,2030,10,20,20,0.0
237,battery,2030,10,21,21,0.0
238,battery,2030,10,22,22,0.0
239,battery,2030,10,23,23,0.0
240,battery,2030,10,24,24,0.0
241,battery,2030,11,1,1,0.0
242,battery,2030,11,2,2,0.0
243,battery,2030,11,3,3,0.0
244,battery,2030,11,4,4,0.0
245,battery,2030,11,5,5,0.0
246,battery,2030,11,6,6,0.0
247,battery,2030,11,7,7,0.0
248,battery,2030,11,8,8,0.0
249,battery,2030,11,9,9,0.0
250,battery,2030,11,10,10,0.0
251,battery,2030,11,11,11,0.0
252,battery,2030,11,12,12,0.0
253,battery,2030,11,13,13,0.0
254,battery,2030,11,14,14,0.0
255,battery,2030,11,15,15,0.0
256,battery,2030,11,16,16,0.0
257,battery,2030,11,17,17,0.0
258,battery,2030,11,18,18,0.0
259,battery,2030,11,19,19,0.0
260,battery,2030,11,20,20,0.0
261,battery,2030,11,21,21,0.0
262,battery,2030,11,22,22,0.0
263,battery,2030,11,23,23,0.0
264,battery,2030,11,24,24,0.0
265,battery,2030,12,1,1,0.0
266,battery,2030,12,2,2,0.0
267,battery,2030,12,3,3,0.0
268,battery,2030,12,4,4,0.0
269,battery,2030,12,5,5,0.0
270,battery,2030,12,6,6,0.0
271,battery,2030,12,7,7,0.0
272,battery,2030,12,8,8,0.0
273,battery,2030,12,9,9,0.0
274,battery,2030,12,10,10,0.0
275,battery,2030,12,11,11,0.0
276,battery,2030,12,12,12,0.0
277,battery,2030,12,13,13,0.0
278,battery,2030,12,14,14,0.0
279,battery,2030,12,15,15,0.0
280,battery,2030,12,16,16,0.0
281,battery,2030,12,17,17,0.0
282,battery,2030,12,18,18,0.0
283,battery,2030,12,19,19,0.0
284,battery,2030,12,20,20,0.0
285,battery,2030,12,21,21,0.0
286,battery,2030,12,22,22,0.0
287,battery,2030,12,23,23,0.0
288,battery,2030,12,24,24,0.0
289,battery,2030,13,1,1,0.0
290,battery,2030,13,2,2,0.0
291,battery,2030,13,3,3,0.0
292,battery,2030,13,4,4,0.0
293,battery,2030,13,5,5,0.0
294,battery,2030,13,6,6,0.0
295,battery,2030,13,7,7,0.0
296,battery,2030,13,8,8,0.0
297,battery,2030,13,9,9,0.0
298,battery,2030,13,10,10,0.0
299,battery,2030,13,11,11,0.0
300,battery,2030,13,12,12,0.0
301,battery,2030,13,13,13,0.0
302,battery,2030,13,14,14,0.0
303,battery,2030,13,15,15,0.0
304,battery,2030,13,16,16,0.0
305,battery,2030,13,17,17,0.0
306,battery,2030,13,18,18,0.0
307,battery,2030,13,19,19,0.0
308,battery,2030,13,20,20,0.0
309,battery,2030,13,21,21,0.0
310,battery,2030,13,22,22,0.0
311,battery,2030,13,23,23,0.0
312,battery,2030,13,24,24,0.0
313,battery,2030,14,1,1,0.0
314,battery,2030,14,2,2,0.0
315,battery,2030,14,3,3,0.0
316,battery,2030,14,4,4,0.0
317,battery,2030,14,5,5,0.0
318,battery,2030,14,6,6,0.0
319,battery,2030,14,7,7,0.0
320,battery,2030,14,8,8,0.0
321,battery,2030,14,9,9,0.0
322,battery,2030,14,10,10,0.0
323,battery,2030,14,11,11,0.0
324,battery,2030,14,12,12,0.0
325,battery,2030,14,13,13,0.0
326,battery,2030,14,14,14,0.0
327,battery,2030,14,15,15,0.0
328,battery,2030,14,16,16,0.0
329,battery,2030,14,17,17,0.0
330,battery,2030,14,18,18,0.0
331,battery,2030,14,19,19,0.0
332,battery,2030,14,20,20,0.0
333,battery,2030,14,21,21,0.0
334,battery,2030,14,22,22,0.0
335,battery,2030,14,23,23,0.0
336,battery,2030,14,24,24,0.0
337,battery,2030,15,1,1,0.0
338,battery,2030,15,2,2,0.0
339,battery,2030,15,3,3,0.0
340,battery,2030,15,4,4,0.0
341,battery,2030,15,5,5,0.0
342,battery,2030,15,6,6,0.0
343,battery,2030,15,7,7,0.0
344,battery,2030,15,8,8,0.0
345,battery,2030,15,9,9,0.0
346,battery,2030,15,10,10,0.0
347,battery,2030,15,11,11,0.0
348,battery,2030,15,12,12,0.0
349,battery,2030,15,13,13,0.0
350,battery,2030,15,14,14,0.0
351,battery,2030,15,15,15,0.0
352,battery,2030,15,16,16,0.0
353,battery,2030,15,17,17,0.0
354,battery,2030,15,18,18,0.0
355,battery,2030,15,19,19,0.0
356,battery,2030,15,20,20,0.0
357,battery,2030,15,21,21,0.0
358,battery,2030,15,22,22,0.0
359,battery,2030,15,23,23,0.0
360,battery,2030,15,24,24,0.0
361,battery,2030,16,1,1,0.0
362,battery,2030,16,2,2,0.0
363,battery,2030,16,3,3,0.0
364,battery,2030,16,4,4,0.0
365,battery,2030,16,5,5,0.0
366,battery,2030,16,6,6,0.0
367,battery,2030,16,7,7,0.0
368,battery,2030,16,8,8,0.0
369,battery,2030,16,9,9,0.0
370,battery,2030,16,10,10,0.0
371,battery,2030,16,11,11,0.0
372,battery,2030,16,12,12,0.0
373,battery,2030,16,13,13,0.0
374,battery,2030,16,14,14,0.0
375,battery,2030,16,15,15,0.0
376,battery,2030,16,16,16,0.0
377,battery,2030,16,17,17,0.0
378,battery,2030,16,18,18,0.0
379,battery,2030,16,19,19,0.0
380,battery,2030,16,20,20,0.0
381,battery,2030,16,21,21,0.0
382,battery,2030,16,22,22,0.0
383,battery,2030,16,23,23,0.0
384,battery,2030,16,24,24,0.0
385,battery,2030,17,1,1,0.0
386,battery,2030,17,2,2,0.0
387,battery,2030,17,3,3,0.0
388,battery,2030,17,4,4,0.0
389,battery,2030,17,5,5,0.0
390,battery,2030,17,6,6,0.0
391,battery,2030,17,7,7,0.0
392,battery,2030,17,8,8,0.0
393,battery,2030,17,9,9,0.0
394,battery,2030,17,10,10,0.0
395,battery,2030,17,11,11,0.0
396,battery,2030,17,12,12,0.0
397,battery,2030,17,13,13,0.0
398,battery,2030,17,14,14,0.0
399,battery,2030,17,15,15,0.0
400,battery,2030,17,16,16,0.0
401,battery,2030,17,17,17,0.0
402,battery,2030,17,18,18,0.0
403,battery,2030,17,19,19,0.0
404,battery,2030,17,20,20,0.0
405,battery,2030,17,21,21,0.0
406,battery,2030,17,22,22,0.0
407,battery,2030,17,23,23,0.0
408,battery,2030,17,24,24,0.0
409,battery,2030,18,1,1,0.0
410,battery,2030,18,2,2,0.0
411,battery,2030,18,3,3,0.0
412,battery,2030,18,4,4,0.0
413,battery,2030,18,5,5,0.0
414,battery,2030,18,6,6,0.0
415,battery,2030,18,7,7,0.0
416,battery,2030,18,8,8,0.0
417,battery,2030,18,9,9,0.0
418,battery,2030,18,10,10,0.0
419,battery,2030,18,11,11,0.0
420,battery,2030,18,12,12,0.0
421,battery,2030,18,13,13,0.0
422,battery,2030,18,14,14,0.0
423,battery,2030,18,15,15,0.0
424,battery,2030,18,16,16,0.0
425,battery,2030,18,17,17,0.0
426,battery,2030,18,18,18,0.0
427,battery,2030,18,19,19,0.0
428,battery,2030,18,20,20,0.0
429,battery,2030,18,21,21,0.0
430,battery,2030,18,22,22,0.0
431,battery,2030,18,23,23,0.0
432,battery,2030,18,24,24,0.0
433,battery,2030,19,1,1,0.0
434,battery,2030,19,2,2,0.0
435,battery,2030,19,3,3,0.0
436,battery,2030,19,4,4,0.0
437,battery,2030,19,5,5,0.0
438,battery,2030,19,6,6,0.0
439,battery,2030,19,7,7,0.0
440,battery,2030,19,8,8,0.0
441,battery,2030,19,9,9,0.0
442,battery,2030,19,10,10,0.0
443,battery,2030,19,11,11,0.0
444,battery,2030,19,12,12,0.0
445,battery,2030,19,13,13,0.0
446,battery,2030,19,14,14,0.0
447,battery,2030,19,15,15,0.0
448,battery,2030,19,16,16,0.0
449,battery,2030,19,17,17,0.0
450,battery,2030,19,18,18,0.0
451,battery,2030,19,19,19,0.0
452,battery,2030,19,20,20,0.0
453,battery,2030,19,21,21,0.0
454,battery,2030,19,22,22,0.0
455,battery,2030,19,23,23,0.0
456,battery,2030,19,24,24,0.0
457,battery,2030,20,1,1,0.0
458,battery,2030,20,2,2,0.0
459,battery,2030,20,3,3,0.0
460,battery,2030,20,4,4,0.0
461,battery,2030,20,5,5,0.0
462,battery,2030,20,6,6,0.0
463,battery,2030,20,7,7,0.0
464,battery,2030,20,8,8,0.0
465,battery,2030,20,9,9,0.0
466,battery,2030,20,10,10,0.0
467,battery,2030,20,11,11,0.0
468,battery,2030,20,12,12,0.0
469,battery,2030,20,13,13,0.0
470,battery,2030,20,14,14,0.0
471,battery,2030,20,15,15,0.0
472,battery,2030,20,16,16,0.0
473,battery,2030,20,17,17,0.0
474,battery,2030,20,18,18,0.0
475,battery,2030,20,19,19,0.0
476,battery,2030,20,20,20,0.0
477,battery,2030,20,21,21,0.0
478,battery,2030,20,22,22,0.0
479,battery,2030,20,23,23,0.0
480,battery,2030,20,24,24,0.0
481,battery,2030,21,1,1,0.0
482,battery,2030,21,2,2,0.0
483,battery,2030,21,3,3,0.0
484,battery,2030,21,4,4,0.0
485,battery,2030,21,5,5,0.0
486,battery,2030,21,6,6,0.0
487,battery,2030,21,7,7,0.0
488,battery,2030,21,8,8,0.0
489,battery,2030,21,9,9,0.0
490,battery,2030,21,10,10,0.0
491,battery,2030,21,11,11,0.0
492,battery,2030,21,12,12,0.0
493,battery,2030,21,13,13,0.0
494,battery,2030,21,14,14,0.0
495,battery,2030,21,15,15,0.0
496,battery,2030,21,16,16,0.0
497,battery,2030,21,17,17,0.0
498,battery,2030,21,18,18,0.0
499,battery,2030,21,19,19,0.0
500,battery,2030,21,20,20,0.0
501,battery,2030,21,21,21,0.0
502,battery,2030,21,22,22,0.0
503,battery,2030,21,23,23,0.0
504,battery,2030,21,24,24,0.0
505,battery,2030,22,1,1,0.0
506,battery,2030,22,2,2,0.0
507,battery,2030,22,3,3,0.0
508,battery,2030,22,4,4,0.0
509,battery,2030,22,5,5,0.0
510,battery,2030,22,6,6,0.0
511,battery,2030,22,7,7,0.0
512,battery,2030,22,8,8,0.0
513,battery,2030,22,9,9,0.0
514,battery,2030,22,10,10,0.0
515,battery,2030,22,11,11,0.0
516,battery,2030,22,12,12,0.0
517,battery,2030,22,13,13,0.0
518,battery,2030,22,14,14,0.0
519,battery,2030,22,15,15,0.0
520,battery,2030,22,16,16,0.0
521,battery,2030,22,17,17,0.0
522,battery,2030,22,18,18,0.0
523,battery,2030,22,19,19,0.0
524,battery,2030,22,20,20,0.0
525,battery,2030,22,21,21,0.0
526,battery,2030,22,22,22,0.0
527,battery,2030,22,23,23,0.0
528,battery,2030,22,24,24,0.0
529,battery,2030,23,1,1,0.0
530,battery,2030,23,2,2,0.0
531,battery,2030,23,3,3,0.0
532,battery,2030,23,4,4,0.0
533,battery,2030,23,5,5,0.0
534,battery,2030,23,6,6,0.0
535,battery,2030,23,7,7,0.0
536,battery,2030,23,8,8,0.0
537,battery,2030,23,9,9,0.0
538,battery,2030,23,10,10,0.0
539,battery,2030,23,11,11,0.0
540,battery,2030,23,12,12,0.0
541,battery,2030,23,13,13,0.0
542,battery,2030,23,14,14,0.0
543,battery,2030,23,15,15,0.0
544,battery,2030,23,16,16,0.0
545,battery,2030,23,17,17,0.0
546,battery,2030,23,18,18,0.0
547,battery,2030,23,19,19,0.0
548,battery,2030,23,20,20,0.0
549,battery,2030,23,21,21,0.0
550,battery,2030,23,22,22,0.0
551,battery,2030,23,23,23,0.0
552,battery,2030,23,24,24,0.0
553,battery,2030,24,1,1,0.0
554,battery,2030,24,2,2,0.0
555,battery,2030,24,3,3,0.0
556,battery,2030,24,4,4,0.0
557,battery,2030,24,5,5,0.0
558,battery,2030,24,6,6,0.0
559,battery,2030,24,7,7,0.0
560,battery,2030,24,8,8,0.0
561,battery,2030,24,9,9,0.0
562,battery,2030,24,10,10,0.0
563,battery,2030,24,11,11,0.0
564,battery,2030,24,12,12,0.0
565,battery,2030,24,13,13,0.0
566,battery,2030,24,14,14,0.0
567,battery,2030,24,15,15,0.0
568,battery,2030,24,16,16,0.0
569,battery,2030,24,17,17,0.0
570,battery,2030,24,18,18,0.0
571,battery,2030,24,19,19,0.0
572,battery,2030,24,20,20,0.0
573,battery,2030,24,21,21,0.0
574,battery,2030,24,22,22,0.0
575,battery,2030,24,23,23,0.0
576,battery,2030,24,24,24,0.0
577,battery,2030,25,1,1,0.0
578,battery,2030,25,2,2,0.0
579,battery,2030,25,3,3,0.0
580,battery,2030,25,4,4,0.0
581,battery,2030,25,5,5,0.0
582,battery,2030,25,6,6,0.0
583,battery,2030,25,7,7,0.0
584,battery,2030,25,8,8,0.0
585,battery,2030,25,9,9,0.0
586,battery,2030,25,10,10,0.0
587,battery,2030,25,11,11,0.0
588,battery,2030,25,12,12,0.0
589,battery,2030,25,13,13,0.0
590,battery,2030,25,14,14,0.0
591,battery,2030,25,15,15,0.0
592,battery,2030,25,16,16,0.0
593,battery,2030,25,17,17,0.0
594,battery,2030,25,18,18,0.0
595,battery,2030,25,19,19,0.0
596,battery,2030,25,20,20,0.0
597,battery,2030,25,21,21,0.0
598,battery,2030,25,22,22,0.0
599,battery,2030,25,23,23,0.0
600,battery,2030,25,24,24,0.0
601,battery,2030,26,1,1,0.0
602,battery,2030,26,2,2,0.0
603,battery,2030,26,3,3,0.0
604,battery,2030,26,4,4,0.0
605,battery,2030,26,5,5,0.0
606,battery,2030,26,6,6,0.0
607,battery,2030,26,7,7,0.0
608,battery,2030,26,8,8,0.0
609,battery,2030,26,9,9,0.0
610,battery,2030,26,10,10,0.0
611,battery,2030,26,11,11,0.0
612,battery,2030,26,12,12,0.0
613,battery,2030,26,13,13,0.0
614,battery,2030,26,14,14,0.0
615,battery,2030,26,15,15,0.0
616,battery,2030,26,16,16,0.0
617,battery,2030,26,17,17,0.0
618,battery,2030,26,18,18,0.0
619,battery,2030,26,19,19,0.0
620,battery,2030,26,20,20,0.0
621,battery,2030,26,21,21,0.0
622,battery,2030,26,22,22,0.0
623,battery,2030,26,23,23,0.0
624,battery,2030,26,24,24,0.0
625,battery,2030,27,1,1,0.0
626,battery,2030,27,2,2,0.0
627,battery,2030,27,3,3,0.0
628,battery,2030,27,4,4,0.0
629,battery,2030,27,5,5,0.0
630,battery,2030,27,6,6,0.0
631,battery,2030,27,7,7,0.0
632,battery,2030,27,8,8,0.0
633,battery,2030,27,9,9,0.0
634,battery,2030,27,10,10,0.0
635,battery,2030,27,11,11,0.0
636,battery,2030,27,12,12,0.0
637,battery,2030,27,13,13,0.0
638,battery,2030,27,14,14,0.0
639,battery,2030,27,15,15,0.0
640,battery,2030,27,16,16,0.0
641,battery,2030,27,17,17,0.0
642,battery,2030,27,18,18,0.0
643,battery,2030,27,19,19,0.0
644,battery,2030,27,20,20,0.0
645,battery,2030,27,21,21,0.0
646,battery,2030,27,22,22,0.0
647,battery,2030,27,23,23,0.0
648,battery,2030,27,24,24,0.0
649,battery,2030,28,1,1,0.0
650,battery,2030,28,2,2,0.0
651,battery,2030,28,3,3,0.0
652,battery,2030,28,4,4,0.0
653,battery,2030,28,5,5,0.0
654,battery,2030,28,6,6,0.0
655,battery,2030,28,7,7,0.0
656,battery,2030,28,8,8,0.0
657,battery,2030,28,9,9,0.0
658,battery,2030,28,10,10,0.0
659,battery,2030,28,11,11,0.0
660,battery,2030,28,12,12,0.0
661,battery,2030,28,13,13,0.0
662,battery,2030,28,14,14,0.0
663,battery,2030,28,15,15,0.0
664,battery,2030,28,16,16,0.0
665,battery,2030,28,17,17,0.0
666,battery,2030,28,18,18,0.0
667,battery,2030,28,19,19,0.0
668,battery,2030,28,20,20,0.0
669,battery,2030,28,21,21,0.0
670,battery,2030,28,22,22,0.0
671,battery,2030,28,23,23,0.0
672,battery,2030,28,24,24,0.0
673,battery,2030,29,1,1,0.0
674,battery,2030,29,2,2,0.0
675,battery,2030,29,3,3,0.0
676,battery,2030,29,4,4,0.0
677,battery,2030,29,5,5,0.0
678,battery,2030,29,6,6,0.0
679,battery,2030,29,7,7,0.0
680,battery,2030,29,8,8,0.0
681,battery,2030,29,9,9,0.0
682,battery,2030,29,10,10,0.0
683,battery,2030,29,11,11,0.0
684,battery,2030,29,12,12,0.0
685,battery,2030,29,13,13,0.0
686,battery,2030,29,14,14,0.0
687,battery,2030,29,15,15,0.0
688,battery,2030,29,16,16,0.0
689,battery,2030,29,17,17,0.0
690,battery,2030,29,18,18,0.0
691,battery,2030,29,19,19,0.0
692,battery,2030,29,20,20,0.0
693,battery,2030,29,21,21,0.0
694,battery,2030,29,22,22,0.0
695,battery,2030,29,23,23,0.0
696,battery,2030,29,24,24,0.0
697,battery,2030,30,1,1,0.0
698,battery,2030,30,2,2,0.0
699,battery,2030,30,3,3,0.0
700,battery,2030,30,4,4,0.0
701,battery,2030,30,5,5,0.0
702,battery,2030,30,6,6,0.0
703,battery,2030,30,7,7,0.0
704,battery,2030,30,8,8,0.0
705,battery,2030,30,9,9,0.0
706,battery,2030,30,10,10,0.0
707,battery,2030,30,11,11,0.0
708,battery,2030,30,12,12,0.0
709,battery,2030,30,13,13,0.0
710,battery,2030,30,14,14,0.0
711,battery,2030,30,15,15,0.0
712,battery,2030,30,16,16,0.0
713,battery,2030,30,17,17,0.0
714,battery,2030,30,18,18,0.0
715,battery,2030,30,19,19,0.0
716,battery,2030,30,20,20,0.0
717,battery,2030,30,21,21,0.0
718,battery,2030,30,22,22,0.0
719,battery,2030,30,23,23,0.0
720,battery,2030,30,24,24,0.0
721,h2_storage,2030,1,1,1,0.0
722,h2_storage,2030,1,2,2,0.0
723,h2_storage,2030,1,3,3,0.0
724,h2_storage,2030,1,4,4,0.0
725,h2_storage,2030,1,5,5,0.0
726,h2_storage,2030,1,6,6,0.0
727,h2_storage,2030,1,7,7,0.0
728,h2_storage,2030,1,8,8,0.0
729,h2_storage,2030,1,9,9,0.0
730,h2_storage,2030,1,10,10,0.0
731,h2_storage,2030,1,11,11,0.0
732,h2_storage,2030,1,12,12,0.0
733,h2_storage,2030,1,13,13,0.0
734,h2_storage,2030,1,14,14,0.0
735,h2_storage,2030,1,15,15,0.0
736,h2_storage,2030,1,16,16,0.0
737,h2_storage,2030,1,17,17,0.0
738,h2_storage,2030,1,18,18,0.0
739,h2_storage,2030,1,19,19,0.0
740,h2_storage,2030,1,20,20,0.0
741,h2_storage,2030,1,21,21,0.0
742,h2_storage,2030,1,22,22,0.0
743,h2_storage,2030,1,23,23,0.0
744,h2_storage,2030,1,24,24,0.0
745,h2_storage,2030,2,1,1,0.0
746,h2_storage,2030,2,2,2,0.0
747,h2_storage,2030,2,3,3,0.0
748,h2_storage,2030,2,4,4,0.0
749,h2_storage,2030,2,5,5,0.0
750,h2_storage,2030,2,6,6,0.0
751,h2_storage,2030,2,7,7,0.0
752,h2_storage,2030,2,8,8,0.0
753,h2_storage,2030,2,9,9,0.0
754,h2_storage,2030,2,10,10,0.0
755,h2_storage,2030,2,11,11,0.0
756,h2_storage,2030,2,12,12,0.0
757,h2_storage,2030,2,13,13,0.0
758,h2_storage,2030,2,14,14,0.0
759,h2_storage,2030,2,15,15,0.0
760,h2_storage,2030,2,16,16,0.0
761,h2_storage,2030,2,17,17,0.0
762,h2_storage,2030,2,18,18,0.0
763,h2_storage,2030,2,19,19,0.0
764,h2_storage,2030,2,20,20,0.0
765,h2_storage,2030,2,21,21,0.0
766,h2_storage,2030,2,22,22,0.0
767,h2_storage,2030,2,23,23,0.0
768,h2_storage,2030,2,24,24,0.0
769,h2_storage,2030,3,1,1,0.0
770,h2_storage,2030,3,2,2,0.0
771,h2_storage,2030,3,3,3,0.0
772,h2_storage,2030,3,4,4,0.0
773,h2_storage,2030,3,5,5,0.0
774,h2_storage,2030,3,6,6,0.0
775,h2_storage,2030,3,7,7,0.0
776,h2_storage,2030,3,8,8,0.0
777,h2_storage,2030,3,9,9,0.0
778,h2_storage,2030,3,10,10,0.0
779,h2_storage,2030,3,11,11,0.0
780,h2_storage,2030,3,12,12,0.0
781,h2_storage,2030,3,13,13,0.0
782,h2_storage,2030,3,14,14,0.0
783,h2_storage,2030,3,15,15,0.0
784,h2_storage,2030,3,16,16,0.0
785,h2_storage,2030,3,17,17,0.0
786,h2_storage,2030,3,18,18,0.0
787,h2_storage,2030,3,19,19,0.0
788,h2_storage,2030,3,20,20,0.0
789,h2_storage,2030,3,21,21,0.0
790,h2_storage,2030,3,22,22,0.0
791,h2_storage,2030,3,23,23,0.0
792,h2_storage,2030,3,24,24,0.0
793,h2_storage,2030,4,1,1,0.0
794,h2_storage,2030,4,2,2,0.0
795,h2_storage,2030,4,3,3,0.0
796,h2_storage,2030,4,4,4,0.0
797,h2_storage,2030,4,5,5,0.0
798,h2_storage,2030,4,6,6,0.0
799,h2_storage,2030,4,7,7,0.0
800,h2_storage,2030,4,8,8,0.0
801,h2_storage,2030,4,9,9,0.0
802,h2_storage,2030,4,10,10,0.0
803,h2_storage,2030,4,11,11,0.0
804,h2_storage,2030,4,12,12,0.0
805,h2_storage,2030,4,13,13,0.0
806,h2_storage,2030,4,14,14,0.0
807,h2_storage,2030,4,15,15,0.0
808,h2_storage,2030,4,16,16,0.0
809,h2_storage,2030,4,17,17,0.0
810,h2_storage,2030,4,18,18,0.0
811,h2_storage,2030,4,19,19,0.0
812,h2_storage,2030,4,20,20,0.0
813,h2_storage,2030,4,21,21,0.0
814,h2_storage,2030,4,22,22,0.0
815,h2_storage,2030,4,23,23,0.0
816,h2_storage,2030,4,24,24,0.0
817,h2_storage,2030,5,1,1,0.0
818,h2_storage,2030,5,2,2,0.0
819,h2_storage,2030,5,3,3,0.0
820,h2_storage,2030,5,4,4,0.0
821,h2_storage,2030,5,5,5,0.0
822,h2_storage,2030,5,6,6,0.0
823,h2_storage,2030,5,7,7,0.0
824,h2_storage,2030,5,8,8,0.0
825,h2_storage,2030,5,9,9,0.0
826,h2_storage,2030,5,10,10,0.0
827,h2_storage,2030,5,11,11,0.0
828,h2_storage,2030,5,12,12,0.0
829,h2_storage,2030,5,13,13,0.0
830,h2_storage,2030,5,14,14,0.0
831,h2_storage,2030,5,15,15,0.0
832,h2_storage,2030,5,16,16,0.0
833,h2_storage,2030,5,17,17,0.0
834,h2_storage,2030,5,18,18,0.0
835,h2_storage,2030,5,19,19,0.0
836,h2_storage,2030,5,20,20,0.0
837,h2_storage,2030,5,21,21,0.0
838,h2_storage,2030,5,22,22,0.0
839,h2_storage,2030,5,23,23,0.0
840,h2_storage,2030,5,24,24,0.0
841,h2_storage,2030,6,1,1,0.0
842,h2_storage,2030,6,2,2,0.0
843,h2_storage,2030,6,3,3,0.0
844,h2_storage,2030,6,4,4,0.0
845,h2_storage,2030,6,5,5,0.0
846,h2_storage,2030,6,6,6,0.0
847,h2_storage,2030,6,7,7,0.0
848,h2_storage,2030,6,8,8,0.0
849,h2_storage,2030,6,9,9,0.0
850,h2_storage,2030,6,10,10,0.0
851,h2_storage,2030,6,11,11,0.0
852,h2_storage,2030,6,12,12,0.0
853,h2_storage,2030,6,13,13,0.0
854,h2_storage,2030,6,14,14,0.0
855,h2_storage,2030,6,15,15,0.0
856,h2_storage,2030,6,16,16,0.0
857,h2_storage,2030,6,17,17,0.0
858,h2_storage,2030,6,18,18,0.0
859,h2_storage,2030,6,19,19,0.0
860,h2_storage,2030,6,20,20,0.0
861,h2_storage,2030,6,21,21,0.0
862,h2_storage,2030,6,22,22,0.0
863,h2_storage,2030,6,23,23,0.0
864,h2_storage,2030,6,24,24,0.0
865,h2_storage,2030,7,1,1,0.0
866,h2_storage,2030,7,2,2,0.0
867,h2_storage,2030,7,3,3,0.0
868,h2_storage,2030,7,4,4,0.0
869,h2_storage,2030,7,5,5,0.0
870,h2_storage,2030,7,6,6,0.0
871,h2_storage,2030,7,7,7,0.0
872,h2_storage,2030,7,8,8,0.0
873,h2_storage,2030,7,9,9,0.0
874,h2_storage,2030,7,10,10,0.0
875,h2_storage,2030,7,11,11,0.0
876,h2_storage,2030,7,12,12,0.0
877,h2_storage,2030,7,13,13,0.0
878,h2_storage,2030,7,14,14,0.0
879,h2_storage,2030,7,15,15,0.0
880,h2_storage,2030,7,16,16,0.0
881,h2_storage,2030,7,17,17,0.0
882,h2_storage,2030,7,18,18,0.0
883,h2_storage,2030,7,19,19,0.0
884,h2_storage,2030,7,20,20,0.0
885,h2_storage,2030,7,21,21,0.0
886,h2_storage,2030,7,22,22,0.0
887,h2_storage,2030,7,23,23,0.0
888,h2_storage,2030,7,24,24,0.0
889,h2_storage,2030,8,1,1,0.0
890,h2_storage,2030,8,2,2,0.0
891,h2_storage,2030,8,3,3,0.0
892,h2_storage,2030,8,4,4,0.0
893,h2_storage,2030,8,5,5,0.0
894,h2_storage,2030,8,6,6,0.0
895,h2_storage,2030,8,7,7,0.0
896,h2_storage,2030,8,8,8,0.0
897,h2_storage,2030,8,9,9,0.0
898,h2_storage,2030,8,10,10,0.0
899,h2_storage,2030,8,11,11,0.0
900,h2_storage,2030,8,12,12,0.0
901,h2_storage,2030,8,13,13,0.0
902,h2_storage,2030,8,14,14,0.0
903,h2_storage,2030,8,15,15,0.0
904,h2_storage,2030,8,16,16,0.0
905,h2_storage,2030,8,17,17,0.0
906,h2_storage,2030,8,18,18,0.0
907,h2_storage,2030,8,19,19,0.0
908,h2_storage,2030,8,20,20,0.0
909,h2_storage,2030,8,21,21,0.0
910,h2_storage,2030,8,22,22,0.0
911,h2_storage,2030,8,23,23,0.0
912,h2_storage,2030,8,24,24,0.0
913,h2_storage,2030,9,1,1,0.0
914,h2_storage,2030,9,2,2,0.0
915,h2_storage,2030,9,3,3,0.0
916,h2_storage,2030,9,4,4,0.0
917,h2_storage,2030,9,5,5,0.0
918,h2_storage,2030,9,6,6,0.0
919,h2_storage,2030,9,7,7,0.0
920,h2_storage,2030,9,8,8,0.0
921,h2_storage,2030,9,9,9,0.0
922,h2_storage,2030,9,10,10,0.0
923,h2_storage,2030,9,11,11,0.0
924,h2_storage,2030,9,12,12,0.0
925,h2_storage,2030,9,13,13,0.0
926,h2_storage,2030,9,14,14,0.0
927,h2_storage,2030,9,15,15,0.0
928,h2_storage,2030,9,16,16,0.0
929,h2_storage,2030,9,17,17,0.0
930,h2_storage,2030,9,18,18,0.0
931,h2_storage,2030,9,19,19,0.0
932,h2_storage,2030,9,20,20,0.0
933,h2_storage,2030,9,21,21,0.0
934,h2_storage,2030,9,22,22,0.0
935,h2_storage,2030,9,23,23,0.0
936,h2_storage,2030,9,24,24,0.0
937,h2_storage,2030,10,1,1,0.0
938,h2_storage,2030,10,2,2,0.0
939,h2_storage,2030,10,3,3,0.0
940,h2_storage,2030,10,4,4,0.0
941,h2_storage,2030,10,5,5,0.0
942,h2_storage,2030,10,6,6,0.0
943,h2_storage,2030,10,7,7,0.0
944,h2_storage,2030,10,8,8,0.0
945,h2_storage,2030,10,9,9,0.0
946,h2_storage,2030,10,10,10,0.0
947,h2_storage,2030,10,11,11,0.0
948,h2_storage,2030,10,12,12,0.0
949,h2_storage,2030,10,13,13,0.0
950,h2_storage,2030,10,14,14,0.0
951,h2_storage,2030,10,15,15,0.0
952,h2_storage,2030,10,16,16,0.0
953,h2_storage,2030,10,17,17,0.0
954,h2_storage,2030,10,18,18,0.0
955,h2_storage,2030,10,19,19,0.0
956,h2_storage,2030,10,20,20,0.0
957,h2_storage,2030,10,21,21,0.0
958,h2_storage,2030,10,22,22,0.0
959,h2_storage,2030,10,23,23,0.0
960,h2_storage,2030,10,24,24,0.0
961,h2_storage,2030,11,1,1,0.0
962,h2_storage,2030,11,2,2,0.0
963,h2_storage,2030,11,3,3,0.0
964,h2_storage,2030,11,4,4,0.0
965,h2_storage,2030,11,5,5,0.0
966,h2_storage,2030,11,6,6,0.0
967,h2_storage,2030,11,7,7,0.0
968,h2_storage,2030,11,8,8,0.0
969,h2_storage,2030,11,9,9,0.0
970,h2_storage,2030,11,10,10,0.0
971,h2_storage,2030,11,11,11,0.0
972,h2_storage,2030,11,12,12,0.0
973,h2_storage,2030,11,13,13,0.0
974,h2_storage,2030,11,14,14,0.0
975,h2_storage,2030,11,15,15,0.0
976,h2_storage,2030,11,16,16,0.0
977,h2_storage,2030,11,17,17,0.0
978,h2_storage,2030,11,18,18,0.0
979,h2_storage,2030,11,19,19,0.0
980,h2_storage,2030,11,20,20,0.0
981,h2_storage,2030,11,21,21,0.0
982,h2_storage,2030,11,22,22,0.0
983,h2_storage,2030,11,23,23,0.0
984,h2_storage,2030,11,24,24,0.0
985,h2_storage,2030,12,1,1,0.0
986,h2_storage,2030,12,2,2,0.0
987,h2_storage,2030,12,3,3,0.0
988,h2_storage,2030,12,4,4,0.0
989,h2_storage,2030,12,5,5,0.0
990,h2_storage,2030,12,6,6,0.0
991,h2_storage,2030,12,7,7,0.0
992,h2_storage,2030,12,8,8,0.0
993,h2_storage,2030,12,9,9,0.0
994,h2_storage,2030,12,10,10,0.0
995,h2_storage,2030,12,11,11,0.0
996,h2_storage,2030,12,12,12,0.0
997,h2_storage,2030,12,13,13,0.0
998,h2_storage,2030,12,14,14,0.0
999,h2_storage,2030,12,15,15,0.0
1000,h2_storage,2030,12,16,16,0.0
1001,h2_storage,2030,12,17,17,0.0
1002,h2_storage,2030,12,18,18,0.0
1003,h2_storage,2030,12,19,19,0.0
1004,h2_storage,2030,12,20,20,0.0
1005,h2_storage,2030,12,21,21,0.0
1006,h2_storage,2030,12,22,22,0.0
1007,h2_storage,2030,12,23,23,0.0
1008,h2_storage,2030,12,24,24,0.0
1009,h2_storage,2030,13,1,1,0.0
1010,h2_storage,2030,13,2,2,0.0
1011,h2_storage,2030,13,3,3,0.0
1012,h2_storage,2030,13,4,4,0.0
1013,h2_storage,2030,13,5,5,0.0
1014,h2_storage,2030,13,6,6,0.0
1015,h2_storage,2030,13,7,7,0.0
1016,h2_storage,2030,13,8,8,0.0
1017,h2_storage,2030,13,9,9,0.0
1018,h2_storage,2030,13,10,10,0.0
1019,h2_storage,2030,13,11,11,0.0
1020,h2_storage,2030,13,12,12,0.0
1021,h2_storage,2030,13,13,13,0.0
1022,h2_storage,2030,13,14,14,0.0
1023,h2_storage,2030,13,15,15,0.0
1024,h2_storage,2030,13,16,16,0.0
1025,h2_storage,2030,13,17,17,0.0
1026,h2_storage,2030,13,18,18,0.0
1027,h2_storage,2030,13,19,19,0.0
1028,h2_storage,2030,13,20,20,0.0
1029,h2_storage,2030,13,21,21,0.0
1030,h2_storage,2030,13,22,22,0.0
1031,h2_storage,2030,13,23,23,0.0
1032,h2_storage,2030,13,24,24,0.0
1033,h2_storage,2030,14,1,1,0.0
1034,h2_storage,2030,14,2,2,0.0
1035,h2_storage,2030,14,3,3,0.0
1036,h2_storage,2030,14,4,4,0.0
1037,h2_storage,2030,14,5,5,0.0
1038,h2_storage,2030,14,6,6,0.0
1039,h2_storage,2030,14,7,7,0.0
1040,h2_storage,2030,14,8,8,0.0
1041,h2_storage,2030,14,9,9,0.0
1042,h2_storage,2030,14,10,10,0.0
1043,h2_storage,2030,14,11,11,0.0
1044,h2_storage,2030,14,12,12,0.0
1045,h2_storage,2030,14,13,13,0.0
1046,h2_storage,2030,14,14,14,0.0
1047,h2_storage,2030,14,15,15,0.0
1048,h2_storage,2030,14,16,16,0.0
1049,h2_storage,2030,14,17,17,0.0
1050,h2_storage,2030,14,18,18,0.0
1051,h2_storage,2030,14,19,19,0.0
1052,h2_storage,2030,14,20,20,0.0
1053,h2_storage,2030,14,21,21,0.0
1054,h2_storage,2030,14,22,22,0.0
1055,h2_storage,2030,14,23,23,0.0
1056,h2_storage,2030,14,24,24,0.0
1057,h2_storage,2030,15,1,1,0.0
1058,h2_storage,2030,15,2,2,0.0
1059,h2_storage,2030,15,3,3,0.0
1060,h2_storage,2030,15,4,4,0.0
1061,h2_storage,2030,15,5,5,0.0
1062,h2_storage,2030,15,6,6,0.0
1063,h2_storage,2030,15,7,7,0.0
1064,h2_storage,2030,15,8,8,0.0
1065,h2_storage,2030,15,9,9,0.0
1066,h2_storage,2030,15,10,10,0.0
1067,h2_storage,2030,15,11,11,0.0
1068,h2_storage,2030,15,12,12,0.0
1069,h2_storage,2030,15,13,13,0.0
1070,h2_storage,2030,15,14,14,0.0
1071,h2_storage,2030,15,15,15,0.0
1072,h2_storage,2030,15,16,16,0.0
1073,h2_storage,2030,15,17,17,0.0
1074,h2_storage,2030,15,18,18,0.0
1075,h2_storage,2030,15,19,19,0.0
1076,h2_storage,2030,15,20,20,0.0
1077,h2_storage,2030,15,21,21,0.0
1078,h2_storage,2030,15,22,22,0.0
1079,h2_storage,2030,15,23,23,0.0
1080,h2_storage,2030,15,24,24,0.0
1081,h2_storage,2030,16,1,1,0.0
1082,h2_storage,2030,16,2,2,0.0
1083,h2_storage,2030,16,3,3,0.0
1084,h2_storage,2030,16,4,4,0.0
1085,h2_storage,2030,16,5,5,0.0
1086,h2_storage,2030,16,6,6,0.0
1087,h2_storage,2030,16,7,7,0.0
1088,h2_storage,2030,16,8,8,0.0
1089,h2_storage,2030,16,9,9,0.0
1090,h2_storage,2030,16,10,10,0.0
1091,h2_storage,2030,16,11,11,0.0
1092,h2_storage,2030,16,12,12,0.0
1093,h2_storage,2030,16,13,13,0.0
1094,h2_storage,2030,16,14,14,0.0
1095,h2_storage,2030,16,15,15,0.0
1096,h2_storage,2030,16,16,16,0.0
1097,h2_storage,2030,16,17,17,0.0
1098,h2_storage,2030,16,18,18,0.0
1099,h2_storage,2030,16,19,19,0.0
1100,h2_storage,2030,16,20,20,0.0
1101,h2_storage,2030,16,21,21,0.0
1102,h2_storage,2030,16,22,22,0.0
1103,h2_storage,2030,16,23,23,0.0
1104,h2_storage,2030,16,24,24,0.0
1105,h2_storage,2030,17,1,1,0.0
1106,h2_storage,2030,17,2,2,0.0
1107,h2_storage,2030,17,3,3,0.0
1108,h2_storage,2030,17,4,4,0.0
1109,h2_storage,2030,17,5,5,0.0
1110,h2_storage,2030,17,6,6,0.0
1111,h2_storage,2030,17,7,7,0.0
1112,h2_storage,2030,17,8,8,0.0
1113,h2_storage,2030,17,9,9,0.0
1114,h2_storage,2030,17,10,10,0.0
1115,h2_storage,2030,17,11,11,0.0
1116,h2_storage,2030,17,12,12,0.0
1117,h2_storage,2030,17,13,13,0.0
1118,h2_storage,2030,17,14,14,0.0
1119,h2_storage,2030,17,15,15,0.0
1120,h2_storage,2030,17,16,16,0.0
1121,h2_storage,2030,17,17,17,0.0
1122,h2_storage,2030,17,18,18,0.0
1123,h2_storage,2030,17,19,19,0.0
1124,h2_storage,2030,17,20,20,0.0
1125,h2_storage,2030,17,21,21,0.0
1126,h2_storage,2030,17,22,22,0.0
1127,h2_storage,2030,17,23,23,0.0
1128,h2_storage,2030,17,24,24,0.0
1129,h2_storage,2030,18,1,1,0.0
1130,h2_storage,2030,18,2,2,0.0
1131,h2_storage,2030,18,3,3,0.0
1132,h2_storage,2030,18,4,4,0.0
1133,h2_storage,2030,18,5,5,0.0
1134,h2_storage,2030,18,6,6,0.0
1135,h2_storage,2030,18,7,7,0.0
1136,h2_storage,2030,18,8,8,0.0
1137,h2_storage,2030,18,9,9,0.0
1138,h2_storage,2030,18,10,10,0.0
1139,h2_storage,2030,18,11,11,0.0
1140,h2_storage,2030,18,12,12,0.0
1141,h2_storage,2030,18,13,13,0.0
1142,h2_storage,2030,18,14,14,0.0
1143,h2_storage,2030,18,15,15,0.0
1144,h2_storage,2030,18,16,16,0.0
1145,h2_storage,2030,18,17,17,0.0
1146,h2_storage,2030,18,18,18,0.0
1147,h2_storage,2030,18,19,19,0.0
1148,h2_storage,2030,18,20,20,0.0
1149,h2_storage,2030,18,21,21,0.0
1150,h2_storage,2030,18,22,22,0.0
1151,h2_storage,2030,18,23,23,0.0
1152,h2_storage,2030,18,24,24,0.0
1153,h2_storage,2030,19,1,1,0.0
1154,h2_storage,2030,19,2,2,0.0
1155,h2_storage,2030,19,3,3,0.0
1156,h2_storage,2030,19,4,4,0.0
1157,h2_storage,2030,19,5,5,0.0
1158,h2_storage,2030,19,6,6,0.0
1159,h2_storage,2030,19,7,7,0.0
1160,h2_storage,2030,19,8,8,0.0
1161,h2_storage,2030,19,9,9,0.0
1162,h2_storage,2030,19,10,10,0.0
1163,h2_storage,2030,19,11,11,0.0
1164,h2_storage,2030,19,12,12,0.0
1165,h2_storage,2030,19,13,13,0.0
1166,h2_storage,2030,19,14,14,0.0
1167,h2_storage,2030,19,15,15,0.0
1168,h2_storage,2030,19,16,16,0.0
1169,h2_storage,2030,19,17,17,0.0
1170,h2_storage,2030,19,18,18,0.0
1171,h2_storage,2030,19,19,19,0.0
1172,h2_storage,2030,19,20,20,0.0
1173,h2_storage,2030,19,21,21,0.0
1174,h2_storage,2030,19,22,22,0.0
1175,h2_storage,2030,19,23,23,0.0
1176,h2_storage,2030,19,24,24,0.0
1177,h2_storage,2030,20,1,1,0.0
1178,h2_storage,2030,20,2,2,0.0
1179,h2_storage,2030,20,3,3,0.0
1180,h2_storage,2030,20,4,4,0.0
1181,h2_storage,2030,20,5,5,0.0
1182,h2_storage,2030,20,6,6,0.0
1183,h2_storage,2030,20,7,7,0.0
1184,h2_storage,2030,20,8,8,0.0
1185,h2_storage,2030,20,9,9,0.0
1186,h2_storage,2030,20,10,10,0.0
1187,h2_storage,2030,20,11,11,0.0
1188,h2_storage,2030,20,12,12,0.0
1189,h2_storage,2030,20,13,13,0.0
1190,h2_storage,2030,20,14,14,0.0
1191,h2_storage,2030,20,15,15,0.0
1192,h2_storage,2030,20,16,16,0.0
1193,h2_storage,2030,20,17,17,0.0
1194,h2_storage,2030,20,18,18,0.0
1195,h2_storage,2030,20,19,19,0.0
1196,h2_storage,2030,20,20,20,0.0
1197,h2_storage,2030,20,21,21,0.0
1198,h2_storage,2030,20,22,22,0.0
1199,h2_storage,2030,20,23,23,0.0
1200,h2_storage,2030,20,24,24,0.0
1201,h2_storage,2030,21,1,1,0.0
1202,h2_storage,2030,21,2,2,0.0
1203,h2_storage,2030,21,3,3,0.0
1204,h2_storage,2030,21,4,4,0.0
1205,h2_storage,2030,21,5,5,0.0
1206,h2_storage,2030,21,6,6,0.0
1207,h2_storage,2030,21,7,7,0.0
1208,h2_storage,2030,21,8,8,0.0
1209,h2_storage,2030,21,9,9,0.0
1210,h2_storage,2030,21,10,10,0.0
1211,h2_storage,2030,21,11,11,0.0
1212,h2_storage,2030,21,12,12,0.0
1213,h2_storage,2030,21,13,13,0.0
1214,h2_storage,2030,21,14,14,0.0
1215,h2_storage,2030,21,15,15,0.0
1216,h2_storage,2030,21,16,16,0.0
1217,h2_storage,2030,21,17,17,0.0
1218,h2_storage,2030,21,18,18,0.0
1219,h2_storage,2030,21,19,19,0.0
1220,h2_storage,2030,21,20,20,0.0
1221,h2_storage,2030,21,21,21,0.0
1222,h2_storage,2030,21,22,22,0.0
1223,h2_storage,2030,21,23,23,0.0
1224,h2_storage,2030,21,24,24,0.0
1225,h2_storage,2030,22,1,1,0.0
1226,h2_storage,2030,22,2,2,0.0
1227,h2_storage,2030,22,3,3,0.0
1228,h2_storage,2030,22,4,4,0.0
1229,h2_storage,2030,22,5,5,0.0
1230,h2_storage,2030,22,6,6,0.0
1231,h2_storage,2030,22,7,7,0.0
1232,h2_storage,2030,22,8,8,0.0
1233,h2_storage,2030,22,9,9,0.0
1234,h2_storage,2030,22,10,10,0.0
1235,h2_storage,2030,22,11,11,0.0
1236,h2_storage,2030,22,12,12,0.0
1237,h2_storage,2030,22,13,13,0.0
1238,h2_storage,2030,22,14,14,0.0
1239,h2_storage,2030,22,15,15,0.0
1240,h2_storage,2030,22,16,16,0.0
1241,h2_storage,2030,22,17,17,0.0
1242,h2_storage,2030,22,18,18,0.0
1243,h2_storage,2030,22,19,19,0.0
1244,h2_storage,2030,22,20,20,0.0
1245,h2_storage,2030,22,21,21,0.0
1246,h2_storage,2030,22,22,22,0.0
1247,h2_storage,2030,22,23,23,0.0
1248,h2_storage,2030,22,24,24,0.0
1249,h2_storage,2030,23,1,1,0.0
1250,h2_storage,2030,23,2,2,0.0
1251,h2_storage,2030,23,3,3,0.0
1252,h2_storage,2030,23,4,4,0.0
1253,h2_storage,2030,23,5,5,0.0
1254,h2_storage,2030,23,6,6,0.0
1255,h2_storage,2030,23,7,7,0.0
1256,h2_storage,2030,23,8,8,0.0
1257,h2_storage,2030,23,9,9,0.0
1258,h2_storage,2030,23,10,10,0.0
1259,h2_storage,2030,23,11,11,0.0
1260,h2_storage,2030,23,12,12,0.0
1261,h2_storage,2030,23,13,13,0.0
1262,h2_storage,2030,23,14,14,0.0
1263,h2_storage,2030,23,15,15,0.0
1264,h2_storage,2030,23,16,16,0.0
1265,h2_storage,2030,23,17,17,0.0
1266,h2_storage,2030,23,18,18,0.0
1267,h2_storage,2030,23,19,19,0.0
1268,h2_storage,2030,23,20,20,0.0
1269,h2_storage,2030,23,21,21,0.0
1270,h2_storage,2030,23,22,22,0.0
1271,h2_storage,2030,23,23,23,0.0
1272,h2_storage,2030,23,24,24,0.0
1273,h2_storage,2030,24,1,1,0.0
1274,h2_storage,2030,24,2,2,0.0
1275,h2_storage,2030,24,3,3,0.0
1276,h2_storage,2030,24,4,4,0.0
1277,h2_storage,2030,24,5,5,0.0
1278,h2_storage,2030,24,6,6,0.0
1279,h2_storage,2030,24,7,7,0.0
1280,h2_storage,2030,24,8,8,0.0
1281,h2_storage,2030,24,9,9,0.0
1282,h2_storage,2030,24,10,10,0.0
1283,h2_storage,2030,24,11,11,0.0
1284,h2_storage,2030,24,12,12,0.0
1285,h2_storage,2030,24,13,13,0.0
1286,h2_storage,2030,24,14,14,0.0
1287,h2_storage,2030,24,15,15,0.0
1288,h2_storage,2030,24,16,16,0.0
1289,h2_storage,2030,24,17,17,0.0
1290,h2_storage,2030,24,18,18,0.0
1291,h2_storage,2030,24,19,19,0.0
1292,h2_storage,2030,24,20,20,0.0
1293,h2_storage,2030,24,21,21,0.0
1294,h2_storage,2030,24,22,22,0.0
1295,h2_storage,2030,24,23,23,0.0
1296,h2_storage,2030,24,24,24,0.0
1297,h2_storage,2030,25,1,1,0.0
1298,h2_storage,2030,25,2,2,0.0
1299,h2_storage,2030,25,3,3,0.0
1300,h2_storage,2030,25,4,4,0.0
1301,h2_storage,2030,25,5,5,0.0
1302,h2_storage,2030,25,6,6,0.0
1303,h2_storage,2030,25,7,7,0.0
1304,h2_storage,2030,25,8,8,0.0
1305,h2_storage,2030,25,9,9,0.0
1306,h2_storage,2030,25,10,10,0.0
1307,h2_storage,2030,25,11,11,0.0
1308,h2_storage,2030,25,12,12,0.0
1309,h2_storage,2030,25,13,13,0.0
1310,h2_storage,2030,25,14,14,0.0
1311,h2_storage,2030,25,15,15,0.0
1312,h2_storage,2030,25,16,16,0.0
1313,h2_storage,2030,25,17,17,0.0
1314,h2_storage,2030,25,18,18,0.0
1315,h2_storage,2030,25,19,19,0.0
1316,h2_storage,2030,25,20,20,0.0
1317,h2_storage,2030,25,21,21,0.0
1318,h2_storage,2030,25,22,22,0.0
1319,h2_storage,2030,25,23,23,0.0
1320,h2_storage,2030,25,24,24,0.0
1321,h2_storage,2030,26,1,1,0.0
1322,h2_storage,2030,26,2,2,0.0
1323,h2_storage,2030,26,3,3,0.0
1324,h2_storage,2030,26,4,4,0.0
1325,h2_storage,2030,26,5,5,0.0
1326,h2_storage,2030,26,6,6,0.0
1327,h2_storage,2030,26,7,7,0.0
1328,h2_storage,2030,26,8,8,0.0
1329,h2_storage,2030,26,9,9,0.0
1330,h2_storage,2030,26,10,10,0.0
1331,h2_storage,2030,26,11,11,0.0
1332,h2_storage,2030,26,12,12,0.0
1333,h2_storage,2030,26,13,13,0.0
1334,h2_storage,2030,26,14,14,0.0
1335,h2_storage,2030,26,15,15,0.0
1336,h2_storage,2030,26,16,16,0.0
1337,h2_storage,2030,26,17,17,0.0
1338,h2_storage,2030,26,18,18,0.0
1339,h2_storage,2030,26,19,19,0.0
1340,h2_storage,2030,26,20,20,0.0
1341,h2_storage,2030,26,21,21,0.0
1342,h2_storage,2030,26,22,22,0.0
1343,h2_storage,2030,26,23,23,0.0
1344,h2_storage,2030,26,24,24,0.0
1345,h2_storage,2030,27,1,1,0.0
1346,h2_storage,2030,27,2,2,0.0
1347,h2_storage,2030,27,3,3,0.0
1348,h2_storage,2030,27,4,4,0.0
1349,h2_storage,2030,27,5,5,0.0
1350,h2_storage,2030,27,6,6,0.0
1351,h2_storage,2030,27,7,7,0.0
1352,h2_storage,2030,27,8,8,0.0
1353,h2_storage,2030,27,9,9,0.0
1354,h2_storage,2030,27,10,10,0.0
1355,h2_storage,2030,27,11,11,0.0
1356,h2_storage,2030,27,12,12,0.0
1357,h2_storage,2030,27,13,13,0.0
1358,h2_storage,2030,27,14,14,0.0
1359,h2_storage,2030,27,15,15,0.0
1360,h2_storage,2030,27,16,16,0.0
1361,h2_storage,2030,27,17,17,0.0
1362,h2_storage,2030,27,18,18,0.0
1363,h2_storage,2030,27,19,19,0.0
1364,h2_storage,2030,27,20,20,0.0
1365,h2_storage,2030,27,21,21,0.0
1366,h2_storage,2030,27,22,22,0.0
1367,h2_storage,2030,27,23,23,0.0
1368,h2_storage,2030,27,24,24,0.0
1369,h2_storage,2030,28,1,1,0.0
1370,h2_storage,2030,28,2,2,0.0
1371,h2_storage,2030,28,3,3,0.0
1372,h2_storage,2030,28,4,4,0.0
1373,h2_storage,2030,28,5,5,0.0
1374,h2_storage,2030,28,6,6,0.0
1375,h2_storage,2030,28,7,7,0.0
1376,h2_storage,2030,28,8,8,0.0
1377,h2_storage,2030,28,9,9,0.0
1378,h2_storage,2030,28,10,10,0.0
1379,h2_storage,2030,28,11,11,0.0
1380,h2_storage,2030,28,12,12,0.0
1381,h2_storage,2030,28,13,13,0.0
1382,h2_storage,2030,28,14,14,0.0
1383,h2_storage,2030,28,15,15,0.0
1384,h2_storage,2030,28,16,16,0.0
1385,h2_storage,2030,28,17,17,0.0
1386,h2_storage,2030,28,18,18,0.0
1387,h2_storage,2030,28,19,19,0.0
1388,h2_storage,2030,28,20,20,0.0
1389,h2_storage,2030,28,21,21,0.0
1390,h2_storage,2030,28,22,22,0.0
1391,h2_storage,2030,28,23,23,0.0
1392,h2_storage,2030,28,24,24,0.0
1393,h2_storage,2030,29,1,1,0.0
1394,h2_storage,2030,29,2,2,0.0
1395,h2_storage,2030,29,3,3,0.0
1396,h2_storage,2030,29,4,4,0.0
1397,h2_storage,2030,29,5,5,0.0
1398,h2_storage,2030,29,6,6,0.0
1399,h2_storage,2030,29,7,7,0.0
1400,h2_storage,2030,29,8,8,0.0
1401,h2_storage,2030,29,9,9,0.0
1402,h2_storage,2030,29,10,10,0.0
1403,h2_storage,2030,29,11,11,0.0
1404,h2_storage,2030,29,12,12,0.0
1405,h2_storage,2030,29,13,13,0.0
1406,h2_storage,2030,29,14,14,0.0
1407,h2_storage,2030,29,15,15,0.0
1408,h2_storage,2030,29,16,16,0.0
1409,h2_storage,2030,29,17,17,0.0
1410,h2_storage,2030,29,18,18,0.0
1411,h2_storage,2030,29,19,19,0.0
1412,h2_storage,2030,29,20,20,0.0
1413,h2_storage,2030,29,21,21,0.0
1414,h2_storage,2030,29,22,22,0.0
1415,h2_storage,2030,29,23,23,0.0
1416,h2_storage,2030,29,24,24,0.0
1417,h2_storage,2030,30,1,1,0.0
1418,h2_storage,2030,30,2,2,0.0
1419,h2_storage,2030,30,3,3,0.0
1420,h2_storage,2030,30,4,4,0.0
1421,h2_storage,2030,30,5,5,0.0
1422,h2_storage,2030,30,6,6,0.0
1423,h2_storage,2030,30,7,7,0.0
1424,h2_storage,2030,30,8,8,0.0
1425,h2_storage,2030,30,9,9,0.0
1426,h2_storage,2030,30,10,10,0.0
1427,h2_storage,2030,30,11,11,0.0
1428,h2_storage,2030,30,12,12,0.0
1429,h2_storage,2030,30,13,13,0.0
1430,h2_storage,2030,30,14,14,0.0
1431,h2_storage,2030,30,15,15,0.0
1432,h2_storage,2030,30,16,16,0.0
1433,h2_storage,2030,30,17,17,0.0
1434,h2_storage,2030,30,18,18,0.0
1435,h2_storage,2030,30,19,19,0.0
1436,h2_storage,2030,30,20,20,0.0
1437,h2_storage,2030,30,21,21,0.0
1438,h2_storage,2030,30,22,22,0.0
1439,h2_storage,2030,30,23,23,0.0
1440,h2_storage,2030,30,24,24,0.0
1441,hydro_reservoir,2030,1,1,1,0.0
1442,hydro_reservoir,2030,1,2,2,0.0
1443,hydro_reservoir,2030,1,3,3,0.0
1444,hydro_reservoir,2030,1,4,4,0.0
1445,hydro_reservoir,2030,1,5,5,0.0
1446,hydro_reservoir,2030,1,6,6,0.0
1447,hydro_reservoir,2030,1,7,7,0.0
1448,hydro_reservoir,2030,1,8,8,0.0
1449,hydro_reservoir,2030,1,9,9,0.0
1450,hydro_reservoir,2030,1,10,10,0.0
1451,hydro_reservoir,2030,1,11,11,0.0
1452,hydro_reservoir,2030,1,12,12,0.0
1453,hydro_reservoir,2030,1,13,13,0.0
1454,hydro_reservoir,2030,1,14,14,0.0
1455,hydro_reservoir,2030,1,15,15,0.0
1456,hydro_reservoir,2030,1,16,16,0.0
1457,hydro_reservoir,2030,1,17,17,0.0
1458,hydro_reservoir,2030,1,18,18,0.0
1459,hydro_reservoir,2030,1,19,19,0.0
1460,hydro_reservoir,2030,1,20,20,0.0
1461,hydro_reservoir,2030,1,21,21,0.0
1462,hydro_reservoir,2030,1,22,22,0.0
1463,hydro_reservoir,2030,1,23,23,0.0
1464,hydro_reservoir,2030,1,24,24,0.0
1465,hydro_reservoir,2030,2,1,1,0.0
1466,hydro_reservoir,2030,2,2,2,0.0
1467,hydro_reservoir,2030,2,3,3,0.0
1468,hydro_reservoir,2030,2,4,4,0.0
1469,hydro_reservoir,2030,2,5,5,0.0
1470,hydro_reservoir,2030,2,6,6,0.0
1471,hydro_reservoir,2030,2,7,7,0.0
1472,hydro_reservoir,2030,2,8,8,0.0
1473,hydro_reservoir,2030,2,9,9,0.0
1474,hydro_reservoir,2030,2,10,10,0.0
1475,hydro_reservoir,2030,2,11,11,0.0
1476,hydro_reservoir,2030,2,12,12,0.0
1477,hydro_reservoir,2030,2,13,13,0.0
1478,hydro_reservoir,2030,2,14,14,0.0
1479,hydro_reservoir,2030,2,15,15,0.0
1480,hydro_reservoir,2030,2,16,16,0.0
1481,hydro_reservoir,2030,2,17,17,0.0
1482,hydro_reservoir,2030,2,18,18,0.0
1483,hydro_reservoir,2030,2,19,19,0.0
1484,hydro_reservoir,2030,2,20,20,0.0
1485,hydro_reservoir,2030,2,21,21,0.0
1486,hydro_reservoir,2030,2,22,22,0.0
1487,hydro_reservoir,2030,2,23,23,0.0
1488,hydro_reservoir,2030,2,24,24,0.0
1489,hydro_reservoir,2030,3,1,1,0.0
1490,hydro_reservoir,2030,3,2,2,0.0
1491,hydro_reservoir,2030,3,3,3,0.0
1492,hydro_reservoir,2030,3,4,4,0.0
1493,hydro_reservoir,2030,3,5,5,0.0
1494,hydro_reservoir,2030,3,6,6,0.0
1495,hydro_reservoir,2030,3,7,7,0.0
1496,hydro_reservoir,2030,3,8,8,0.0
1497,hydro_reservoir,2030,3,9,9,0.0
1498,hydro_reservoir,2030,3,10,10,0.0
1499,hydro_reservoir,2030,3,11,11,0.0
1500,hydro_reservoir,2030,3,12,12,0.0
1501,hydro_reservoir,2030,3,13,13,0.0
1502,hydro_reservoir,2030,3,14,14,0.0
1503,hydro_reservoir,2030,3,15,15,0.0
1504,hydro_reservoir,2030,3,16,16,0.0
1505,hydro_reservoir,2030,3,17,17,0.0
1506,hydro_reservoir,2030,3,18,18,0.0
1507,hydro_reservoir,2030,3,19,19,0.0
1508,hydro_reservoir,2030,3,20,20,0.0
1509,hydro_reservoir,2030,3,21,21,0.0
1510,hydro_reservoir,2030,3,22,22,0.0
1511,hydro_reservoir,2030,3,23,23,0.0
1512,hydro_reservoir,2030,3,24,24,0.0
1513,hydro_reservoir,2030,4,1,1,0.0
1514,hydro_reservoir,2030,4,2,2,0.0
1515,hydro_reservoir,2030,4,3,3,0.0
1516,hydro_reservoir,2030,4,4,4,0.0
1517,hydro_reservoir,2030,4,5,5,0.0
1518,hydro_reservoir,2030,4,6,6,0.0
1519,hydro_reservoir,2030,4,7,7,0.0
1520,hydro_reservoir,2030,4,8,8,0.0
1521,hydro_reservoir,2030,4,9,9,0.0
1522,hydro_reservoir,2030,4,10,10,0.0
1523,hydro_reservoir,2030,4,11,11,0.0
1524,hydro_reservoir,2030,4,12,12,0.0
1525,hydro_reservoir,2030,4,13,13,0.0
1526,hydro_reservoir,2030,4,14,14,0.0
1527,hydro_reservoir,2030,4,15,15,0.0
1528,hydro_reservoir,2030,4,16,16,0.0
1529,hydro_reservoir,2030,4,17,17,0.0
1530,hydro_reservoir,2030,4,18,18,0.0
1531,hydro_reservoir,2030,4,19,19,0.0
1532,hydro_reservoir,2030,4,20,20,0.0
1533,hydro_reservoir,2030,4,21,21,0.0
1534,hydro_reservoir,2030,4,22,22,0.0
1535,hydro_reservoir,2030,4,23,23,0.0
1536,hydro_reservoir,2030,4,24,24,0.0
1537,hydro_reservoir,2030,5,1,1,0.0
1538,hydro_reservoir,2030,5,2,2,0.0
1539,hydro_reservoir,2030,5,3,3,0.0
1540,hydro_reservoir,2030,5,4,4,0.0
1541,hydro_reservoir,2030,5,5,5,0.0
1542,hydro_reservoir,2030,5,6,6,0.0
1543,hydro_reservoir,2030,5,7,7,0.0
1544,hydro_reservoir,2030,5,8,8,0.0
1545,hydro_reservoir,2030,5,9,9,0.0
1546,hydro_reservoir,2030,5,10,10,0.0
1547,hydro_reservoir,2030,5,11,11,0.0
1548,hydro_reservoir,2030,5,12,12,0.0
1549,hydro_reservoir,2030,5,13,13,0.0
1550,hydro_reservoir,2030,5,14,14,0.0
1551,hydro_reservoir,2030,5,15,15,0.0
1552,hydro_reservoir,2030,5,16,16,0.0
1553,hydro_reservoir,2030,5,17,17,0.0
1554,hydro_reservoir,2030,5,18,18,0.0
1555,hydro_reservoir,2030,5,19,19,0.0
1556,hydro_reservoir,2030,5,20,20,0.0
1557,hydro_reservoir,2030,5,21,21,0.0
1558,hydro_reservoir,2030,5,22,22,0.0
1559,hydro_reservoir,2030,5,23,23,0.0
1560,hydro_reservoir,2030,5,24,24,0.0
1561,hydro_reservoir,2030,6,1,1,0.0
1562,hydro_reservoir,2030,6,2,2,0.0
1563,hydro_reservoir,2030,6,3,3,0.0
1564,hydro_reservoir,2030,6,4,4,0.0
1565,hydro_reservoir,2030,6,5,5,0.0
1566,hydro_reservoir,2030,6,6,6,0.0
1567,hydro_reservoir,2030,6,7,7,0.0
1568,hydro_reservoir,2030,6,8,8,0.0
1569,hydro_reservoir,2030,6,9,9,0.0
1570,hydro_reservoir,2030,6,10,10,0.0
1571,hydro_reservoir,2030,6,11,11,0.0
1572,hydro_reservoir,2030,6,12,12,0.0
1573,hydro_reservoir,2030,6,13,13,0.0
1574,hydro_reservoir,2030,6,14,14,0.0
1575,hydro_reservoir,2030,6,15,15,0.0
1576,hydro_reservoir,2030,6,16,16,0.0
1577,hydro_reservoir,2030,6,17,17,0.0
1578,hydro_reservoir,2030,6,18,18,0.0
1579,hydro_reservoir,2030,6,19,19,0.0
1580,hydro_reservoir,2030,6,20,20,0.0
1581,hydro_reservoir,2030,6,21,21,0.0
1582,hydro_reservoir,2030,6,22,22,0.0
1583,hydro_reservoir,2030,6,23,23,0.0
1584,hydro_reservoir,2030,6,24,24,0.0
1585,hydro_reservoir,2030,7,1,1,0.0
1586,hydro_reservoir,2030,7,2,2,0.0
1587,hydro_reservoir,2030,7,3,3,0.0
1588,hydro_reservoir,2030,7,4,4,0.0
1589,hydro_reservoir,2030,7,5,5,0.0
1590,hydro_reservoir,2030,7,6,6,0.0
1591,hydro_reservoir,2030,7,7,7,0.0
1592,hydro_reservoir,2030,7,8,8,0.0
1593,hydro_reservoir,2030,7,9,9,0.0
1594,hydro_reservoir,2030,7,10,10,0.0
1595,hydro_reservoir,2030,7,11,11,0.0
1596,hydro_reservoir,2030,7,12,12,0.0
1597,hydro_reservoir,2030,7,13,13,0.0
1598,hydro_reservoir,2030,7,14,14,0.0
1599,hydro_reservoir,2030,7,15,15,0.0
1600,hydro_reservoir,2030,7,16,16,0.0
1601,hydro_reservoir,2030,7,17,17,0.0
1602,hydro_reservoir,2030,7,18,18,0.0
1603,hydro_reservoir,2030,7,19,19,0.0
1604,hydro_reservoir,2030,7,20,20,0.0
1605,hydro_reservoir,2030,7,21,21,0.0
1606,hydro_reservoir,2030,7,22,22,0.0
1607,hydro_reservoir,2030,7,23,23,0.0
1608,hydro_reservoir,2030,7,24,24,0.0
1609,hydro_reservoir,2030,8,1,1,0.0
1610,hydro_reservoir,2030,8,2,2,0.0
1611,hydro_reservoir,2030,8,3,3,0.0
1612,hydro_reservoir,2030,8,4,4,0.0
1613,hydro_reservoir,2030,8,5,5,0.0
1614,hydro_reservoir,2030,8,6,6,0.0
1615,hydro_reservoir,2030,8,7,7,0.0
1616,hydro_reservoir,2030,8,8,8,0.0
1617,hydro_reservoir,2030,8,9,9,0.0
1618,hydro_reservoir,2030,8,10,10,0.0
1619,hydro_reservoir,2030,8,11,11,0.0
1620,hydro_reservoir,2030,8,12,12,0.0
1621,hydro_reservoir,2030,8,13,13,0.0
1622,hydro_reservoir,2030,8,14,14,0.0
1623,hydro_reservoir,2030,8,15,15,0.0
1624,hydro_reservoir,2030,8,16,16,0.0
1625,hydro_reservoir,2030,8,17,17,0.0
1626,hydro_reservoir,2030,8,18,18,0.0
1627,hydro_reservoir,2030,8,19,19,0.0
1628,hydro_reservoir,2030,8,20,20,0.0
1629,hydro_reservoir,2030,8,21,21,0.0
1630,hydro_reservoir,2030,8,22,22,0.0
1631,hydro_reservoir,2030,8,23,23,0.0
1632,hydro_reservoir,2030,8,24,24,0.0
1633,hydro_reservoir,2030,9,1,1,0.0
1634,hydro_reservoir,2030,9,2,2,0.0
1635,hydro_reservoir,2030,9,3,3,0.0
1636,hydro_reservoir,2030,9,4,4,0.0
1637,hydro_reservoir,2030,9,5,5,0.0
1638,hydro_reservoir,2030,9,6,6,0.0
1639,hydro_reservoir,2030,9,7,7,0.0
1640,hydro_reservoir,2030,9,8,8,0.0
1641,hydro_reservoir,2030,9,9,9,0.0
1642,hydro_reservoir,2030,9,10,10,0.0
1643,hydro_reservoir,2030,9,11,11,0.0
1644,hydro_reservoir,2030,9,12,12,0.0
1645,hydro_reservoir,2030,9,13,13,0.0
1646,hydro_reservoir,2030,9,14,14,0.0
1647,hydro_reservoir,2030,9,15,15,0.0
1648,hydro_reservoir,2030,9,16,16,0.0
1649,hydro_reservoir,2030,9,17,17,0.0
1650,hydro_reservoir,2030,9,18,18,0.0
1651,hydro_reservoir,2030,9,19,19,0.0
1652,hydro_reservoir,2030,9,20,20,0.0
1653,hydro_reservoir,2030,9,21,21,0.0
1654,hydro_reservoir,2030,9,22,22,0.0
1655,hydro_reservoir,2030,9,23,23,0.0
1656,hydro_reservoir,2030,9,24,24,0.0
1657,hydro_reservoir,2030,10,1,1,0.0
1658,hydro_reservoir,2030,10,2,2,0.0
1659,hydro_reservoir,2030,10,3,3,0.0
1660,hydro_reservoir,2030,10,4,4,0.0
1661,hydro_reservoir,2030,10,5,5,0.0
1662,hydro_reservoir,2030,10,6,6,0.0
1663,hydro_reservoir,2030,10,7,7,0.0
1664,hydro_reservoir,2030,10,8,8,0.0
1665,hydro_reservoir,2030,10,9,9,0.0
1666,hydro_reservoir,2030,10,10,10,0.0
1667,hydro_reservoir,2030,10,11,11,0.0
1668,hydro_reservoir,2030,10,12,12,0.0
1669,hydro_reservoir,2030,10,13,13,0.0
1670,hydro_reservoir,2030,10,14,14,0.0
1671,hydro_reservoir,2030,10,15,15,0.0
1672,hydro_reservoir,2030,10,16,16,0.0
1673,hydro_reservoir,2030,10,17,17,0.0
1674,hydro_reservoir,2030,10,18,18,0.0
1675,hydro_reservoir,2030,10,19,19,0.0
1676,hydro_reservoir,2030,10,20,20,0.0
1677,hydro_reservoir,2030,10,21,21,0.0
1678,hydro_reservoir,2030,10,22,22,0.0
1679,hydro_reservoir,2030,10,23,23,0.0
1680,hydro_reservoir,2030,10,24,24,0.0
1681,hydro_reservoir,2030,11,1,1,0.0
1682,hydro_reservoir,2030,11,2,2,0.0
1683,hydro_reservoir,2030,11,3,3,0.0
1684,hydro_reservoir,2030,11,4,4,0.0
1685,hydro_reservoir,2030,11,5,5,0.0
1686,hydro_reservoir,2030,11,6,6,0.0
1687,hydro_reservoir,2030,11,7,7,0.0
1688,hydro_reservoir,2030,11,8,8,0.0
1689,hydro_reservoir,2030,11,9,9,0.0
1690,hydro_reservoir,2030,11,10,10,0.0
1691,hydro_reservoir,2030,11,11,11,0.0
1692,hydro_reservoir,2030,11,12,12,0.0
1693,hydro_reservoir,2030,11,13,13,0.0
1694,hydro_reservoir,2030,11,14,14,0.0
1695,hydro_reservoir,2030,11,15,15,0.0
1696,hydro_reservoir,2030,11,16,16,0.0
1697,hydro_reservoir,2030,11,17,17,0.0
1698,hydro_reservoir,2030,11,18,18,0.0
1699,hydro_reservoir,2030,11,19,19,0.0
1700,hydro_reservoir,2030,11,20,20,0.0
1701,hydro_reservoir,2030,11,21,21,0.0
1702,hydro_reservoir,2030,11,22,22,0.0
1703,hydro_reservoir,2030,11,23,23,0.0
1704,hydro_reservoir,2030,11,24,24,0.0
1705,hydro_reservoir,2030,12,1,1,0.0
1706,hydro_reservoir,2030,12,2,2,0.0
1707,hydro_reservoir,2030,12,3,3,0.0
1708,hydro_reservoir,2030,12,4,4,0.0
1709,hydro_reservoir,2030,12,5,5,0.0
1710,hydro_reservoir,2030,12,6,6,0.0
1711,hydro_reservoir,2030,12,7,7,0.0
1712,hydro_reservoir,2030,12,8,8,0.0
1713,hydro_reservoir,2030,12,9,9,0.0
1714,hydro_reservoir,2030,12,10,10,0.0
1715,hydro_reservoir,2030,12,11,11,0.0
1716,hydro_reservoir,2030,12,12,12,0.0
1717,hydro_reservoir,2030,12,13,13,0.0
1718,hydro_reservoir,2030,12,14,14,0.0
1719,hydro_reservoir,2030,12,15,15,0.0
1720,hydro_reservoir,2030,12,16,16,0.0
1721,hydro_reservoir,2030,12,17,17,0.0
1722,hydro_reservoir,2030,12,18,18,0.0
1723,hydro_reservoir,2030,12,19,19,0.0
1724,hydro_reservoir,2030,12,20,20,0.0
1725,hydro_reservoir,2030,12,21,21,0.0
1726,hydro_reservoir,2030,12,22,22,0.0
1727,hydro_reservoir,2030,12,23,23,0.0
1728,hydro_reservoir,2030,12,24,24,0.0
1729,hydro_reservoir,2030,13,1,1,0.0
1730,hydro_reservoir,2030,13,2,2,0.0
1731,hydro_reservoir,2030,13,3,3,0.0
1732,hydro_reservoir,2030,13,4,4,0.0
1733,hydro_reservoir,2030,13,5,5,0.0
1734,hydro_reservoir,2030,13,6,6,0.0
1735,hydro_reservoir,2030,13,7,7,0.0
1736,hydro_reservoir,2030,13,8,8,0.0
1737,hydro_reservoir,2030,13,9,9,0.0
1738,hydro_reservoir,2030,13,10,10,0.0
1739,hydro_reservoir,2030,13,11,11,0.0
1740,hydro_reservoir,2030,13,12,12,0.0
1741,hydro_reservoir,2030,13,13,13,0.0
1742,hydro_reservoir,2030,13,14,14,0.0
1743,hydro_reservoir,2030,13,15,15,0.0
1744,hydro_reservoir,2030,13,16,16,0.0
1745,hydro_reservoir,2030,13,17,17,0.0
1746,hydro_reservoir,2030,13,18,18,0.0
1747,hydro_reservoir,2030,13,19,19,0.0
1748,hydro_reservoir,2030,13,20,20,0.0
1749,hydro_reservoir,2030,13,21,21,0.0
1750,hydro_reservoir,2030,13,22,22,0.0
1751,hydro_reservoir,2030,13,23,23,0.0
1752,hydro_reservoir,2030,13,24,24,0.0
1753,hydro_reservoir,2030,14,1,1,0.0
1754,hydro_reservoir,2030,14,2,2,0.0
1755,hydro_reservoir,2030,14,3,3,0.0
1756,hydro_reservoir,2030,14,4,4,0.0
1757,hydro_reservoir,2030,14,5,5,0.0
1758,hydro_reservoir,2030,14,6,6,0.0
1759,hydro_reservoir,2030,14,7,7,0.0
1760,hydro_reservoir,2030,14,8,8,0.0
1761,hydro_reservoir,2030,14,9,9,0.0
1762,hydro_reservoir,2030,14,10,10,0.0
1763,hydro_reservoir,2030,14,11,11,0.0
1764,hydro_reservoir,2030,14,12,12,0.0
1765,hydro_reservoir,2030,14,13,13,0.0
1766,hydro_reservoir,2030,14,14,14,0.0
1767,hydro_reservoir,2030,14,15,15,0.0
1768,hydro_reservoir,2030,14,16,16,0.0
1769,hydro_reservoir,2030,14,17,17,0.0
1770,hydro_reservoir,2030,14,18,18,0.0
1771,hydro_reservoir,2030,14,19,19,0.0
1772,hydro_reservoir,2030,14,20,20,0.0
1773,hydro_reservoir,2030,14,21,21,0.0
1774,hydro_reservoir,2030,14,22,22,0.0
1775,hydro_reservoir,2030,14,23,23,0.0
1776,hydro_reservoir,2030,14,24,24,0.0
1777,hydro_reservoir,2030,15,1,1,0.0
1778,hydro_reservoir,2030,15,2,2,0.0
1779,hydro_reservoir,2030,15,3,3,0.0
1780,hydro_reservoir,2030,15,4,4,0.0
1781,hydro_reservoir,2030,15,5,5,0.0
1782,hydro_reservoir,2030,15,6,6,0.0
1783,hydro_reservoir,2030,15,7,7,0.0
1784,hydro_reservoir,2030,15,8,8,0.0
1785,hydro_reservoir,2030,15,9,9,0.0
1786,hydro_reservoir,2030,15,10,10,0.0
1787,hydro_reservoir,2030,15,11,11,0.0
1788,hydro_reservoir,2030,15,12,12,0.0
1789,hydro_reservoir,2030,15,13,13,0.0
1790,hydro_reservoir,2030,15,14,14,0.0
1791,hydro_reservoir,2030,15,15,15,0.0
1792,hydro_reservoir,2030,15,16,16,0.0
1793,hydro_reservoir,2030,15,17,17,0.0
1794,hydro_reservoir,2030,15,18,18,0.0
1795,hydro_reservoir,2030,15,19,19,0.0
1796,hydro_reservoir,2030,15,20,20,0.0
1797,hydro_reservoir,2030,15,21,21,0.0
1798,hydro_reservoir,2030,15,22,22,0.0
1799,hydro_reservoir,2030,15,23,23,0.0
1800,hydro_reservoir,2030,15,24,24,0.0
1801,hydro_reservoir,2030,16,1,1,0.0
1802,hydro_reservoir,2030,16,2,2,0.0
1803,hydro_reservoir,2030,16,3,3,0.0
1804,hydro_reservoir,2030,16,4,4,0.0
1805,hydro_reservoir,2030,16,5,5,0.0
1806,hydro_reservoir,2030,16,6,6,0.0
1807,hydro_reservoir,2030,16,7,7,0.0
1808,hydro_reservoir,2030,16,8,8,0.0
1809,hydro_reservoir,2030,16,9,9,0.0
1810,hydro_reservoir,2030,16,10,10,0.0
1811,hydro_reservoir,2030,16,11,11,0.0
1812,hydro_reservoir,2030,16,12,12,0.0
1813,hydro_reservoir,2030,16,13,13,0.0
1814,hydro_reservoir,2030,16,14,14,0.0
1815,hydro_reservoir,2030,16,15,15,0.0
1816,hydro_reservoir,2030,16,16,16,0.0
1817,hydro_reservoir,2030,16,17,17,0.0
1818,hydro_reservoir,2030,16,18,18,0.0
1819,hydro_reservoir,2030,16,19,19,0.0
1820,hydro_reservoir,2030,16,20,20,0.0
1821,hydro_reservoir,2030,16,21,21,0.0
1822,hydro_reservoir,2030,16,22,22,0.0
1823,hydro_reservoir,2030,16,23,23,0.0
1824,hydro_reservoir,2030,16,24,24,0.0
1825,hydro_reservoir,2030,17,1,1,0.0
1826,hydro_reservoir,2030,17,2,2,0.0
1827,hydro_reservoir,2030,17,3,3,0.0
1828,hydro_reservoir,2030,17,4,4,0.0
1829,hydro_reservoir,2030,17,5,5,0.0
1830,hydro_reservoir,2030,17,6,6,0.0
1831,hydro_reservoir,2030,17,7,7,0.0
1832,hydro_reservoir,2030,17,8,8,0.0
1833,hydro_reservoir,2030,17,9,9,0.0
1834,hydro_reservoir,2030,17,10,10,0.0
1835,hydro_reservoir,2030,17,11,11,0.0
1836,hydro_reservoir,2030,17,12,12,0.0
1837,hydro_reservoir,2030,17,13,13,0.0
1838,hydro_reservoir,2030,17,14,14,0.0
1839,hydro_reservoir,2030,17,15,15,0.0
1840,hydro_reservoir,2030,17,16,16,0.0
1841,hydro_reservoir,2030,17,17,17,0.0
1842,hydro_reservoir,2030,17,18,18,0.0
1843,hydro_reservoir,2030,17,19,19,0.0
1844,hydro_reservoir,2030,17,20,20,0.0
1845,hydro_reservoir,2030,17,21,21,0.0
1846,hydro_reservoir,2030,17,22,22,0.0
1847,hydro_reservoir,2030,17,23,23,0.0
1848,hydro_reservoir,2030,17,24,24,0.0
1849,hydro_reservoir,2030,18,1,1,0.0
1850,hydro_reservoir,2030,18,2,2,0.0
1851,hydro_reservoir,2030,18,3,3,0.0
1852,hydro_reservoir,2030,18,4,4,0.0
1853,hydro_reservoir,2030,18,5,5,0.0
1854,hydro_reservoir,2030,18,6,6,0.0
1855,hydro_reservoir,2030,18,7,7,0.0
1856,hydro_reservoir,2030,18,8,8,0.0
1857,hydro_reservoir,2030,18,9,9,0.0
1858,hydro_reservoir,2030,18,10,10,0.0
1859,hydro_reservoir,2030,18,11,11,0.0
1860,hydro_reservoir,2030,18,12,12,0.0
1861,hydro_reservoir,2030,18,13,13,0.0
1862,hydro_reservoir,2030,18,14,14,0.0
1863,hydro_reservoir,2030,18,15,15,0.0
1864,hydro_reservoir,2030,18,16,16,0.0
1865,hydro_reservoir,2030,18,17,17,0.0
1866,hydro_reservoir,2030,18,18,18,0.0
1867,hydro_reservoir,2030,18,19,19,0.0
1868,hydro_reservoir,2030,18,20,20,0.0
1869,hydro_reservoir,2030,18,21,21,0.0
1870,hydro_reservoir,2030,18,22,22,0.0
1871,hydro_reservoir,2030,18,23,23,0.0
1872,hydro_reservoir,2030,18,24,24,0.0
1873,hydro_reservoir,2030,19,1,1,0.0
1874,hydro_reservoir,2030,19,2,2,0.0
1875,hydro_reservoir,2030,19,3,3,0.0
1876,hydro_reservoir,2030,19,4,4,0.0
1877,hydro_reservoir,2030,19,5,5,0.0
1878,hydro_reservoir,2030,19,6,6,0.0
1879,hydro_reservoir,2030,19,7,7,0.0
1880,hydro_reservoir,2030,19,8,8,0.0
1881,hydro_reservoir,2030,19,9,9,0.0
1882,hydro_reservoir,2030,19,10,10,0.0
1883,hydro_reservoir,2030,19,11,11,0.0
1884,hydro_reservoir,2030,19,12,12,0.0
1885,hydro_reservoir,2030,19,13,13,0.0
1886,hydro_reservoir,2030,19,14,14,0.0
1887,hydro_reservoir,2030,19,15,15,0.0
1888,hydro_reservoir,2030,19,16,16,0.0
1889,hydro_reservoir,2030,19,17,17,0.0
1890,hydro_reservoir,2030,19,18,18,0.0
1891,hydro_reservoir,2030,19,19,19,0.0
1892,hydro_reservoir,2030,19,20,20,0.0
1893,hydro_reservoir,2030,19,21,21,0.0
1894,hydro_reservoir,2030,19,22,22,0.0
1895,hydro_reservoir,2030,19,23,23,0.0
1896,hydro_reservoir,2030,19,24,24,0.0
1897,hydro_reservoir,2030,20,1,1,0.0
1898,hydro_reservoir,2030,20,2,2,0.0
1899,hydro_reservoir,2030,20,3,3,0.0
1900,hydro_reservoir,2030,20,4,4,0.0
1901,hydro_reservoir,2030,20,5,5,0.0
1902,hydro_reservoir,2030,20,6,6,0.0
1903,hydro_reservoir,2030,20,7,7,0.0
1904,hydro_reservoir,2030,20,8,8,0.0
1905,hydro_reservoir,2030,20,9,9,0.0
1906,hydro_reservoir,2030,20,10,10,0.0
1907,hydro_reservoir,2030,20,11,11,0.0
1908,hydro_reservoir,2030,20,12,12,0.0
1909,hydro_reservoir,2030,20,13,13,0.0
1910,hydro_reservoir,2030,20,14,14,0.0
1911,hydro_reservoir,2030,20,15,15,0.0
1912,hydro_reservoir,2030,20,16,16,0.0
1913,hydro_reservoir,2030,20,17,17,0.0
1914,hydro_reservoir,2030,20,18,18,0.0
1915,hydro_reservoir,2030,20,19,19,0.0
1916,hydro_reservoir,2030,20,20,20,0.0
1917,hydro_reservoir,2030,20,21,21,0.0
1918,hydro_reservoir,2030,20,22,22,0.0
1919,hydro_reservoir,2030,20,23,23,0.0
1920,hydro_reservoir,2030,20,24,24,0.0
1921,hydro_reservoir,2030,21,1,1,0.0
1922,hydro_reservoir,2030,21,2,2,0.0
1923,hydro_reservoir,2030,21,3,3,0.0
1924,hydro_reservoir,2030,21,4,4,0.0
1925,hydro_reservoir,2030,21,5,5,0.0
1926,hydro_reservoir,2030,21,6,6,0.0
1927,hydro_reservoir,2030,21,7,7,0.0
1928,hydro_reservoir,2030,21,8,8,0.0
1929,hydro_reservoir,2030,21,9,9,0.0
1930,hydro_reservoir,2030,21,10,10,0.0
1931,hydro_reservoir,2030,21,11,11,0.0
1932,hydro_reservoir,2030,21,12,12,0.0
1933,hydro_reservoir,2030,21,13,13,0.0
1934,hydro_reservoir,2030,21,14,14,0.0
1935,hydro_reservoir,2030,21,15,15,0.0
1936,hydro_reservoir,2030,21,16,16,0.0
1937,hydro_reservoir,2030,21,17,17,0.0
1938,hydro_reservoir,2030,21,18,18,0.0
1939,hydro_reservoir,2030,21,19,19,0.0
1940,hydro_reservoir,2030,21,20,20,0.0
1941,hydro_reservoir,2030,21,21,21,0.0
1942,hydro_reservoir,2030,21,22,22,0.0
1943,hydro_reservoir,2030,21,23,23,0.0
1944,hydro_reservoir,2030,21,24,24,0.0
1945,hydro_reservoir,2030,22,1,1,0.0
1946,hydro_reservoir,2030,22,2,2,0.0
1947,hydro_reservoir,2030,22,3,3,0.0
1948,hydro_reservoir,2030,22,4,4,0.0
1949,hydro_reservoir,2030,22,5,5,0.0
1950,hydro_reservoir,2030,22,6,6,0.0
1951,hydro_reservoir,2030,22,7,7,0.0
1952,hydro_reservoir,2030,22,8,8,0.0
1953,hydro_reservoir,2030,22,9,9,0.0
1954,hydro_reservoir,2030,22,10,10,0.0
1955,hydro_reservoir,2030,22,11,11,0.0
1956,hydro_reservoir,2030,22,12,12,0.0
1957,hydro_reservoir,2030,22,13,13,0.0
1958,hydro_reservoir,2030,22,14,14,0.0
1959,hydro_reservoir,2030,22,15,15,0.0
1960,hydro_reservoir,2030,22,16,16,0.0
1961,hydro_reservoir,2030,22,17,17,0.0
1962,hydro_reservoir,2030,22,18,18,0.0
1963,hydro_reservoir,2030,22,19,19,0.0
1964,hydro_reservoir,2030,22,20,20,0.0
1965,hydro_reservoir,2030,22,21,21,0.0
1966,hydro_reservoir,2030,22,22,22,0.0
1967,hydro_reservoir,2030,22,23,23,0.0
1968,hydro_reservoir,2030,22,24,24,0.0
1969,hydro_reservoir,2030,23,1,1,0.0
1970,hydro_reservoir,2030,23,2,2,0.0
1971,hydro_reservoir,2030,23,3,3,0.0
1972,hydro_reservoir,2030,23,4,4,0.0
1973,hydro_reservoir,2030,23,5,5,0.0
1974,hydro_reservoir,2030,23,6,6,0.0
1975,hydro_reservoir,2030,23,7,7,0.0
1976,hydro_reservoir,2030,23,8,8,0.0
1977,hydro_reservoir,2030,23,9,9,0.0
1978,hydro_reservoir,2030,23,10,10,0.0
1979,hydro_reservoir,2030,23,11,11,0.0
1980,hydro_reservoir,2030,23,12,12,0.0
1981,hydro_reservoir,2030,23,13,13,0.0
1982,hydro_reservoir,2030,23,14,14,0.0
1983,hydro_reservoir,2030,23,15,15,0.0
1984,hydro_reservoir,2030,23,16,16,0.0
1985,hydro_reservoir,2030,23,17,17,0.0
1986,hydro_reservoir,2030,23,18,18,0.0
1987,hydro_reservoir,2030,23,19,19,0.0
1988,hydro_reservoir,2030,23,20,20,0.0
1989,hydro_reservoir,2030,23,21,21,0.0
1990,hydro_reservoir,2030,23,22,22,0.0
1991,hydro_reservoir,2030,23,23,23,0.0
1992,hydro_reservoir,2030,23,24,24,0.0
1993,hydro_reservoir,2030,24,1,1,0.0
1994,hydro_reservoir,2030,24,2,2,0.0
1995,hydro_reservoir,2030,24,3,3,0.0
1996,hydro_reservoir,2030,24,4,4,0.0
1997,hydro_reservoir,2030,24,5,5,0.0
1998,hydro_reservoir,2030,24,6,6,0.0
1999,hydro_reservoir,2030,24,7,7,0.0
2000,hydro_reservoir,2030,24,8,8,0.0
2001,hydro_reservoir,2030,24,9,9,0.0
2002,hydro_reservoir,2030,24,10,10,0.0
2003,hydro_reservoir,2030,24,11,11,0.0
2004,hydro_reservoir,2030,24,12,12,0.0
2005,hydro_reservoir,2030,24,13,13,0.0
2006,hydro_reservoir,2030,24,14,14,0.0
2007,hydro_reservoir,2030,24,15,15,0.0
2008,hydro_reservoir,2030,24,16,16,0.0
2009,hydro_reservoir,2030,24,17,17,0.0
2010,hydro_reservoir,2030,24,18,18,0.0
2011,hydro_reservoir,2030,24,19,19,0.0
2012,hydro_reservoir,2030,24,20,20,0.0
2013,hydro_reservoir,2030,24,21,21,0.0
2014,hydro_reservoir,2030,24,22,22,0.0
2015,hydro_reservoir,2030,24,23,23,0.0
2016,hydro_reservoir,2030,24,24,24,0.0
2017,hydro_reservoir,2030,25,1,1,0.0
2018,hydro_reservoir,2030,25,2,2,0.0
2019,hydro_reservoir,2030,25,3,3,0.0
2020,hydro_reservoir,2030,25,4,4,0.0
2021,hydro_reservoir,2030,25,5,5,0.0
2022,hydro_reservoir,2030,25,6,6,0.0
2023,hydro_reservoir,2030,25,7,7,0.0
2024,hydro_reservoir,2030,25,8,8,0.0
2025,hydro_reservoir,2030,25,9,9,0.0
2026,hydro_reservoir,2030,25,10,10,0.0
2027,hydro_reservoir,2030,25,11,11,0.0
2028,hydro_reservoir,2030,25,12,12,0.0
2029,hydro_reservoir,2030,25,13,13,0.0
2030,hydro_reservoir,2030,25,14,14,0.0
2031,hydro_reservoir,2030,25,15,15,0.0
2032,hydro_reservoir,2030,25,16,16,0.0
2033,hydro_reservoir,2030,25,17,17,0.0
2034,hydro_reservoir,2030,25,18,18,0.0
2035,hydro_reservoir,2030,25,19,19,0.0
2036,hydro_reservoir,2030,25,20,20,0.0
2037,hydro_reservoir,2030,25,21,21,0.0
2038,hydro_reservoir,2030,25,22,22,0.0
2039,hydro_reservoir,2030,25,23,23,0.0
2040,hydro_reservoir,2030,25,24,24,0.0
2041,hydro_reservoir,2030,26,1,1,0.0
2042,hydro_reservoir,2030,26,2,2,0.0
2043,hydro_reservoir,2030,26,3,3,0.0
2044,hydro_reservoir,2030,26,4,4,0.0
2045,hydro_reservoir,2030,26,5,5,0.0
2046,hydro_reservoir,2030,26,6,6,0.0
2047,hydro_reservoir,2030,26,7,7,0.0
2048,hydro_reservoir,2030,26,8,8,0.0
2049,hydro_reservoir,2030,26,9,9,0.0
2050,hydro_reservoir,2030,26,10,10,0.0
2051,hydro_reservoir,2030,26,11,11,0.0
2052,hydro_reservoir,2030,26,12,12,0.0
2053,hydro_reservoir,2030,26,13,13,0.0
2054,hydro_reservoir,2030,26,14,14,0.0
2055,hydro_reservoir,2030,26,15,15,0.0
2056,hydro_reservoir,2030,26,16,16,0.0
2057,hydro_reservoir,2030,26,17,17,0.0
2058,hydro_reservoir,2030,26,18,18,0.0
2059,hydro_reservoir,2030,26,19,19,0.0
2060,hydro_reservoir,2030,26,20,20,0.0
2061,hydro_reservoir,2030,26,21,21,0.0
2062,hydro_reservoir,2030,26,22,22,0.0
2063,hydro_reservoir,2030,26,23,23,0.0
2064,hydro_reservoir,2030,26,24,24,0.0
2065,hydro_reservoir,2030,27,1,1,0.0
2066,hydro_reservoir,2030,27,2,2,0.0
2067,hydro_reservoir,2030,27,3,3,0.0
2068,hydro_reservoir,2030,27,4,4,0.0
2069,hydro_reservoir,2030,27,5,5,0.0
2070,hydro_reservoir,2030,27,6,6,0.0
2071,hydro_reservoir,2030,27,7,7,0.0
2072,hydro_reservoir,2030,27,8,8,0.0
2073,hydro_reservoir,2030,27,9,9,0.0
2074,hydro_reservoir,2030,27,10,10,0.0
2075,hydro_reservoir,2030,27,11,11,0.0
2076,hydro_reservoir,2030,27,12,12,0.0
2077,hydro_reservoir,2030,27,13,13,0.0
2078,hydro_reservoir,2030,27,14,14,0.0
2079,hydro_reservoir,2030,27,15,15,0.0
2080,hydro_reservoir,2030,27,16,16,0.0
2081,hydro_reservoir,2030,27,17,17,0.0
2082,hydro_reservoir,2030,27,18,18,0.0
2083,hydro_reservoir,2030,27,19,19,0.0
2084,hydro_reservoir,2030,27,20,20,0.0
2085,hydro_reservoir,2030,27,21,21,0.0
2086,hydro_reservoir,2030,27,22,22,0.0
2087,hydro_reservoir,2030,27,23,23,0.0
2088,hydro_reservoir,2030,27,24,24,0.0
2089,hydro_reservoir,2030,28,1,1,0.0
2090,hydro_reservoir,2030,28,2,2,0.0
2091,hydro_reservoir,2030,28,3,3,0.0
2092,hydro_reservoir,2030,28,4,4,0.0
2093,hydro_reservoir,2030,28,5,5,0.0
2094,hydro_reservoir,2030,28,6,6,0.0
2095,hydro_reservoir,2030,28,7,7,0.0
2096,hydro_reservoir,2030,28,8,8,0.0
2097,hydro_reservoir,2030,28,9,9,0.0
2098,hydro_reservoir,2030,28,10,10,0.0
2099,hydro_reservoir,2030,28,11,11,0.0
2100,hydro_reservoir,2030,28,12,12,0.0
2101,hydro_reservoir,2030,28,13,13,0.0
2102,hydro_reservoir,2030,28,14,14,0.0
2103,hydro_reservoir,2030,28,15,15,0.0
2104,hydro_reservoir,2030,28,16,16,0.0
2105,hydro_reservoir,2030,28,17,17,0.0
2106,hydro_reservoir,2030,28,18,18,0.0
2107,hydro_reservoir,2030,28,19,19,0.0
2108,hydro_reservoir,2030,28,20,20,0.0
2109,hydro_reservoir,2030,28,21,21,0.0
2110,hydro_reservoir,2030,28,22,22,0.0
2111,hydro_reservoir,2030,28,23,23,0.0
2112,hydro_reservoir,2030,28,24,24,0.0
2113,hydro_reservoir,2030,29,1,1,0.0
2114,hydro_reservoir,2030,29,2,2,0.0
2115,hydro_reservoir,2030,29,3,3,0.0
2116,hydro_reservoir,2030,29,4,4,0.0
2117,hydro_reservoir,2030,29,5,5,0.0
2118,hydro_reservoir,2030,29,6,6,0.0
2119,hydro_reservoir,2030,29,7,7,0.0
2120,hydro_reservoir,2030,29,8,8,0.0
2121,hydro_reservoir,2030,29,9,9,0.0
2122,hydro_reservoir,2030,29,10,10,0.0
2123,hydro_reservoir,2030,29,11,11,0.0
2124,hydro_reservoir,2030,29,12,12,0.0
2125,hydro_reservoir,2030,29,13,13,0.0
2126,hydro_reservoir,2030,29,14,14,0.0
2127,hydro_reservoir,2030,29,15,15,0.0
2128,hydro_reservoir,2030,29,16,16,0.0
2129,hydro_reservoir,2030,29,17,17,0.0
2130,hydro_reservoir,2030,29,18,18,0.0
2131,hydro_reservoir,2030,29,19,19,0.0
2132,hydro_reservoir,2030,29,20,20,0.0
2133,hydro_reservoir,2030,29,21,21,0.0
2134,hydro_reservoir,2030,29,22,22,0.0
2135,hydro_reservoir,2030,29,23,23,0.0
2136,hydro_reservoir,2030,29,24,24,0.0
2137,hydro_reservoir,2030,30,1,1,0.0
2138,hydro_reservoir,2030,30,2,2,0.0
2139,hydro_reservoir,2030,30,3,3,0.0
2140,hydro_reservoir,2030,30,4,4,0.0
2141,hydro_reservoir,2030,30,5,5,0.0
2142,hydro_reservoir,2030,30,6,6,0.0
2143,hydro_reservoir,2030,30,7,7,0.0
2144,hydro_reservoir,2030,30,8,8,0.0
2145,hydro_reservoir,2030,30,9,9,0.0
2146,hydro_reservoir,2030,30,10,10,0.0
2147,hydro_reservoir,2030,30,11,11,0.0
2148,hydro_reservoir,2030,30,12,12,0.0
2149,hydro_reservoir,2030,30,13,13,0.0
2150,hydro_reservoir,2030,30,14,14,0.0
2151,hydro_reservoir,2030,30,15,15,0.0
2152,hydro_reservoir,2030,30,16,16,0.0
2153,hydro_reservoir,2030,30,17,17,0.0
2154,hydro_reservoir,2030,30,18,18,0.0
2155,hydro_reservoir,2030,30,19,19,0.0
2156,hydro_reservoir,2030,30,20,20,0.0
2157,hydro_reservoir,2030,30,21,21,0.0
2158,hydro_reservoir,2030,30,22,22,0.0
2159,hydro_reservoir,2030,30,23,23,0.0
2160,hydro_reservoir,2030,30,24,24,0.0
