id,asset,milestone_year,rep_period,time_block_start,time_block_end,solution
1,h2_storage,2030,1,1,1,0.0
2,h2_storage,2030,1,2,2,0.0
3,h2_storage,2030,1,3,3,0.0
4,h2_storage,2030,1,4,4,0.0
5,h2_storage,2030,1,5,5,0.0
6,h2_storage,2030,1,6,6,0.0
7,h2_storage,2030,1,7,7,0.0
8,h2_storage,2030,1,8,8,0.0
9,h2_storage,2030,1,9,9,0.0
10,h2_storage,2030,1,10,10,0.0
11,h2_storage,2030,1,11,11,0.0
12,h2_storage,2030,1,12,12,0.0
13,h2_storage,2030,1,13,13,0.0
14,h2_storage,2030,1,14,14,0.0
15,h2_storage,2030,1,15,15,0.0
16,h2_storage,2030,1,16,16,0.0
17,h2_storage,2030,1,17,17,0.023517883390494845
18,h2_storage,2030,1,18,18,0.023517883390494845
19,h2_storage,2030,1,19,19,0.023517883390494845
20,h2_storage,2030,1,20,20,0.023517883390494845
21,h2_storage,2030,1,21,21,0.023517883390494845
22,h2_storage,2030,1,22,22,0.023517883390494845
23,h2_storage,2030,1,23,23,0.023517883390494845
24,h2_storage,2030,1,24,24,0.023517883390494845
25,h2_storage,2030,2,1,1,-0.15384615384615385
26,h2_storage,2030,2,2,2,-0.3076923076923077
27,h2_storage,2030,2,3,3,-0.46153846153846156
28,h2_storage,2030,2,4,4,-0.6153846153846154
29,h2_storage,2030,2,5,5,-0.7692307692307693
30,h2_storage,2030,2,6,6,-0.9230769230769231
31,h2_storage,2030,2,7,7,-0.9279764821166091
32,h2_storage,2030,2,8,8,-0.9279764821166091
33,h2_storage,2030,2,9,9,-0.9279764821166091
34,h2_storage,2030,2,10,10,-0.9279764821166091
35,h2_storage,2030,2,11,11,-0.9279764821166091
36,h2_storage,2030,2,12,12,-0.9279764821166091
37,h2_storage,2030,2,13,13,-0.9279764821166091
38,h2_storage,2030,2,14,14,-0.9279764821166091
39,h2_storage,2030,2,15,15,-0.9279764821166091
40,h2_storage,2030,2,16,16,-0.9279764821166091
41,h2_storage,2030,2,17,17,-0.9279764821166091
42,h2_storage,2030,2,18,18,-0.9279764821166091
43,h2_storage,2030,2,19,19,-0.9279764821166091
44,h2_storage,2030,2,20,20,-0.9279764821166091
45,h2_storage,2030,2,21,21,-0.9279764821166091
46,h2_storage,2030,2,22,22,-0.9279764821166091
47,h2_storage,2030,2,23,23,-0.9279764821166091
48,h2_storage,2030,2,24,24,-1.081822635962763
49,h2_storage,2030,3,1,1,0.0
50,h2_storage,2030,3,2,2,0.0
51,h2_storage,2030,3,3,3,0.0
52,h2_storage,2030,3,4,4,0.0
53,h2_storage,2030,3,5,5,0.0
54,h2_storage,2030,3,6,6,0.0
55,h2_storage,2030,3,7,7,0.0
56,h2_storage,2030,3,8,8,0.0
57,h2_storage,2030,3,9,9,0.0
58,h2_storage,2030,3,10,10,0.0
59,h2_storage,2030,3,11,11,0.0
60,h2_storage,2030,3,12,12,0.0
61,h2_storage,2030,3,13,13,0.0
62,h2_storage,2030,3,14,14,0.0
63,h2_storage,2030,3,15,15,0.0
64,h2_storage,2030,3,16,16,0.0
65,h2_storage,2030,3,17,17,0.0
66,h2_storage,2030,3,18,18,0.0
67,h2_storage,2030,3,19,19,0.0
68,h2_storage,2030,3,20,20,0.0
69,h2_storage,2030,3,21,21,0.0
70,h2_storage,2030,3,22,22,0.0
71,h2_storage,2030,3,23,23,0.0
72,h2_storage,2030,3,24,24,0.0
73,h2_storage,2030,4,1,1,-0.15384615384615385
74,h2_storage,2030,4,2,2,-0.3076923076923077
75,h2_storage,2030,4,3,3,-0.46153846153846156
76,h2_storage,2030,4,4,4,-0.6153846153846154
77,h2_storage,2030,4,5,5,-0.7692307692307693
78,h2_storage,2030,4,6,6,-0.9230769230769231
79,h2_storage,2030,4,7,7,-1.076923076923077
80,h2_storage,2030,4,8,8,-1.2307692307692308
81,h2_storage,2030,4,9,9,-1.3846153846153846
82,h2_storage,2030,4,10,10,-1.5384615384615383
83,h2_storage,2030,4,11,11,-1.692307692307692
84,h2_storage,2030,4,12,12,-1.8461538461538458
85,h2_storage,2030,4,13,13,-1.9999999999999996
86,h2_storage,2030,4,14,14,-2.1538461538461533
87,h2_storage,2030,4,15,15,-2.307692307692307
88,h2_storage,2030,4,16,16,-2.461538461538461
89,h2_storage,2030,4,17,17,-2.6153846153846145
90,h2_storage,2030,4,18,18,-2.7692307692307683
91,h2_storage,2030,4,19,19,-2.923076923076922
92,h2_storage,2030,4,20,20,-3.0769230769230758
93,h2_storage,2030,4,21,21,-3.2307692307692295
94,h2_storage,2030,4,22,22,-3.3846153846153832
95,h2_storage,2030,4,23,23,-3.538461538461537
96,h2_storage,2030,4,24,24,-3.6923076923076907
97,h2_storage,2030,5,1,1,0.0
98,h2_storage,2030,5,2,2,0.0
99,h2_storage,2030,5,3,3,0.0
100,h2_storage,2030,5,4,4,0.0
101,h2_storage,2030,5,5,5,0.0
102,h2_storage,2030,5,6,6,0.0
103,h2_storage,2030,5,7,7,0.0
104,h2_storage,2030,5,8,8,0.0
105,h2_storage,2030,5,9,9,0.0
106,h2_storage,2030,5,10,10,0.0
107,h2_storage,2030,5,11,11,0.0
108,h2_storage,2030,5,12,12,0.0
109,h2_storage,2030,5,13,13,0.0
110,h2_storage,2030,5,14,14,0.0
111,h2_storage,2030,5,15,15,0.0
112,h2_storage,2030,5,16,16,0.0
113,h2_storage,2030,5,17,17,0.0
114,h2_storage,2030,5,18,18,0.0
115,h2_storage,2030,5,19,19,0.0
116,h2_storage,2030,5,20,20,0.0
117,h2_storage,2030,5,21,21,0.0
118,h2_storage,2030,5,22,22,0.0
119,h2_storage,2030,5,23,23,0.0
120,h2_storage,2030,5,24,24,0.0
121,h2_storage,2030,6,1,1,-0.15384615384615385
122,h2_storage,2030,6,2,2,-0.3076923076923077
123,h2_storage,2030,6,3,3,-0.3076923076923077
124,h2_storage,2030,6,4,4,-0.3076923076923077
125,h2_storage,2030,6,5,5,-0.46153846153846156
126,h2_storage,2030,6,6,6,-0.6153846153846154
127,h2_storage,2030,6,7,7,-0.6153846153846154
128,h2_storage,2030,6,8,8,-0.6153846153846154
129,h2_storage,2030,6,9,9,-0.5739561217268224
130,h2_storage,2030,6,10,10,-0.5325276280690294
131,h2_storage,2030,6,11,11,-0.4910991344112364
132,h2_storage,2030,6,12,12,-0.44967064075344343
133,h2_storage,2030,6,13,13,-0.40824214709565043
134,h2_storage,2030,6,14,14,-0.36681365343785743
135,h2_storage,2030,6,15,15,-0.32538515978006444
136,h2_storage,2030,6,16,16,-0.28395666612227144
137,h2_storage,2030,6,17,17,-0.24252817246447841
138,h2_storage,2030,6,18,18,-0.3963743263106323
139,h2_storage,2030,6,19,19,-0.5502204801567862
140,h2_storage,2030,6,20,20,-0.5502204801567862
141,h2_storage,2030,6,21,21,-0.5502204801567862
142,h2_storage,2030,6,22,22,-0.5752082312591864
143,h2_storage,2030,6,23,23,-0.7290543851053403
144,h2_storage,2030,6,24,24,-0.7290543851053403
145,h2_storage,2030,7,1,1,-0.15384615384615385
146,h2_storage,2030,7,2,2,-0.3076923076923077
147,h2_storage,2030,7,3,3,-0.46153846153846156
148,h2_storage,2030,7,4,4,-0.6153846153846154
149,h2_storage,2030,7,5,5,-0.7692307692307693
150,h2_storage,2030,7,6,6,-0.7692307692307693
151,h2_storage,2030,7,7,7,-0.9230769230769231
152,h2_storage,2030,7,8,8,-1.076923076923077
153,h2_storage,2030,7,9,9,-1.2307692307692308
154,h2_storage,2030,7,10,10,-1.3846153846153846
155,h2_storage,2030,7,11,11,-1.5384615384615383
156,h2_storage,2030,7,12,12,-1.5384615384615383
157,h2_storage,2030,7,13,13,-1.5384615384615383
158,h2_storage,2030,7,14,14,-1.5384615384615383
159,h2_storage,2030,7,15,15,-1.692307692307692
160,h2_storage,2030,7,16,16,-1.8461538461538458
161,h2_storage,2030,7,17,17,-1.8461538461538458
162,h2_storage,2030,7,18,18,-1.8461538461538458
163,h2_storage,2030,7,19,19,-1.8461538461538458
164,h2_storage,2030,7,20,20,-1.8461538461538458
165,h2_storage,2030,7,21,21,-1.8461538461538458
166,h2_storage,2030,7,22,22,-1.8461538461538458
167,h2_storage,2030,7,23,23,-1.8461538461538458
168,h2_storage,2030,7,24,24,-1.9999999999999996
169,h2_storage,2030,8,1,1,0.0
170,h2_storage,2030,8,2,2,0.0
171,h2_storage,2030,8,3,3,0.0
172,h2_storage,2030,8,4,4,0.0
173,h2_storage,2030,8,5,5,0.0
174,h2_storage,2030,8,6,6,0.0
175,h2_storage,2030,8,7,7,0.041428493657793025
176,h2_storage,2030,8,8,8,0.08285698731558605
177,h2_storage,2030,8,9,9,0.12428548097337908
178,h2_storage,2030,8,10,10,0.1657139746311721
179,h2_storage,2030,8,11,11,0.20714246828896513
180,h2_storage,2030,8,12,12,0.24857096194675815
181,h2_storage,2030,8,13,13,0.2899994556045512
182,h2_storage,2030,8,14,14,0.3314279492623442
183,h2_storage,2030,8,15,15,0.3314279492623442
184,h2_storage,2030,8,16,16,0.3314279492623442
185,h2_storage,2030,8,17,17,0.3314279492623442
186,h2_storage,2030,8,18,18,0.3314279492623442
187,h2_storage,2030,8,19,19,0.3314279492623442
188,h2_storage,2030,8,20,20,0.3314279492623442
189,h2_storage,2030,8,21,21,0.3314279492623442
190,h2_storage,2030,8,22,22,0.3314279492623442
191,h2_storage,2030,8,23,23,0.3314279492623442
192,h2_storage,2030,8,24,24,0.3314279492623442
193,h2_storage,2030,9,1,1,-0.15384615384615385
194,h2_storage,2030,9,2,2,-0.3076923076923077
195,h2_storage,2030,9,3,3,-0.46153846153846156
196,h2_storage,2030,9,4,4,-0.6153846153846154
197,h2_storage,2030,9,5,5,-0.6153846153846154
198,h2_storage,2030,9,6,6,-0.6153846153846154
199,h2_storage,2030,9,7,7,-0.6153846153846154
200,h2_storage,2030,9,8,8,-0.7692307692307693
201,h2_storage,2030,9,9,9,-0.9230769230769231
202,h2_storage,2030,9,10,10,-0.9230769230769231
203,h2_storage,2030,9,11,11,-0.9230769230769231
204,h2_storage,2030,9,12,12,-0.9230769230769231
205,h2_storage,2030,9,13,13,-0.9230769230769231
206,h2_storage,2030,9,14,14,-0.9230769230769231
207,h2_storage,2030,9,15,15,-0.9230769230769231
208,h2_storage,2030,9,16,16,-0.9230769230769231
209,h2_storage,2030,9,17,17,-1.076923076923077
210,h2_storage,2030,9,18,18,-1.2307692307692308
211,h2_storage,2030,9,19,19,-1.3846153846153846
212,h2_storage,2030,9,20,20,-1.3846153846153846
213,h2_storage,2030,9,21,21,-1.5384615384615383
214,h2_storage,2030,9,22,22,-1.5384615384615383
215,h2_storage,2030,9,23,23,-1.692307692307692
216,h2_storage,2030,9,24,24,-1.8461538461538458
217,h2_storage,2030,10,1,1,0.0
218,h2_storage,2030,10,2,2,0.0
219,h2_storage,2030,10,3,3,0.0
220,h2_storage,2030,10,4,4,0.0
221,h2_storage,2030,10,5,5,0.0
222,h2_storage,2030,10,6,6,0.0
223,h2_storage,2030,10,7,7,0.0
224,h2_storage,2030,10,8,8,0.0
225,h2_storage,2030,10,9,9,0.0
226,h2_storage,2030,10,10,10,0.0
227,h2_storage,2030,10,11,11,0.0
228,h2_storage,2030,10,12,12,0.0
229,h2_storage,2030,10,13,13,0.0
230,h2_storage,2030,10,14,14,0.0
231,h2_storage,2030,10,15,15,0.0
232,h2_storage,2030,10,16,16,0.0
233,h2_storage,2030,10,17,17,0.0
234,h2_storage,2030,10,18,18,0.0
235,h2_storage,2030,10,19,19,0.0
236,h2_storage,2030,10,20,20,0.0
237,h2_storage,2030,10,21,21,0.0
238,h2_storage,2030,10,22,22,0.0
239,h2_storage,2030,10,23,23,0.0
240,h2_storage,2030,10,24,24,0.0
241,h2_storage,2030,11,1,1,0.0
242,h2_storage,2030,11,2,2,0.0
243,h2_storage,2030,11,3,3,0.0
244,h2_storage,2030,11,4,4,0.0
245,h2_storage,2030,11,5,5,0.0
246,h2_storage,2030,11,6,6,0.0
247,h2_storage,2030,11,7,7,0.0
248,h2_storage,2030,11,8,8,0.0
249,h2_storage,2030,11,9,9,0.0
250,h2_storage,2030,11,10,10,0.0
251,h2_storage,2030,11,11,11,0.0
252,h2_storage,2030,11,12,12,0.0
253,h2_storage,2030,11,13,13,0.0
254,h2_storage,2030,11,14,14,0.0
255,h2_storage,2030,11,15,15,0.0
256,h2_storage,2030,11,16,16,0.0
257,h2_storage,2030,11,17,17,0.0
258,h2_storage,2030,11,18,18,-0.15384615384615385
259,h2_storage,2030,11,19,19,-0.3076923076923077
260,h2_storage,2030,11,20,20,-0.3076923076923077
261,h2_storage,2030,11,21,21,-0.3076923076923077
262,h2_storage,2030,11,22,22,-0.3076923076923077
263,h2_storage,2030,11,23,23,-0.46153846153846156
264,h2_storage,2030,11,24,24,-0.46153846153846156
265,h2_storage,2030,12,1,1,0.0
266,h2_storage,2030,12,2,2,0.0
267,h2_storage,2030,12,3,3,0.0
268,h2_storage,2030,12,4,4,0.0
269,h2_storage,2030,12,5,5,0.0
270,h2_storage,2030,12,6,6,0.0
271,h2_storage,2030,12,7,7,0.0
272,h2_storage,2030,12,8,8,0.0
273,h2_storage,2030,12,9,9,0.0
274,h2_storage,2030,12,10,10,0.0
275,h2_storage,2030,12,11,11,0.0
276,h2_storage,2030,12,12,12,0.0
277,h2_storage,2030,12,13,13,0.0
278,h2_storage,2030,12,14,14,0.0
279,h2_storage,2030,12,15,15,0.0
280,h2_storage,2030,12,16,16,0.0
281,h2_storage,2030,12,17,17,0.0
282,h2_storage,2030,12,18,18,0.0
283,h2_storage,2030,12,19,19,0.0
284,h2_storage,2030,12,20,20,0.0
285,h2_storage,2030,12,21,21,0.0
286,h2_storage,2030,12,22,22,0.0
287,h2_storage,2030,12,23,23,0.0
288,h2_storage,2030,12,24,24,0.0
289,h2_storage,2030,13,1,1,0.0
290,h2_storage,2030,13,2,2,0.0
291,h2_storage,2030,13,3,3,0.0
292,h2_storage,2030,13,4,4,0.0
293,h2_storage,2030,13,5,5,0.0
294,h2_storage,2030,13,6,6,-0.15384615384615385
295,h2_storage,2030,13,7,7,-0.3076923076923077
296,h2_storage,2030,13,8,8,-0.46153846153846156
297,h2_storage,2030,13,9,9,-0.6153846153846154
298,h2_storage,2030,13,10,10,-0.7618814306712489
299,h2_storage,2030,13,11,11,-0.9157275845174028
300,h2_storage,2030,13,12,12,-1.0695737383635566
301,h2_storage,2030,13,13,13,-1.2234198922097104
302,h2_storage,2030,13,14,14,-1.2234198922097104
303,h2_storage,2030,13,15,15,-1.2234198922097104
304,h2_storage,2030,13,16,16,-1.3772660460558641
305,h2_storage,2030,13,17,17,-1.3772660460558641
306,h2_storage,2030,13,18,18,-1.5311121999020179
307,h2_storage,2030,13,19,19,-1.5311121999020179
308,h2_storage,2030,13,20,20,-1.6849583537481716
309,h2_storage,2030,13,21,21,-1.8388045075943253
310,h2_storage,2030,13,22,22,-1.8388045075943253
311,h2_storage,2030,13,23,23,-1.8388045075943253
312,h2_storage,2030,13,24,24,-1.8388045075943253
313,h2_storage,2030,14,1,1,0.0
314,h2_storage,2030,14,2,2,0.0
315,h2_storage,2030,14,3,3,0.0
316,h2_storage,2030,14,4,4,0.0
317,h2_storage,2030,14,5,5,0.0
318,h2_storage,2030,14,6,6,0.0
319,h2_storage,2030,14,7,7,0.0
320,h2_storage,2030,14,8,8,0.041428493657793025
321,h2_storage,2030,14,9,9,0.08285698731558605
322,h2_storage,2030,14,10,10,0.12428548097337908
323,h2_storage,2030,14,11,11,0.1657139746311721
324,h2_storage,2030,14,12,12,0.20714246828896513
325,h2_storage,2030,14,13,13,0.24857096194675815
326,h2_storage,2030,14,14,14,0.2899994556045512
327,h2_storage,2030,14,15,15,0.3314279492623442
328,h2_storage,2030,14,16,16,0.3728564429201372
329,h2_storage,2030,14,17,17,0.4142849365779302
330,h2_storage,2030,14,18,18,0.4557134302357232
331,h2_storage,2030,14,19,19,0.4557134302357232
332,h2_storage,2030,14,20,20,0.4557134302357232
333,h2_storage,2030,14,21,21,0.4557134302357232
334,h2_storage,2030,14,22,22,0.4557134302357232
335,h2_storage,2030,14,23,23,0.4557134302357232
336,h2_storage,2030,14,24,24,0.4557134302357232
337,h2_storage,2030,15,1,1,0.0
338,h2_storage,2030,15,2,2,0.0
339,h2_storage,2030,15,3,3,0.0
340,h2_storage,2030,15,4,4,0.0
341,h2_storage,2030,15,5,5,0.0
342,h2_storage,2030,15,6,6,0.0
343,h2_storage,2030,15,7,7,0.0
344,h2_storage,2030,15,8,8,0.0
345,h2_storage,2030,15,9,9,0.0
346,h2_storage,2030,15,10,10,0.0
347,h2_storage,2030,15,11,11,0.0
348,h2_storage,2030,15,12,12,0.0
349,h2_storage,2030,15,13,13,0.0
350,h2_storage,2030,15,14,14,0.0
351,h2_storage,2030,15,15,15,0.0
352,h2_storage,2030,15,16,16,0.0
353,h2_storage,2030,15,17,17,0.0
354,h2_storage,2030,15,18,18,0.0
355,h2_storage,2030,15,19,19,0.0
356,h2_storage,2030,15,20,20,0.0
357,h2_storage,2030,15,21,21,0.0
358,h2_storage,2030,15,22,22,0.0
359,h2_storage,2030,15,23,23,0.0
360,h2_storage,2030,15,24,24,0.0
361,h2_storage,2030,16,1,1,0.0
362,h2_storage,2030,16,2,2,0.0
363,h2_storage,2030,16,3,3,0.0
364,h2_storage,2030,16,4,4,0.0
365,h2_storage,2030,16,5,5,0.0
366,h2_storage,2030,16,6,6,0.0
367,h2_storage,2030,16,7,7,0.0
368,h2_storage,2030,16,8,8,0.0
369,h2_storage,2030,16,9,9,0.0
370,h2_storage,2030,16,10,10,0.041428493657793025
371,h2_storage,2030,16,11,11,0.08285698731558605
372,h2_storage,2030,16,12,12,0.12428548097337908
373,h2_storage,2030,16,13,13,0.1657139746311721
374,h2_storage,2030,16,14,14,0.20714246828896513
375,h2_storage,2030,16,15,15,0.24857096194675815
376,h2_storage,2030,16,16,16,0.2899994556045512
377,h2_storage,2030,16,17,17,0.3314279492623442
378,h2_storage,2030,16,18,18,0.3314279492623442
379,h2_storage,2030,16,19,19,0.3314279492623442
380,h2_storage,2030,16,20,20,0.3314279492623442
381,h2_storage,2030,16,21,21,0.3314279492623442
382,h2_storage,2030,16,22,22,0.3314279492623442
383,h2_storage,2030,16,23,23,0.3314279492623442
384,h2_storage,2030,16,24,24,0.3314279492623442
385,h2_storage,2030,17,1,1,0.0
386,h2_storage,2030,17,2,2,-0.15384615384615385
387,h2_storage,2030,17,3,3,-0.15384615384615385
388,h2_storage,2030,17,4,4,-0.15384615384615385
389,h2_storage,2030,17,5,5,-0.15384615384615385
390,h2_storage,2030,17,6,6,-0.15384615384615385
391,h2_storage,2030,17,7,7,-0.15384615384615385
392,h2_storage,2030,17,8,8,-0.15384615384615385
393,h2_storage,2030,17,9,9,-0.15384615384615385
394,h2_storage,2030,17,10,10,-0.15384615384615385
395,h2_storage,2030,17,11,11,-0.15384615384615385
396,h2_storage,2030,17,12,12,-0.15384615384615385
397,h2_storage,2030,17,13,13,-0.15384615384615385
398,h2_storage,2030,17,14,14,-0.15384615384615385
399,h2_storage,2030,17,15,15,-0.15384615384615385
400,h2_storage,2030,17,16,16,-0.15384615384615385
401,h2_storage,2030,17,17,17,-0.3076923076923077
402,h2_storage,2030,17,18,18,-0.46153846153846156
403,h2_storage,2030,17,19,19,-0.6153846153846154
404,h2_storage,2030,17,20,20,-0.7692307692307693
405,h2_storage,2030,17,21,21,-0.7692307692307693
406,h2_storage,2030,17,22,22,-0.7692307692307693
407,h2_storage,2030,17,23,23,-0.9230769230769231
408,h2_storage,2030,17,24,24,-0.9230769230769231
409,h2_storage,2030,18,1,1,0.0
410,h2_storage,2030,18,2,2,0.0
411,h2_storage,2030,18,3,3,0.0
412,h2_storage,2030,18,4,4,0.0
413,h2_storage,2030,18,5,5,0.0
414,h2_storage,2030,18,6,6,0.0
415,h2_storage,2030,18,7,7,0.0
416,h2_storage,2030,18,8,8,0.0
417,h2_storage,2030,18,9,9,0.0
418,h2_storage,2030,18,10,10,0.0
419,h2_storage,2030,18,11,11,0.0
420,h2_storage,2030,18,12,12,0.0
421,h2_storage,2030,18,13,13,0.0
422,h2_storage,2030,18,14,14,0.0
423,h2_storage,2030,18,15,15,0.0
424,h2_storage,2030,18,16,16,0.0
425,h2_storage,2030,18,17,17,0.0
426,h2_storage,2030,18,18,18,0.0
427,h2_storage,2030,18,19,19,0.0
428,h2_storage,2030,18,20,20,0.0
429,h2_storage,2030,18,21,21,0.0
430,h2_storage,2030,18,22,22,0.0
431,h2_storage,2030,18,23,23,0.0
432,h2_storage,2030,18,24,24,0.0
433,h2_storage,2030,19,1,1,0.0
434,h2_storage,2030,19,2,2,0.0
435,h2_storage,2030,19,3,3,0.0
436,h2_storage,2030,19,4,4,0.0
437,h2_storage,2030,19,5,5,0.0
438,h2_storage,2030,19,6,6,0.0
439,h2_storage,2030,19,7,7,0.0
440,h2_storage,2030,19,8,8,0.0
441,h2_storage,2030,19,9,9,0.0
442,h2_storage,2030,19,10,10,0.0
443,h2_storage,2030,19,11,11,0.0
444,h2_storage,2030,19,12,12,0.0
445,h2_storage,2030,19,13,13,0.0
446,h2_storage,2030,19,14,14,0.0
447,h2_storage,2030,19,15,15,0.0
448,h2_storage,2030,19,16,16,0.0
449,h2_storage,2030,19,17,17,0.0
450,h2_storage,2030,19,18,18,0.0
451,h2_storage,2030,19,19,19,-0.04115629593336573
452,h2_storage,2030,19,20,20,-0.04115629593336573
453,h2_storage,2030,19,21,21,-0.19500244977951958
454,h2_storage,2030,19,22,22,-0.19500244977951958
455,h2_storage,2030,19,23,23,-0.19500244977951958
456,h2_storage,2030,19,24,24,-0.19500244977951958
457,h2_storage,2030,20,1,1,0.0
458,h2_storage,2030,20,2,2,0.0
459,h2_storage,2030,20,3,3,0.0
460,h2_storage,2030,20,4,4,0.0
461,h2_storage,2030,20,5,5,0.0
462,h2_storage,2030,20,6,6,0.0
463,h2_storage,2030,20,7,7,-0.15384615384615385
464,h2_storage,2030,20,8,8,-0.15384615384615385
465,h2_storage,2030,20,9,9,-0.3076923076923077
466,h2_storage,2030,20,10,10,-0.3076923076923077
467,h2_storage,2030,20,11,11,-0.3076923076923077
468,h2_storage,2030,20,12,12,-0.3076923076923077
469,h2_storage,2030,20,13,13,-0.3076923076923077
470,h2_storage,2030,20,14,14,-0.3076923076923077
471,h2_storage,2030,20,15,15,-0.3076923076923077
472,h2_storage,2030,20,16,16,-0.3076923076923077
473,h2_storage,2030,20,17,17,-0.3076923076923077
474,h2_storage,2030,20,18,18,-0.3076923076923077
475,h2_storage,2030,20,19,19,-0.3076923076923077
476,h2_storage,2030,20,20,20,-0.37726604605585123
477,h2_storage,2030,20,21,21,-0.37726604605585123
478,h2_storage,2030,20,22,22,-0.37726604605585123
479,h2_storage,2030,20,23,23,-0.37726604605585123
480,h2_storage,2030,20,24,24,-0.37726604605585123
481,h2_storage,2030,21,1,1,0.0
482,h2_storage,2030,21,2,2,0.0
483,h2_storage,2030,21,3,3,0.0
484,h2_storage,2030,21,4,4,0.0
485,h2_storage,2030,21,5,5,0.0
486,h2_storage,2030,21,6,6,0.0
487,h2_storage,2030,21,7,7,0.0
488,h2_storage,2030,21,8,8,-0.1518863302302791
489,h2_storage,2030,21,9,9,-0.1518863302302791
490,h2_storage,2030,21,10,10,-0.1518863302302791
491,h2_storage,2030,21,11,11,-0.1518863302302791
492,h2_storage,2030,21,12,12,-0.1518863302302791
493,h2_storage,2030,21,13,13,-0.1518863302302791
494,h2_storage,2030,21,14,14,-0.1518863302302791
495,h2_storage,2030,21,15,15,-0.1518863302302791
496,h2_storage,2030,21,16,16,-0.1518863302302791
497,h2_storage,2030,21,17,17,-0.1518863302302791
498,h2_storage,2030,21,18,18,-0.1518863302302791
499,h2_storage,2030,21,19,19,-0.1518863302302791
500,h2_storage,2030,21,20,20,-0.1518863302302791
501,h2_storage,2030,21,21,21,-0.1518863302302791
502,h2_storage,2030,21,22,22,-0.1518863302302791
503,h2_storage,2030,21,23,23,-0.30573248407643294
504,h2_storage,2030,21,24,24,-0.30573248407643294
505,h2_storage,2030,22,1,1,0.0
506,h2_storage,2030,22,2,2,0.0
507,h2_storage,2030,22,3,3,0.0
508,h2_storage,2030,22,4,4,0.0
509,h2_storage,2030,22,5,5,0.0
510,h2_storage,2030,22,6,6,0.0
511,h2_storage,2030,22,7,7,0.0
512,h2_storage,2030,22,8,8,0.0
513,h2_storage,2030,22,9,9,0.0
514,h2_storage,2030,22,10,10,0.0
515,h2_storage,2030,22,11,11,0.0
516,h2_storage,2030,22,12,12,0.0
517,h2_storage,2030,22,13,13,0.0
518,h2_storage,2030,22,14,14,0.0
519,h2_storage,2030,22,15,15,0.0
520,h2_storage,2030,22,16,16,0.0
521,h2_storage,2030,22,17,17,0.0
522,h2_storage,2030,22,18,18,0.0
523,h2_storage,2030,22,19,19,-0.15384615384615385
524,h2_storage,2030,22,20,20,-0.2006641624476032
525,h2_storage,2030,22,21,21,-0.35451031629375707
526,h2_storage,2030,22,22,22,-0.5083564701399109
527,h2_storage,2030,22,23,23,-0.6622026239860648
528,h2_storage,2030,22,24,24,-0.6622026239860648
529,h2_storage,2030,23,1,1,0.0
530,h2_storage,2030,23,2,2,0.0
531,h2_storage,2030,23,3,3,0.0
532,h2_storage,2030,23,4,4,0.0
533,h2_storage,2030,23,5,5,0.0
534,h2_storage,2030,23,6,6,-0.09211170994610451
535,h2_storage,2030,23,7,7,-0.24595786379225837
536,h2_storage,2030,23,8,8,-0.24595786379225837
537,h2_storage,2030,23,9,9,-0.24595786379225837
538,h2_storage,2030,23,10,10,-0.24595786379225837
539,h2_storage,2030,23,11,11,-0.24595786379225837
540,h2_storage,2030,23,12,12,-0.24595786379225837
541,h2_storage,2030,23,13,13,-0.24595786379225837
542,h2_storage,2030,23,14,14,-0.24595786379225837
543,h2_storage,2030,23,15,15,-0.24595786379225837
544,h2_storage,2030,23,16,16,-0.24595786379225837
545,h2_storage,2030,23,17,17,-0.24595786379225837
546,h2_storage,2030,23,18,18,-0.24595786379225837
547,h2_storage,2030,23,19,19,-0.24595786379225837
548,h2_storage,2030,23,20,20,-0.24595786379225837
549,h2_storage,2030,23,21,21,-0.24595786379225837
550,h2_storage,2030,23,22,22,-0.24595786379225837
551,h2_storage,2030,23,23,23,-0.24595786379225837
552,h2_storage,2030,23,24,24,-0.3998040176384122
553,h2_storage,2030,24,1,1,0.0
554,h2_storage,2030,24,2,2,-0.15384615384615385
555,h2_storage,2030,24,3,3,-0.3076923076923077
556,h2_storage,2030,24,4,4,-0.46153846153846156
557,h2_storage,2030,24,5,5,-0.6153846153846154
558,h2_storage,2030,24,6,6,-0.7692307692307693
559,h2_storage,2030,24,7,7,-0.9230769230769231
560,h2_storage,2030,24,8,8,-1.076923076923077
561,h2_storage,2030,24,9,9,-1.076923076923077
562,h2_storage,2030,24,10,10,-1.076923076923077
563,h2_storage,2030,24,11,11,-1.076923076923077
564,h2_storage,2030,24,12,12,-1.2307692307692308
565,h2_storage,2030,24,13,13,-1.2307692307692308
566,h2_storage,2030,24,14,14,-1.3846153846153846
567,h2_storage,2030,24,15,15,-1.3846153846153846
568,h2_storage,2030,24,16,16,-1.3846153846153846
569,h2_storage,2030,24,17,17,-1.5384615384615383
570,h2_storage,2030,24,18,18,-1.5384615384615383
571,h2_storage,2030,24,19,19,-1.5384615384615383
572,h2_storage,2030,24,20,20,-1.692307692307692
573,h2_storage,2030,24,21,21,-1.692307692307692
574,h2_storage,2030,24,22,22,-1.692307692307692
575,h2_storage,2030,24,23,23,-1.692307692307692
576,h2_storage,2030,24,24,24,-1.692307692307692
577,h2_storage,2030,25,1,1,0.0
578,h2_storage,2030,25,2,2,0.0
579,h2_storage,2030,25,3,3,0.0
580,h2_storage,2030,25,4,4,0.0
581,h2_storage,2030,25,5,5,0.0
582,h2_storage,2030,25,6,6,0.0
583,h2_storage,2030,25,7,7,0.0
584,h2_storage,2030,25,8,8,0.0
585,h2_storage,2030,25,9,9,0.0
586,h2_storage,2030,25,10,10,0.0
587,h2_storage,2030,25,11,11,0.0
588,h2_storage,2030,25,12,12,0.0
589,h2_storage,2030,25,13,13,0.0
590,h2_storage,2030,25,14,14,0.0
591,h2_storage,2030,25,15,15,0.0
592,h2_storage,2030,25,16,16,0.0
593,h2_storage,2030,25,17,17,0.0
594,h2_storage,2030,25,18,18,0.0
595,h2_storage,2030,25,19,19,-0.15384615384615385
596,h2_storage,2030,25,20,20,-0.3076923076923077
597,h2_storage,2030,25,21,21,-0.46153846153846156
598,h2_storage,2030,25,22,22,-0.6153846153846154
599,h2_storage,2030,25,23,23,-0.7692307692307693
600,h2_storage,2030,25,24,24,-0.7692307692307693
601,h2_storage,2030,26,1,1,0.0
602,h2_storage,2030,26,2,2,0.0
603,h2_storage,2030,26,3,3,0.0
604,h2_storage,2030,26,4,4,0.0
605,h2_storage,2030,26,5,5,0.0
606,h2_storage,2030,26,6,6,0.0
607,h2_storage,2030,26,7,7,0.0
608,h2_storage,2030,26,8,8,0.0
609,h2_storage,2030,26,9,9,0.0
610,h2_storage,2030,26,10,10,0.0
611,h2_storage,2030,26,11,11,0.0
612,h2_storage,2030,26,12,12,0.0
613,h2_storage,2030,26,13,13,0.0
614,h2_storage,2030,26,14,14,0.0
615,h2_storage,2030,26,15,15,0.0
616,h2_storage,2030,26,16,16,0.0
617,h2_storage,2030,26,17,17,0.0
618,h2_storage,2030,26,18,18,0.0
619,h2_storage,2030,26,19,19,0.0
620,h2_storage,2030,26,20,20,0.0
621,h2_storage,2030,26,21,21,0.0
622,h2_storage,2030,26,22,22,0.0
623,h2_storage,2030,26,23,23,0.0
624,h2_storage,2030,26,24,24,0.0
625,h2_storage,2030,27,1,1,-0.15384615384615385
626,h2_storage,2030,27,2,2,-0.11241766018836083
627,h2_storage,2030,27,3,3,-0.07098916653056779
628,h2_storage,2030,27,4,4,-0.029560672872774748
629,h2_storage,2030,27,5,5,0.011867820785018503
630,h2_storage,2030,27,6,6,0.053296314442811424
631,h2_storage,2030,27,7,7,0.09472480810060445
632,h2_storage,2030,27,8,8,0.13615330175839743
633,h2_storage,2030,27,9,9,0.17758179541619043
634,h2_storage,2030,27,10,10,0.21901028907398343
635,h2_storage,2030,27,11,11,0.2604387827317764
636,h2_storage,2030,27,12,12,0.3018672763895695
637,h2_storage,2030,27,13,13,0.3432957700473626
638,h2_storage,2030,27,14,14,0.38472426370515567
639,h2_storage,2030,27,15,15,0.42615275736294866
640,h2_storage,2030,27,16,16,0.4675812510207415
641,h2_storage,2030,27,17,17,0.31373509717458764
642,h2_storage,2030,27,18,18,0.15988894332843379
643,h2_storage,2030,27,19,19,0.006042789482279931
644,h2_storage,2030,27,20,20,-0.14780336436387392
645,h2_storage,2030,27,21,21,-0.14780336436387392
646,h2_storage,2030,27,22,22,-0.1063748707060809
647,h2_storage,2030,27,23,23,-0.06494637704828787
648,h2_storage,2030,27,24,24,-0.023517883390494848
649,h2_storage,2030,28,1,1,0.0
650,h2_storage,2030,28,2,2,0.0
651,h2_storage,2030,28,3,3,0.0
652,h2_storage,2030,28,4,4,0.0
653,h2_storage,2030,28,5,5,0.0
654,h2_storage,2030,28,6,6,0.0
655,h2_storage,2030,28,7,7,0.0
656,h2_storage,2030,28,8,8,0.0
657,h2_storage,2030,28,9,9,0.0
658,h2_storage,2030,28,10,10,0.0
659,h2_storage,2030,28,11,11,0.0
660,h2_storage,2030,28,12,12,0.0
661,h2_storage,2030,28,13,13,0.0
662,h2_storage,2030,28,14,14,0.0
663,h2_storage,2030,28,15,15,0.0
664,h2_storage,2030,28,16,16,0.0
665,h2_storage,2030,28,17,17,0.0
666,h2_storage,2030,28,18,18,0.0
667,h2_storage,2030,28,19,19,0.0
668,h2_storage,2030,28,20,20,0.0
669,h2_storage,2030,28,21,21,0.0
670,h2_storage,2030,28,22,22,0.0
671,h2_storage,2030,28,23,23,0.0
672,h2_storage,2030,28,24,24,0.0
673,h2_storage,2030,29,1,1,0.0
674,h2_storage,2030,29,2,2,0.0
675,h2_storage,2030,29,3,3,0.0
676,h2_storage,2030,29,4,4,0.0
677,h2_storage,2030,29,5,5,0.0
678,h2_storage,2030,29,6,6,0.0
679,h2_storage,2030,29,7,7,0.0
680,h2_storage,2030,29,8,8,0.0
681,h2_storage,2030,29,9,9,0.041428493657793025
682,h2_storage,2030,29,10,10,0.08285698731558605
683,h2_storage,2030,29,11,11,0.12428548097337908
684,h2_storage,2030,29,12,12,0.1657139746311721
685,h2_storage,2030,29,13,13,0.20714246828896513
686,h2_storage,2030,29,14,14,0.24857096194675815
687,h2_storage,2030,29,15,15,0.2899994556045512
688,h2_storage,2030,29,16,16,0.3314279492623442
689,h2_storage,2030,29,17,17,0.3728564429201372
690,h2_storage,2030,29,18,18,0.4142849365779302
691,h2_storage,2030,29,19,19,0.4142849365779302
692,h2_storage,2030,29,20,20,0.4142849365779302
693,h2_storage,2030,29,21,21,0.26043878273177634
694,h2_storage,2030,29,22,22,0.10659262888562249
695,h2_storage,2030,29,23,23,0.10659262888562249
696,h2_storage,2030,29,24,24,0.10659262888562249
697,h2_storage,2030,30,1,1,-0.15384615384615385
698,h2_storage,2030,30,2,2,-0.3076923076923077
699,h2_storage,2030,30,3,3,-0.46153846153846156
700,h2_storage,2030,30,4,4,-0.6153846153846154
701,h2_storage,2030,30,5,5,-0.7692307692307693
702,h2_storage,2030,30,6,6,-0.9230769230769231
703,h2_storage,2030,30,7,7,-0.9230769230769231
704,h2_storage,2030,30,8,8,-1.076923076923077
705,h2_storage,2030,30,9,9,-1.076923076923077
706,h2_storage,2030,30,10,10,-1.076923076923077
707,h2_storage,2030,30,11,11,-1.076923076923077
708,h2_storage,2030,30,12,12,-1.076923076923077
709,h2_storage,2030,30,13,13,-1.076923076923077
710,h2_storage,2030,30,14,14,-1.076923076923077
711,h2_storage,2030,30,15,15,-1.076923076923077
712,h2_storage,2030,30,16,16,-1.076923076923077
713,h2_storage,2030,30,17,17,-1.076923076923077
714,h2_storage,2030,30,18,18,-1.076923076923077
715,h2_storage,2030,30,19,19,-1.076923076923077
716,h2_storage,2030,30,20,20,-1.076923076923077
717,h2_storage,2030,30,21,21,-1.2307692307692308
718,h2_storage,2030,30,22,22,-1.2307692307692308
719,h2_storage,2030,30,23,23,-1.2307692307692308
720,h2_storage,2030,30,24,24,-1.2307692307692308
721,hydro_reservoir,2030,1,1,1,25.6
722,hydro_reservoir,2030,1,2,2,51.2
723,hydro_reservoir,2030,1,3,3,76.80000000000001
724,hydro_reservoir,2030,1,4,4,102.4
725,hydro_reservoir,2030,1,5,5,128.0
726,hydro_reservoir,2030,1,6,6,153.6
727,hydro_reservoir,2030,1,7,7,179.2
728,hydro_reservoir,2030,1,8,8,204.79999999999998
729,hydro_reservoir,2030,1,9,9,230.39999999999998
730,hydro_reservoir,2030,1,10,10,255.99999999999997
731,hydro_reservoir,2030,1,11,11,281.59999999999997
732,hydro_reservoir,2030,1,12,12,307.2
733,hydro_reservoir,2030,1,13,13,-280.66666666666663
734,hydro_reservoir,2030,1,14,14,-255.06666666666663
735,hydro_reservoir,2030,1,15,15,-229.46666666666664
736,hydro_reservoir,2030,1,16,16,-203.86666666666665
737,hydro_reservoir,2030,1,17,17,-178.26666666666665
738,hydro_reservoir,2030,1,18,18,-152.66666666666666
739,hydro_reservoir,2030,1,19,19,-127.06666666666666
740,hydro_reservoir,2030,1,20,20,-101.46666666666667
741,hydro_reservoir,2030,1,21,21,-75.86666666666667
742,hydro_reservoir,2030,1,22,22,-50.266666666666666
743,hydro_reservoir,2030,1,23,23,-24.666666666666668
744,hydro_reservoir,2030,1,24,24,0.9333333333333332
745,hydro_reservoir,2030,2,1,1,30.7
746,hydro_reservoir,2030,2,2,2,-628.733333333334
747,hydro_reservoir,2030,2,3,3,-598.033333333334
748,hydro_reservoir,2030,2,4,4,-567.3333333333339
749,hydro_reservoir,2030,2,5,5,-536.6333333333339
750,hydro_reservoir,2030,2,6,6,-505.93333333333385
751,hydro_reservoir,2030,2,7,7,-475.23333333333386
752,hydro_reservoir,2030,2,8,8,-444.53333333333387
753,hydro_reservoir,2030,2,9,9,-413.8333333333339
754,hydro_reservoir,2030,2,10,10,-383.1333333333339
755,hydro_reservoir,2030,2,11,11,-352.4333333333339
756,hydro_reservoir,2030,2,12,12,-321.7333333333339
757,hydro_reservoir,2030,2,13,13,-291.0333333333339
758,hydro_reservoir,2030,2,14,14,-260.33333333333394
759,hydro_reservoir,2030,2,15,15,-229.63333333333392
760,hydro_reservoir,2030,2,16,16,-198.93333333333393
761,hydro_reservoir,2030,2,17,17,-168.23333333333395
762,hydro_reservoir,2030,2,18,18,-137.53333333333396
763,hydro_reservoir,2030,2,19,19,-106.83333333333397
764,hydro_reservoir,2030,2,20,20,-76.13333333333397
765,hydro_reservoir,2030,2,21,21,-45.43333333333396
766,hydro_reservoir,2030,2,22,22,-14.733333333333967
767,hydro_reservoir,2030,2,23,23,15.966666666666033
768,hydro_reservoir,2030,2,24,24,46.66666666666603
769,hydro_reservoir,2030,3,1,1,22.3
770,hydro_reservoir,2030,3,2,2,44.6
771,hydro_reservoir,2030,3,3,3,66.9
772,hydro_reservoir,2030,3,4,4,89.2
773,hydro_reservoir,2030,3,5,5,111.5
774,hydro_reservoir,2030,3,6,6,133.8
775,hydro_reservoir,2030,3,7,7,156.10000000000002
776,hydro_reservoir,2030,3,8,8,178.40000000000003
777,hydro_reservoir,2030,3,9,9,200.70000000000005
778,hydro_reservoir,2030,3,10,10,223.00000000000006
779,hydro_reservoir,2030,3,11,11,245.30000000000007
780,hydro_reservoir,2030,3,12,12,-146.266666666667
781,hydro_reservoir,2030,3,13,13,-123.96666666666698
782,hydro_reservoir,2030,3,14,14,-101.66666666666698
783,hydro_reservoir,2030,3,15,15,-79.36666666666699
784,hydro_reservoir,2030,3,16,16,-57.06666666666699
785,hydro_reservoir,2030,3,17,17,-34.76666666666699
786,hydro_reservoir,2030,3,18,18,-12.466666666666988
787,hydro_reservoir,2030,3,19,19,9.833333333333012
788,hydro_reservoir,2030,3,20,20,32.13333333333301
789,hydro_reservoir,2030,3,21,21,54.43333333333301
790,hydro_reservoir,2030,3,22,22,76.73333333333301
791,hydro_reservoir,2030,3,23,23,99.033333333333
792,hydro_reservoir,2030,3,24,24,121.333333333333
793,hydro_reservoir,2030,4,1,1,24.3
794,hydro_reservoir,2030,4,2,2,48.6
795,hydro_reservoir,2030,4,3,3,72.9
796,hydro_reservoir,2030,4,4,4,97.2
797,hydro_reservoir,2030,4,5,5,121.5
798,hydro_reservoir,2030,4,6,6,145.8
799,hydro_reservoir,2030,4,7,7,170.10000000000002
800,hydro_reservoir,2030,4,8,8,194.40000000000003
801,hydro_reservoir,2030,4,9,9,218.70000000000005
802,hydro_reservoir,2030,4,10,10,243.00000000000006
803,hydro_reservoir,2030,4,11,11,267.30000000000007
804,hydro_reservoir,2030,4,12,12,291.6000000000001
805,hydro_reservoir,2030,4,13,13,315.9000000000001
806,hydro_reservoir,2030,4,14,14,340.2000000000001
807,hydro_reservoir,2030,4,15,15,364.5000000000001
808,hydro_reservoir,2030,4,16,16,388.8000000000001
809,hydro_reservoir,2030,4,17,17,413.10000000000014
810,hydro_reservoir,2030,4,18,18,437.40000000000015
811,hydro_reservoir,2030,4,19,19,461.70000000000016
812,hydro_reservoir,2030,4,20,20,486.00000000000017
813,hydro_reservoir,2030,4,21,21,510.3000000000002
814,hydro_reservoir,2030,4,22,22,534.6000000000001
815,hydro_reservoir,2030,4,23,23,558.9000000000001
816,hydro_reservoir,2030,4,24,24,-25.200000000000898
817,hydro_reservoir,2030,5,1,1,22.7
818,hydro_reservoir,2030,5,2,2,45.4
819,hydro_reservoir,2030,5,3,3,68.1
820,hydro_reservoir,2030,5,4,4,90.8
821,hydro_reservoir,2030,5,5,5,113.5
822,hydro_reservoir,2030,5,6,6,136.2
823,hydro_reservoir,2030,5,7,7,158.89999999999998
824,hydro_reservoir,2030,5,8,8,181.59999999999997
825,hydro_reservoir,2030,5,9,9,204.29999999999995
826,hydro_reservoir,2030,5,10,10,226.99999999999994
827,hydro_reservoir,2030,5,11,11,249.69999999999993
828,hydro_reservoir,2030,5,12,12,272.3999999999999
829,hydro_reservoir,2030,5,13,13,-257.16666666666663
830,hydro_reservoir,2030,5,14,14,-234.4666666666666
831,hydro_reservoir,2030,5,15,15,-211.76666666666662
832,hydro_reservoir,2030,5,16,16,-189.06666666666663
833,hydro_reservoir,2030,5,17,17,-166.36666666666665
834,hydro_reservoir,2030,5,18,18,-143.66666666666666
835,hydro_reservoir,2030,5,19,19,-120.96666666666667
836,hydro_reservoir,2030,5,20,20,-98.26666666666667
837,hydro_reservoir,2030,5,21,21,-75.56666666666666
838,hydro_reservoir,2030,5,22,22,-52.86666666666666
839,hydro_reservoir,2030,5,23,23,-30.166666666666664
840,hydro_reservoir,2030,5,24,24,-7.466666666666667
841,hydro_reservoir,2030,6,1,1,18.599999999999998
842,hydro_reservoir,2030,6,2,2,37.199999999999996
843,hydro_reservoir,2030,6,3,3,55.8
844,hydro_reservoir,2030,6,4,4,74.39999999999999
845,hydro_reservoir,2030,6,5,5,92.99999999999999
846,hydro_reservoir,2030,6,6,6,111.59999999999998
847,hydro_reservoir,2030,6,7,7,130.2
848,hydro_reservoir,2030,6,8,8,148.79999999999998
849,hydro_reservoir,2030,6,9,9,167.39999999999998
850,hydro_reservoir,2030,6,10,10,185.99999999999997
851,hydro_reservoir,2030,6,11,11,204.59999999999997
852,hydro_reservoir,2030,6,12,12,223.19999999999996
853,hydro_reservoir,2030,6,13,13,241.79999999999995
854,hydro_reservoir,2030,6,14,14,260.4
855,hydro_reservoir,2030,6,15,15,279.0
856,hydro_reservoir,2030,6,16,16,297.6
857,hydro_reservoir,2030,6,17,17,316.20000000000005
858,hydro_reservoir,2030,6,18,18,334.80000000000007
859,hydro_reservoir,2030,6,19,19,353.4000000000001
860,hydro_reservoir,2030,6,20,20,372.0000000000001
861,hydro_reservoir,2030,6,21,21,390.60000000000014
862,hydro_reservoir,2030,6,22,22,409.20000000000016
863,hydro_reservoir,2030,6,23,23,427.8000000000002
864,hydro_reservoir,2030,6,24,24,-50.400000000000205
865,hydro_reservoir,2030,7,1,1,25.9
866,hydro_reservoir,2030,7,2,2,51.8
867,hydro_reservoir,2030,7,3,3,77.69999999999999
868,hydro_reservoir,2030,7,4,4,103.6
869,hydro_reservoir,2030,7,5,5,129.5
870,hydro_reservoir,2030,7,6,6,155.4
871,hydro_reservoir,2030,7,7,7,181.3
872,hydro_reservoir,2030,7,8,8,207.20000000000002
873,hydro_reservoir,2030,7,9,9,233.10000000000002
874,hydro_reservoir,2030,7,10,10,259.0
875,hydro_reservoir,2030,7,11,11,284.9
876,hydro_reservoir,2030,7,12,12,310.79999999999995
877,hydro_reservoir,2030,7,13,13,336.69999999999993
878,hydro_reservoir,2030,7,14,14,362.5999999999999
879,hydro_reservoir,2030,7,15,15,388.4999999999999
880,hydro_reservoir,2030,7,16,16,414.39999999999986
881,hydro_reservoir,2030,7,17,17,440.29999999999984
882,hydro_reservoir,2030,7,18,18,466.1999999999998
883,hydro_reservoir,2030,7,19,19,492.0999999999998
884,hydro_reservoir,2030,7,20,20,517.9999999999998
885,hydro_reservoir,2030,7,21,21,543.8999999999997
886,hydro_reservoir,2030,7,22,22,569.7999999999997
887,hydro_reservoir,2030,7,23,23,335.29999999999995
888,hydro_reservoir,2030,7,24,24,361.19999999999993
889,hydro_reservoir,2030,8,1,1,-748.8333333333331
890,hydro_reservoir,2030,8,2,2,-717.5333333333332
891,hydro_reservoir,2030,8,3,3,-686.2333333333332
892,hydro_reservoir,2030,8,4,4,-654.9333333333333
893,hydro_reservoir,2030,8,5,5,-623.6333333333333
894,hydro_reservoir,2030,8,6,6,-592.3333333333334
895,hydro_reservoir,2030,8,7,7,-561.0333333333334
896,hydro_reservoir,2030,8,8,8,-529.7333333333335
897,hydro_reservoir,2030,8,9,9,-498.43333333333345
898,hydro_reservoir,2030,8,10,10,-467.13333333333344
899,hydro_reservoir,2030,8,11,11,-435.8333333333334
900,hydro_reservoir,2030,8,12,12,-404.5333333333334
901,hydro_reservoir,2030,8,13,13,-373.2333333333334
902,hydro_reservoir,2030,8,14,14,-341.9333333333334
903,hydro_reservoir,2030,8,15,15,-310.6333333333334
904,hydro_reservoir,2030,8,16,16,-279.33333333333337
905,hydro_reservoir,2030,8,17,17,-248.03333333333336
906,hydro_reservoir,2030,8,18,18,-216.73333333333335
907,hydro_reservoir,2030,8,19,19,-185.43333333333334
908,hydro_reservoir,2030,8,20,20,-154.13333333333333
909,hydro_reservoir,2030,8,21,21,-122.83333333333333
910,hydro_reservoir,2030,8,22,22,-91.53333333333333
911,hydro_reservoir,2030,8,23,23,-60.233333333333334
912,hydro_reservoir,2030,8,24,24,-28.933333333333337
913,hydro_reservoir,2030,9,1,1,23.5
914,hydro_reservoir,2030,9,2,2,47.0
915,hydro_reservoir,2030,9,3,3,-498.16666666666663
916,hydro_reservoir,2030,9,4,4,-474.66666666666663
917,hydro_reservoir,2030,9,5,5,-451.16666666666663
918,hydro_reservoir,2030,9,6,6,-427.66666666666663
919,hydro_reservoir,2030,9,7,7,-404.16666666666663
920,hydro_reservoir,2030,9,8,8,-380.66666666666663
921,hydro_reservoir,2030,9,9,9,-357.16666666666663
922,hydro_reservoir,2030,9,10,10,-333.66666666666663
923,hydro_reservoir,2030,9,11,11,-310.16666666666663
924,hydro_reservoir,2030,9,12,12,-286.66666666666663
925,hydro_reservoir,2030,9,13,13,-263.16666666666663
926,hydro_reservoir,2030,9,14,14,-239.66666666666666
927,hydro_reservoir,2030,9,15,15,-216.16666666666666
928,hydro_reservoir,2030,9,16,16,-192.66666666666666
929,hydro_reservoir,2030,9,17,17,-169.16666666666666
930,hydro_reservoir,2030,9,18,18,-145.66666666666666
931,hydro_reservoir,2030,9,19,19,-122.16666666666666
932,hydro_reservoir,2030,9,20,20,-98.66666666666666
933,hydro_reservoir,2030,9,21,21,-75.16666666666666
934,hydro_reservoir,2030,9,22,22,-51.666666666666664
935,hydro_reservoir,2030,9,23,23,-28.166666666666664
936,hydro_reservoir,2030,9,24,24,-4.666666666666666
937,hydro_reservoir,2030,10,1,1,-544.3000000000001
938,hydro_reservoir,2030,10,2,2,-521.0000000000001
939,hydro_reservoir,2030,10,3,3,-497.70000000000016
940,hydro_reservoir,2030,10,4,4,-474.40000000000015
941,hydro_reservoir,2030,10,5,5,-451.10000000000014
942,hydro_reservoir,2030,10,6,6,-427.8000000000001
943,hydro_reservoir,2030,10,7,7,-404.5000000000001
944,hydro_reservoir,2030,10,8,8,-381.2000000000001
945,hydro_reservoir,2030,10,9,9,-357.9000000000001
946,hydro_reservoir,2030,10,10,10,-334.6000000000001
947,hydro_reservoir,2030,10,11,11,-311.30000000000007
948,hydro_reservoir,2030,10,12,12,-288.00000000000006
949,hydro_reservoir,2030,10,13,13,-264.70000000000005
950,hydro_reservoir,2030,10,14,14,-241.40000000000003
951,hydro_reservoir,2030,10,15,15,-218.10000000000002
952,hydro_reservoir,2030,10,16,16,-194.8
953,hydro_reservoir,2030,10,17,17,-171.5
954,hydro_reservoir,2030,10,18,18,-148.2
955,hydro_reservoir,2030,10,19,19,-124.89999999999999
956,hydro_reservoir,2030,10,20,20,-101.6
957,hydro_reservoir,2030,10,21,21,-78.3
958,hydro_reservoir,2030,10,22,22,-55.0
959,hydro_reservoir,2030,10,23,23,-31.700000000000003
960,hydro_reservoir,2030,10,24,24,-8.4
961,hydro_reservoir,2030,11,1,1,20.2
962,hydro_reservoir,2030,11,2,2,40.4
963,hydro_reservoir,2030,11,3,3,60.599999999999994
964,hydro_reservoir,2030,11,4,4,80.8
965,hydro_reservoir,2030,11,5,5,101.0
966,hydro_reservoir,2030,11,6,6,121.2
967,hydro_reservoir,2030,11,7,7,141.4
968,hydro_reservoir,2030,11,8,8,161.6
969,hydro_reservoir,2030,11,9,9,181.79999999999998
970,hydro_reservoir,2030,11,10,10,201.99999999999997
971,hydro_reservoir,2030,11,11,11,222.19999999999996
972,hydro_reservoir,2030,11,12,12,242.39999999999995
973,hydro_reservoir,2030,11,13,13,262.59999999999997
974,hydro_reservoir,2030,11,14,14,282.79999999999995
975,hydro_reservoir,2030,11,15,15,302.99999999999994
976,hydro_reservoir,2030,11,16,16,-174.66666666666666
977,hydro_reservoir,2030,11,17,17,-154.46666666666667
978,hydro_reservoir,2030,11,18,18,-134.26666666666668
979,hydro_reservoir,2030,11,19,19,-114.06666666666668
980,hydro_reservoir,2030,11,20,20,-93.86666666666667
981,hydro_reservoir,2030,11,21,21,-73.66666666666667
982,hydro_reservoir,2030,11,22,22,-53.46666666666667
983,hydro_reservoir,2030,11,23,23,-33.266666666666666
984,hydro_reservoir,2030,11,24,24,-13.066666666666668
985,hydro_reservoir,2030,12,1,1,22.2
986,hydro_reservoir,2030,12,2,2,44.4
987,hydro_reservoir,2030,12,3,3,66.6
988,hydro_reservoir,2030,12,4,4,88.8
989,hydro_reservoir,2030,12,5,5,111.0
990,hydro_reservoir,2030,12,6,6,133.2
991,hydro_reservoir,2030,12,7,7,155.39999999999998
992,hydro_reservoir,2030,12,8,8,177.59999999999997
993,hydro_reservoir,2030,12,9,9,199.79999999999995
994,hydro_reservoir,2030,12,10,10,221.99999999999994
995,hydro_reservoir,2030,12,11,11,244.19999999999993
996,hydro_reservoir,2030,12,12,12,266.3999999999999
997,hydro_reservoir,2030,12,13,13,288.5999999999999
998,hydro_reservoir,2030,12,14,14,-225.7333333333333
999,hydro_reservoir,2030,12,15,15,-203.5333333333333
1000,hydro_reservoir,2030,12,16,16,-181.33333333333331
1001,hydro_reservoir,2030,12,17,17,-159.13333333333333
1002,hydro_reservoir,2030,12,18,18,-136.93333333333334
1003,hydro_reservoir,2030,12,19,19,-114.73333333333333
1004,hydro_reservoir,2030,12,20,20,-92.53333333333333
1005,hydro_reservoir,2030,12,21,21,-70.33333333333333
1006,hydro_reservoir,2030,12,22,22,-48.13333333333333
1007,hydro_reservoir,2030,12,23,23,-25.933333333333334
1008,hydro_reservoir,2030,12,24,24,-3.733333333333333
1009,hydro_reservoir,2030,13,1,1,22.3
1010,hydro_reservoir,2030,13,2,2,44.6
1011,hydro_reservoir,2030,13,3,3,66.9
1012,hydro_reservoir,2030,13,4,4,89.2
1013,hydro_reservoir,2030,13,5,5,111.5
1014,hydro_reservoir,2030,13,6,6,133.8
1015,hydro_reservoir,2030,13,7,7,156.10000000000002
1016,hydro_reservoir,2030,13,8,8,178.40000000000003
1017,hydro_reservoir,2030,13,9,9,200.70000000000005
1018,hydro_reservoir,2030,13,10,10,223.00000000000006
1019,hydro_reservoir,2030,13,11,11,245.30000000000007
1020,hydro_reservoir,2030,13,12,12,267.6000000000001
1021,hydro_reservoir,2030,13,13,13,289.9000000000001
1022,hydro_reservoir,2030,13,14,14,312.2000000000001
1023,hydro_reservoir,2030,13,15,15,334.5000000000001
1024,hydro_reservoir,2030,13,16,16,356.8000000000001
1025,hydro_reservoir,2030,13,17,17,379.10000000000014
1026,hydro_reservoir,2030,13,18,18,401.40000000000015
1027,hydro_reservoir,2030,13,19,19,-236.56666666666638
1028,hydro_reservoir,2030,13,20,20,-214.26666666666637
1029,hydro_reservoir,2030,13,21,21,-191.96666666666636
1030,hydro_reservoir,2030,13,22,22,-169.66666666666634
1031,hydro_reservoir,2030,13,23,23,-147.36666666666633
1032,hydro_reservoir,2030,13,24,24,-125.06666666666634
1033,hydro_reservoir,2030,14,1,1,23.4
1034,hydro_reservoir,2030,14,2,2,46.8
1035,hydro_reservoir,2030,14,3,3,70.19999999999999
1036,hydro_reservoir,2030,14,4,4,93.6
1037,hydro_reservoir,2030,14,5,5,117.0
1038,hydro_reservoir,2030,14,6,6,140.4
1039,hydro_reservoir,2030,14,7,7,163.8
1040,hydro_reservoir,2030,14,8,8,187.20000000000002
1041,hydro_reservoir,2030,14,9,9,210.60000000000002
1042,hydro_reservoir,2030,14,10,10,234.00000000000003
1043,hydro_reservoir,2030,14,11,11,257.40000000000003
1044,hydro_reservoir,2030,14,12,12,280.8
1045,hydro_reservoir,2030,14,13,13,304.2
1046,hydro_reservoir,2030,14,14,14,327.59999999999997
1047,hydro_reservoir,2030,14,15,15,350.99999999999994
1048,hydro_reservoir,2030,14,16,16,374.3999999999999
1049,hydro_reservoir,2030,14,17,17,397.7999999999999
1050,hydro_reservoir,2030,14,18,18,421.1999999999999
1051,hydro_reservoir,2030,14,19,19,444.59999999999985
1052,hydro_reservoir,2030,14,20,20,467.99999999999983
1053,hydro_reservoir,2030,14,21,21,491.3999999999998
1054,hydro_reservoir,2030,14,22,22,514.7999999999998
1055,hydro_reservoir,2030,14,23,23,538.1999999999998
1056,hydro_reservoir,2030,14,24,24,-28.933333333333337
1057,hydro_reservoir,2030,15,1,1,24.5
1058,hydro_reservoir,2030,15,2,2,49.0
1059,hydro_reservoir,2030,15,3,3,73.5
1060,hydro_reservoir,2030,15,4,4,98.0
1061,hydro_reservoir,2030,15,5,5,122.5
1062,hydro_reservoir,2030,15,6,6,147.0
1063,hydro_reservoir,2030,15,7,7,171.5
1064,hydro_reservoir,2030,15,8,8,196.0
1065,hydro_reservoir,2030,15,9,9,220.5
1066,hydro_reservoir,2030,15,10,10,245.0
1067,hydro_reservoir,2030,15,11,11,269.5
1068,hydro_reservoir,2030,15,12,12,294.0
1069,hydro_reservoir,2030,15,13,13,318.5
1070,hydro_reservoir,2030,15,14,14,343.0
1071,hydro_reservoir,2030,15,15,15,367.5
1072,hydro_reservoir,2030,15,16,16,392.0
1073,hydro_reservoir,2030,15,17,17,416.5
1074,hydro_reservoir,2030,15,18,18,441.0
1075,hydro_reservoir,2030,15,19,19,465.5
1076,hydro_reservoir,2030,15,20,20,490.0
1077,hydro_reservoir,2030,15,21,21,514.5
1078,hydro_reservoir,2030,15,22,22,539.0
1079,hydro_reservoir,2030,15,23,23,563.5
1080,hydro_reservoir,2030,15,24,24,386.3999999999999
1081,hydro_reservoir,2030,16,1,1,28.2
1082,hydro_reservoir,2030,16,2,2,56.4
1083,hydro_reservoir,2030,16,3,3,84.6
1084,hydro_reservoir,2030,16,4,4,112.8
1085,hydro_reservoir,2030,16,5,5,141.0
1086,hydro_reservoir,2030,16,6,6,169.2
1087,hydro_reservoir,2030,16,7,7,197.39999999999998
1088,hydro_reservoir,2030,16,8,8,225.59999999999997
1089,hydro_reservoir,2030,16,9,9,253.79999999999995
1090,hydro_reservoir,2030,16,10,10,281.99999999999994
1091,hydro_reservoir,2030,16,11,11,310.19999999999993
1092,hydro_reservoir,2030,16,12,12,338.3999999999999
1093,hydro_reservoir,2030,16,13,13,366.5999999999999
1094,hydro_reservoir,2030,16,14,14,394.7999999999999
1095,hydro_reservoir,2030,16,15,15,422.9999999999999
1096,hydro_reservoir,2030,16,16,16,451.1999999999999
1097,hydro_reservoir,2030,16,17,17,479.39999999999986
1098,hydro_reservoir,2030,16,18,18,507.59999999999985
1099,hydro_reservoir,2030,16,19,19,535.7999999999998
1100,hydro_reservoir,2030,16,20,20,563.9999999999999
1101,hydro_reservoir,2030,16,21,21,592.1999999999999
1102,hydro_reservoir,2030,16,22,22,620.4
1103,hydro_reservoir,2030,16,23,23,648.6
1104,hydro_reservoir,2030,16,24,24,-11.200000000000001
1105,hydro_reservoir,2030,17,1,1,32.6
1106,hydro_reservoir,2030,17,2,2,65.2
1107,hydro_reservoir,2030,17,3,3,97.80000000000001
1108,hydro_reservoir,2030,17,4,4,130.4
1109,hydro_reservoir,2030,17,5,5,163.0
1110,hydro_reservoir,2030,17,6,6,195.6
1111,hydro_reservoir,2030,17,7,7,228.2
1112,hydro_reservoir,2030,17,8,8,260.8
1113,hydro_reservoir,2030,17,9,9,293.40000000000003
1114,hydro_reservoir,2030,17,10,10,326.00000000000006
1115,hydro_reservoir,2030,17,11,11,358.6000000000001
1116,hydro_reservoir,2030,17,12,12,391.2000000000001
1117,hydro_reservoir,2030,17,13,13,423.8000000000001
1118,hydro_reservoir,2030,17,14,14,456.40000000000015
1119,hydro_reservoir,2030,17,15,15,489.00000000000017
1120,hydro_reservoir,2030,17,16,16,521.6000000000001
1121,hydro_reservoir,2030,17,17,17,554.2000000000002
1122,hydro_reservoir,2030,17,18,18,586.8000000000002
1123,hydro_reservoir,2030,17,19,19,619.4000000000002
1124,hydro_reservoir,2030,17,20,20,652.0000000000002
1125,hydro_reservoir,2030,17,21,21,684.6000000000003
1126,hydro_reservoir,2030,17,22,22,717.2000000000003
1127,hydro_reservoir,2030,17,23,23,749.8000000000003
1128,hydro_reservoir,2030,17,24,24,-1.8666666666666742
1129,hydro_reservoir,2030,18,1,1,49.300000000000004
1130,hydro_reservoir,2030,18,2,2,98.60000000000001
1131,hydro_reservoir,2030,18,3,3,147.9
1132,hydro_reservoir,2030,18,4,4,197.20000000000002
1133,hydro_reservoir,2030,18,5,5,246.50000000000003
1134,hydro_reservoir,2030,18,6,6,295.8
1135,hydro_reservoir,2030,18,7,7,345.1
1136,hydro_reservoir,2030,18,8,8,394.40000000000003
1137,hydro_reservoir,2030,18,9,9,443.70000000000005
1138,hydro_reservoir,2030,18,10,10,493.00000000000006
1139,hydro_reservoir,2030,18,11,11,542.3000000000001
1140,hydro_reservoir,2030,18,12,12,591.6
1141,hydro_reservoir,2030,18,13,13,640.9
1142,hydro_reservoir,2030,18,14,14,690.1999999999999
1143,hydro_reservoir,2030,18,15,15,739.4999999999999
1144,hydro_reservoir,2030,18,16,16,788.7999999999998
1145,hydro_reservoir,2030,18,17,17,838.0999999999998
1146,hydro_reservoir,2030,18,18,18,887.3999999999997
1147,hydro_reservoir,2030,18,19,19,936.6999999999997
1148,hydro_reservoir,2030,18,20,20,985.9999999999997
1149,hydro_reservoir,2030,18,21,21,1035.2999999999997
1150,hydro_reservoir,2030,18,22,22,1084.5999999999997
1151,hydro_reservoir,2030,18,23,23,1133.8999999999996
1152,hydro_reservoir,2030,18,24,24,-4.66666666666751
1153,hydro_reservoir,2030,19,1,1,46.2
1154,hydro_reservoir,2030,19,2,2,92.4
1155,hydro_reservoir,2030,19,3,3,138.60000000000002
1156,hydro_reservoir,2030,19,4,4,184.8
1157,hydro_reservoir,2030,19,5,5,231.0
1158,hydro_reservoir,2030,19,6,6,277.2
1159,hydro_reservoir,2030,19,7,7,323.4
1160,hydro_reservoir,2030,19,8,8,369.59999999999997
1161,hydro_reservoir,2030,19,9,9,415.79999999999995
1162,hydro_reservoir,2030,19,10,10,461.99999999999994
1163,hydro_reservoir,2030,19,11,11,508.19999999999993
1164,hydro_reservoir,2030,19,12,12,554.4
1165,hydro_reservoir,2030,19,13,13,600.6
1166,hydro_reservoir,2030,19,14,14,646.8000000000001
1167,hydro_reservoir,2030,19,15,15,693.0000000000001
1168,hydro_reservoir,2030,19,16,16,739.2000000000002
1169,hydro_reservoir,2030,19,17,17,785.4000000000002
1170,hydro_reservoir,2030,19,18,18,831.6000000000003
1171,hydro_reservoir,2030,19,19,19,877.8000000000003
1172,hydro_reservoir,2030,19,20,20,924.0000000000003
1173,hydro_reservoir,2030,19,21,21,970.2000000000004
1174,hydro_reservoir,2030,19,22,22,1016.4000000000004
1175,hydro_reservoir,2030,19,23,23,1062.6000000000004
1176,hydro_reservoir,2030,19,24,24,259.4666666666661
1177,hydro_reservoir,2030,20,1,1,18.9
1178,hydro_reservoir,2030,20,2,2,37.8
1179,hydro_reservoir,2030,20,3,3,56.699999999999996
1180,hydro_reservoir,2030,20,4,4,75.6
1181,hydro_reservoir,2030,20,5,5,94.5
1182,hydro_reservoir,2030,20,6,6,113.4
1183,hydro_reservoir,2030,20,7,7,132.3
1184,hydro_reservoir,2030,20,8,8,151.20000000000002
1185,hydro_reservoir,2030,20,9,9,170.10000000000002
1186,hydro_reservoir,2030,20,10,10,189.00000000000003
1187,hydro_reservoir,2030,20,11,11,207.90000000000003
1188,hydro_reservoir,2030,20,12,12,226.80000000000004
1189,hydro_reservoir,2030,20,13,13,245.70000000000005
1190,hydro_reservoir,2030,20,14,14,264.6
1191,hydro_reservoir,2030,20,15,15,283.5
1192,hydro_reservoir,2030,20,16,16,302.4
1193,hydro_reservoir,2030,20,17,17,321.29999999999995
1194,hydro_reservoir,2030,20,18,18,340.19999999999993
1195,hydro_reservoir,2030,20,19,19,359.0999999999999
1196,hydro_reservoir,2030,20,20,20,377.9999999999999
1197,hydro_reservoir,2030,20,21,21,396.89999999999986
1198,hydro_reservoir,2030,20,22,22,415.79999999999984
1199,hydro_reservoir,2030,20,23,23,434.6999999999998
1200,hydro_reservoir,2030,20,24,24,-403.2
1201,hydro_reservoir,2030,21,1,1,22.8
1202,hydro_reservoir,2030,21,2,2,45.6
1203,hydro_reservoir,2030,21,3,3,68.4
1204,hydro_reservoir,2030,21,4,4,91.2
1205,hydro_reservoir,2030,21,5,5,114.0
1206,hydro_reservoir,2030,21,6,6,136.8
1207,hydro_reservoir,2030,21,7,7,159.60000000000002
1208,hydro_reservoir,2030,21,8,8,182.40000000000003
1209,hydro_reservoir,2030,21,9,9,205.20000000000005
1210,hydro_reservoir,2030,21,10,10,228.00000000000006
1211,hydro_reservoir,2030,21,11,11,250.80000000000007
1212,hydro_reservoir,2030,21,12,12,273.6000000000001
1213,hydro_reservoir,2030,21,13,13,296.4000000000001
1214,hydro_reservoir,2030,21,14,14,319.2000000000001
1215,hydro_reservoir,2030,21,15,15,342.0000000000001
1216,hydro_reservoir,2030,21,16,16,364.8000000000001
1217,hydro_reservoir,2030,21,17,17,387.60000000000014
1218,hydro_reservoir,2030,21,18,18,410.40000000000015
1219,hydro_reservoir,2030,21,19,19,433.20000000000016
1220,hydro_reservoir,2030,21,20,20,456.00000000000017
1221,hydro_reservoir,2030,21,21,21,478.8000000000002
1222,hydro_reservoir,2030,21,22,22,501.6000000000002
1223,hydro_reservoir,2030,21,23,23,524.4000000000002
1224,hydro_reservoir,2030,21,24,24,298.66666666666623
1225,hydro_reservoir,2030,22,1,1,21.1
1226,hydro_reservoir,2030,22,2,2,-467.00000000000017
1227,hydro_reservoir,2030,22,3,3,-445.90000000000015
1228,hydro_reservoir,2030,22,4,4,-424.8000000000001
1229,hydro_reservoir,2030,22,5,5,-403.7000000000001
1230,hydro_reservoir,2030,22,6,6,-382.6000000000001
1231,hydro_reservoir,2030,22,7,7,-361.50000000000006
1232,hydro_reservoir,2030,22,8,8,-340.40000000000003
1233,hydro_reservoir,2030,22,9,9,-319.3
1234,hydro_reservoir,2030,22,10,10,-298.2
1235,hydro_reservoir,2030,22,11,11,-277.09999999999997
1236,hydro_reservoir,2030,22,12,12,-255.99999999999994
1237,hydro_reservoir,2030,22,13,13,-234.89999999999995
1238,hydro_reservoir,2030,22,14,14,-213.79999999999995
1239,hydro_reservoir,2030,22,15,15,-192.69999999999996
1240,hydro_reservoir,2030,22,16,16,-171.59999999999997
1241,hydro_reservoir,2030,22,17,17,-150.49999999999997
1242,hydro_reservoir,2030,22,18,18,-129.39999999999998
1243,hydro_reservoir,2030,22,19,19,-108.29999999999998
1244,hydro_reservoir,2030,22,20,20,-87.19999999999999
1245,hydro_reservoir,2030,22,21,21,-66.1
1246,hydro_reservoir,2030,22,22,22,-45.0
1247,hydro_reservoir,2030,22,23,23,-23.900000000000002
1248,hydro_reservoir,2030,22,24,24,-2.8
1249,hydro_reservoir,2030,23,1,1,48.800000000000004
1250,hydro_reservoir,2030,23,2,2,97.60000000000001
1251,hydro_reservoir,2030,23,3,3,146.4
1252,hydro_reservoir,2030,23,4,4,195.20000000000002
1253,hydro_reservoir,2030,23,5,5,244.00000000000003
1254,hydro_reservoir,2030,23,6,6,292.8
1255,hydro_reservoir,2030,23,7,7,341.6
1256,hydro_reservoir,2030,23,8,8,390.40000000000003
1257,hydro_reservoir,2030,23,9,9,439.20000000000005
1258,hydro_reservoir,2030,23,10,10,488.00000000000006
1259,hydro_reservoir,2030,23,11,11,536.8000000000001
1260,hydro_reservoir,2030,23,12,12,585.6
1261,hydro_reservoir,2030,23,13,13,634.4
1262,hydro_reservoir,2030,23,14,14,683.1999999999999
1263,hydro_reservoir,2030,23,15,15,731.9999999999999
1264,hydro_reservoir,2030,23,16,16,780.7999999999998
1265,hydro_reservoir,2030,23,17,17,829.5999999999998
1266,hydro_reservoir,2030,23,18,18,878.3999999999997
1267,hydro_reservoir,2030,23,19,19,927.1999999999997
1268,hydro_reservoir,2030,23,20,20,975.9999999999997
1269,hydro_reservoir,2030,23,21,21,1024.7999999999997
1270,hydro_reservoir,2030,23,22,22,1073.5999999999997
1271,hydro_reservoir,2030,23,23,23,1122.3999999999996
1272,hydro_reservoir,2030,23,24,24,-217.46666666666673
1273,hydro_reservoir,2030,24,1,1,17.8
1274,hydro_reservoir,2030,24,2,2,35.6
1275,hydro_reservoir,2030,24,3,3,53.400000000000006
1276,hydro_reservoir,2030,24,4,4,71.2
1277,hydro_reservoir,2030,24,5,5,89.0
1278,hydro_reservoir,2030,24,6,6,106.8
1279,hydro_reservoir,2030,24,7,7,124.6
1280,hydro_reservoir,2030,24,8,8,142.4
1281,hydro_reservoir,2030,24,9,9,160.20000000000002
1282,hydro_reservoir,2030,24,10,10,178.00000000000003
1283,hydro_reservoir,2030,24,11,11,195.80000000000004
1284,hydro_reservoir,2030,24,12,12,213.60000000000005
1285,hydro_reservoir,2030,24,13,13,231.40000000000006
1286,hydro_reservoir,2030,24,14,14,249.20000000000007
1287,hydro_reservoir,2030,24,15,15,267.00000000000006
1288,hydro_reservoir,2030,24,16,16,284.80000000000007
1289,hydro_reservoir,2030,24,17,17,302.6000000000001
1290,hydro_reservoir,2030,24,18,18,320.4000000000001
1291,hydro_reservoir,2030,24,19,19,338.2000000000001
1292,hydro_reservoir,2030,24,20,20,356.0000000000001
1293,hydro_reservoir,2030,24,21,21,373.8000000000001
1294,hydro_reservoir,2030,24,22,22,391.60000000000014
1295,hydro_reservoir,2030,24,23,23,409.40000000000015
1296,hydro_reservoir,2030,24,24,24,372.39999999999986
1297,hydro_reservoir,2030,25,1,1,47.1
1298,hydro_reservoir,2030,25,2,2,94.2
1299,hydro_reservoir,2030,25,3,3,141.3
1300,hydro_reservoir,2030,25,4,4,188.4
1301,hydro_reservoir,2030,25,5,5,235.5
1302,hydro_reservoir,2030,25,6,6,282.6
1303,hydro_reservoir,2030,25,7,7,329.70000000000005
1304,hydro_reservoir,2030,25,8,8,376.80000000000007
1305,hydro_reservoir,2030,25,9,9,423.9000000000001
1306,hydro_reservoir,2030,25,10,10,471.0000000000001
1307,hydro_reservoir,2030,25,11,11,518.1000000000001
1308,hydro_reservoir,2030,25,12,12,565.2000000000002
1309,hydro_reservoir,2030,25,13,13,612.3000000000002
1310,hydro_reservoir,2030,25,14,14,659.4000000000002
1311,hydro_reservoir,2030,25,15,15,706.5000000000002
1312,hydro_reservoir,2030,25,16,16,753.6000000000003
1313,hydro_reservoir,2030,25,17,17,800.7000000000003
1314,hydro_reservoir,2030,25,18,18,847.8000000000003
1315,hydro_reservoir,2030,25,19,19,894.9000000000003
1316,hydro_reservoir,2030,25,20,20,942.0000000000003
1317,hydro_reservoir,2030,25,21,21,989.1000000000004
1318,hydro_reservoir,2030,25,22,22,1036.2000000000003
1319,hydro_reservoir,2030,25,23,23,1083.3000000000002
1320,hydro_reservoir,2030,25,24,24,-234.2666666666668
1321,hydro_reservoir,2030,26,1,1,23.5
1322,hydro_reservoir,2030,26,2,2,47.0
1323,hydro_reservoir,2030,26,3,3,70.5
1324,hydro_reservoir,2030,26,4,4,94.0
1325,hydro_reservoir,2030,26,5,5,117.5
1326,hydro_reservoir,2030,26,6,6,141.0
1327,hydro_reservoir,2030,26,7,7,164.5
1328,hydro_reservoir,2030,26,8,8,188.0
1329,hydro_reservoir,2030,26,9,9,211.5
1330,hydro_reservoir,2030,26,10,10,235.0
1331,hydro_reservoir,2030,26,11,11,258.5
1332,hydro_reservoir,2030,26,12,12,282.0
1333,hydro_reservoir,2030,26,13,13,305.5
1334,hydro_reservoir,2030,26,14,14,329.0
1335,hydro_reservoir,2030,26,15,15,352.5
1336,hydro_reservoir,2030,26,16,16,376.0
1337,hydro_reservoir,2030,26,17,17,399.5
1338,hydro_reservoir,2030,26,18,18,423.0
1339,hydro_reservoir,2030,26,19,19,446.5
1340,hydro_reservoir,2030,26,20,20,470.0
1341,hydro_reservoir,2030,26,21,21,493.5
1342,hydro_reservoir,2030,26,22,22,517.0
1343,hydro_reservoir,2030,26,23,23,540.5
1344,hydro_reservoir,2030,26,24,24,-1.8666666666666665
1345,hydro_reservoir,2030,27,1,1,32.4
1346,hydro_reservoir,2030,27,2,2,64.8
1347,hydro_reservoir,2030,27,3,3,97.19999999999999
1348,hydro_reservoir,2030,27,4,4,129.6
1349,hydro_reservoir,2030,27,5,5,162.0
1350,hydro_reservoir,2030,27,6,6,194.4
1351,hydro_reservoir,2030,27,7,7,226.8
1352,hydro_reservoir,2030,27,8,8,259.2
1353,hydro_reservoir,2030,27,9,9,291.59999999999997
1354,hydro_reservoir,2030,27,10,10,323.99999999999994
1355,hydro_reservoir,2030,27,11,11,356.3999999999999
1356,hydro_reservoir,2030,27,12,12,388.7999999999999
1357,hydro_reservoir,2030,27,13,13,421.1999999999999
1358,hydro_reservoir,2030,27,14,14,453.59999999999985
1359,hydro_reservoir,2030,27,15,15,485.99999999999983
1360,hydro_reservoir,2030,27,16,16,518.3999999999999
1361,hydro_reservoir,2030,27,17,17,550.7999999999998
1362,hydro_reservoir,2030,27,18,18,583.1999999999998
1363,hydro_reservoir,2030,27,19,19,615.5999999999998
1364,hydro_reservoir,2030,27,20,20,647.9999999999998
1365,hydro_reservoir,2030,27,21,21,680.3999999999997
1366,hydro_reservoir,2030,27,22,22,712.7999999999997
1367,hydro_reservoir,2030,27,23,23,745.1999999999997
1368,hydro_reservoir,2030,27,24,24,-41.25333333333334
1369,hydro_reservoir,2030,28,1,1,37.8
1370,hydro_reservoir,2030,28,2,2,75.6
1371,hydro_reservoir,2030,28,3,3,113.39999999999999
1372,hydro_reservoir,2030,28,4,4,151.2
1373,hydro_reservoir,2030,28,5,5,189.0
1374,hydro_reservoir,2030,28,6,6,226.8
1375,hydro_reservoir,2030,28,7,7,264.6
1376,hydro_reservoir,2030,28,8,8,302.40000000000003
1377,hydro_reservoir,2030,28,9,9,340.20000000000005
1378,hydro_reservoir,2030,28,10,10,378.00000000000006
1379,hydro_reservoir,2030,28,11,11,415.80000000000007
1380,hydro_reservoir,2030,28,12,12,453.6000000000001
1381,hydro_reservoir,2030,28,13,13,491.4000000000001
1382,hydro_reservoir,2030,28,14,14,529.2
1383,hydro_reservoir,2030,28,15,15,567.0
1384,hydro_reservoir,2030,28,16,16,604.8
1385,hydro_reservoir,2030,28,17,17,642.5999999999999
1386,hydro_reservoir,2030,28,18,18,680.3999999999999
1387,hydro_reservoir,2030,28,19,19,718.1999999999998
1388,hydro_reservoir,2030,28,20,20,755.9999999999998
1389,hydro_reservoir,2030,28,21,21,793.7999999999997
1390,hydro_reservoir,2030,28,22,22,831.5999999999997
1391,hydro_reservoir,2030,28,23,23,869.3999999999996
1392,hydro_reservoir,2030,28,24,24,-35.46666666666666
1393,hydro_reservoir,2030,29,1,1,23.8
1394,hydro_reservoir,2030,29,2,2,47.6
1395,hydro_reservoir,2030,29,3,3,71.4
1396,hydro_reservoir,2030,29,4,4,95.2
1397,hydro_reservoir,2030,29,5,5,119.0
1398,hydro_reservoir,2030,29,6,6,142.8
1399,hydro_reservoir,2030,29,7,7,166.60000000000002
1400,hydro_reservoir,2030,29,8,8,190.40000000000003
1401,hydro_reservoir,2030,29,9,9,214.20000000000005
1402,hydro_reservoir,2030,29,10,10,238.00000000000006
1403,hydro_reservoir,2030,29,11,11,261.80000000000007
1404,hydro_reservoir,2030,29,12,12,285.6000000000001
1405,hydro_reservoir,2030,29,13,13,309.4000000000001
1406,hydro_reservoir,2030,29,14,14,333.2000000000001
1407,hydro_reservoir,2030,29,15,15,357.0000000000001
1408,hydro_reservoir,2030,29,16,16,380.8000000000001
1409,hydro_reservoir,2030,29,17,17,404.60000000000014
1410,hydro_reservoir,2030,29,18,18,428.40000000000015
1411,hydro_reservoir,2030,29,19,19,452.20000000000016
1412,hydro_reservoir,2030,29,20,20,476.00000000000017
1413,hydro_reservoir,2030,29,21,21,499.8000000000002
1414,hydro_reservoir,2030,29,22,22,523.6000000000001
1415,hydro_reservoir,2030,29,23,23,547.4000000000001
1416,hydro_reservoir,2030,29,24,24,-403.2
1417,hydro_reservoir,2030,30,1,1,21.2
1418,hydro_reservoir,2030,30,2,2,42.4
1419,hydro_reservoir,2030,30,3,3,63.599999999999994
1420,hydro_reservoir,2030,30,4,4,84.8
1421,hydro_reservoir,2030,30,5,5,106.0
1422,hydro_reservoir,2030,30,6,6,127.2
1423,hydro_reservoir,2030,30,7,7,148.4
1424,hydro_reservoir,2030,30,8,8,169.6
1425,hydro_reservoir,2030,30,9,9,190.79999999999998
1426,hydro_reservoir,2030,30,10,10,211.99999999999997
1427,hydro_reservoir,2030,30,11,11,233.19999999999996
1428,hydro_reservoir,2030,30,12,12,254.39999999999995
1429,hydro_reservoir,2030,30,13,13,275.59999999999997
1430,hydro_reservoir,2030,30,14,14,296.79999999999995
1431,hydro_reservoir,2030,30,15,15,317.99999999999994
1432,hydro_reservoir,2030,30,16,16,339.19999999999993
1433,hydro_reservoir,2030,30,17,17,360.3999999999999
1434,hydro_reservoir,2030,30,18,18,381.5999999999999
1435,hydro_reservoir,2030,30,19,19,402.7999999999999
1436,hydro_reservoir,2030,30,20,20,423.9999999999999
1437,hydro_reservoir,2030,30,21,21,445.1999999999999
1438,hydro_reservoir,2030,30,22,22,466.39999999999986
1439,hydro_reservoir,2030,30,23,23,487.59999999999985
1440,hydro_reservoir,2030,30,24,24,-25.200000000000003
