id,asset,milestone_year,rep_period,time_block_start,time_block_end,dual_balance_consumer
1,e_demand,2030,1,1,1,9.240000000000002
2,e_demand,2030,1,2,2,9.240000000000002
3,e_demand,2030,1,3,3,9.240000000000002
4,e_demand,2030,1,4,4,9.240000000000002
5,e_demand,2030,1,5,5,9.240000000000002
6,e_demand,2030,1,6,6,9.240000000000002
7,e_demand,2030,1,7,7,9.240000000000002
8,e_demand,2030,1,8,8,9.240000000000002
9,e_demand,2030,1,9,9,9.240000000000002
10,e_demand,2030,1,10,10,10.238227146814406
11,e_demand,2030,1,11,11,10.0707131049099
12,e_demand,2030,1,12,12,10.238227146814406
13,e_demand,2030,1,13,13,9.240000000000002
14,e_demand,2030,1,14,14,9.240000000000002
15,e_demand,2030,1,15,15,10.238227146814406
16,e_demand,2030,1,16,16,10.238227146814406
17,e_demand,2030,1,17,17,9.240000000000002
18,e_demand,2030,1,18,18,10.238227146814406
19,e_demand,2030,1,19,19,9.240000000000002
20,e_demand,2030,1,20,20,9.240000000000002
21,e_demand,2030,1,21,21,9.240000000000002
22,e_demand,2030,1,22,22,9.240000000000002
23,e_demand,2030,1,23,23,9.240000000000002
24,e_demand,2030,1,24,24,9.240000000000002
25,e_demand,2030,2,1,1,0.010000000000000002
26,e_demand,2030,2,2,2,0.010000000000000002
27,e_demand,2030,2,3,3,0.010000000000000002
28,e_demand,2030,2,4,4,0.010000000000000002
29,e_demand,2030,2,5,5,0.010000000000000002
30,e_demand,2030,2,6,6,0.010000000000000002
31,e_demand,2030,2,7,7,0.010000000000000002
32,e_demand,2030,2,8,8,0.010000000000000002
33,e_demand,2030,2,9,9,0.010000000000000002
34,e_demand,2030,2,10,10,0.010000000000000002
35,e_demand,2030,2,11,11,0.010000000000000002
36,e_demand,2030,2,12,12,0.010000000000000002
37,e_demand,2030,2,13,13,0.010000000000000002
38,e_demand,2030,2,14,14,0.010000000000000002
39,e_demand,2030,2,15,15,0.010000000000000002
40,e_demand,2030,2,16,16,0.010000000000000002
41,e_demand,2030,2,17,17,0.010000000000000002
42,e_demand,2030,2,18,18,0.010000000000000002
43,e_demand,2030,2,19,19,0.010000000000000002
44,e_demand,2030,2,20,20,0.010000000000000002
45,e_demand,2030,2,21,21,0.010000000000000002
46,e_demand,2030,2,22,22,0.010000000000000002
47,e_demand,2030,2,23,23,0.010000000000000002
48,e_demand,2030,2,24,24,0.010000000000000002
49,e_demand,2030,3,1,1,0.010000000000000002
50,e_demand,2030,3,2,2,0.010000000000000002
51,e_demand,2030,3,3,3,0.010000000000000002
52,e_demand,2030,3,4,4,0.010000000000000002
53,e_demand,2030,3,5,5,0.010000000000000002
54,e_demand,2030,3,6,6,0.010000000000000002
55,e_demand,2030,3,7,7,0.010000000000000002
56,e_demand,2030,3,8,8,0.010000000000000002
57,e_demand,2030,3,9,9,0.010000000000000002
58,e_demand,2030,3,10,10,0.010000000000000002
59,e_demand,2030,3,11,11,0.010000000000000002
60,e_demand,2030,3,12,12,0.010000000000000002
61,e_demand,2030,3,13,13,0.010000000000000002
62,e_demand,2030,3,14,14,0.010000000000000002
63,e_demand,2030,3,15,15,0.010000000000000002
64,e_demand,2030,3,16,16,0.010000000000000002
65,e_demand,2030,3,17,17,0.010000000000000002
66,e_demand,2030,3,18,18,0.010000000000000002
67,e_demand,2030,3,19,19,0.010000000000000002
68,e_demand,2030,3,20,20,0.010000000000000002
69,e_demand,2030,3,21,21,0.010000000000000002
70,e_demand,2030,3,22,22,0.010000000000000002
71,e_demand,2030,3,23,23,0.010000000000000002
72,e_demand,2030,3,24,24,0.010000000000000002
73,e_demand,2030,4,1,1,0.010000000000000002
74,e_demand,2030,4,2,2,0.010000000000000002
75,e_demand,2030,4,3,3,0.010000000000000002
76,e_demand,2030,4,4,4,0.010000000000000002
77,e_demand,2030,4,5,5,0.010000000000000002
78,e_demand,2030,4,6,6,0.010000000000000002
79,e_demand,2030,4,7,7,0.010000000000000002
80,e_demand,2030,4,8,8,0.010000000000000002
81,e_demand,2030,4,9,9,0.010000000000000002
82,e_demand,2030,4,10,10,0.010000000000000002
83,e_demand,2030,4,11,11,0.010000000000000002
84,e_demand,2030,4,12,12,0.010000000000000002
85,e_demand,2030,4,13,13,0.010000000000000002
86,e_demand,2030,4,14,14,0.010000000000000002
87,e_demand,2030,4,15,15,0.010000000000000002
88,e_demand,2030,4,16,16,0.010000000000000002
89,e_demand,2030,4,17,17,0.010000000000000002
90,e_demand,2030,4,18,18,0.010000000000000002
91,e_demand,2030,4,19,19,0.010000000000000002
92,e_demand,2030,4,20,20,0.010000000000000002
93,e_demand,2030,4,21,21,0.010000000000000002
94,e_demand,2030,4,22,22,0.010000000000000002
95,e_demand,2030,4,23,23,0.010000000000000002
96,e_demand,2030,4,24,24,0.010000000000000002
97,e_demand,2030,5,1,1,0.010000000000000002
98,e_demand,2030,5,2,2,0.010000000000000002
99,e_demand,2030,5,3,3,0.010000000000000002
100,e_demand,2030,5,4,4,0.010000000000000002
101,e_demand,2030,5,5,5,0.010000000000000002
102,e_demand,2030,5,6,6,0.010000000000000002
103,e_demand,2030,5,7,7,0.010000000000000002
104,e_demand,2030,5,8,8,0.010000000000000002
105,e_demand,2030,5,9,9,0.010000000000000002
106,e_demand,2030,5,10,10,0.010000000000000002
107,e_demand,2030,5,11,11,0.010000000000000002
108,e_demand,2030,5,12,12,0.010000000000000002
109,e_demand,2030,5,13,13,0.010000000000000002
110,e_demand,2030,5,14,14,0.010000000000000002
111,e_demand,2030,5,15,15,0.010000000000000002
112,e_demand,2030,5,16,16,0.010000000000000002
113,e_demand,2030,5,17,17,0.010000000000000002
114,e_demand,2030,5,18,18,0.010000000000000002
115,e_demand,2030,5,19,19,0.010000000000000002
116,e_demand,2030,5,20,20,0.010000000000000002
117,e_demand,2030,5,21,21,0.010000000000000002
118,e_demand,2030,5,22,22,0.010000000000000002
119,e_demand,2030,5,23,23,0.010000000000000002
120,e_demand,2030,5,24,24,0.010000000000000002
121,e_demand,2030,6,1,1,0.010000000000000002
122,e_demand,2030,6,2,2,0.010000000000000002
123,e_demand,2030,6,3,3,0.010000000000000002
124,e_demand,2030,6,4,4,0.010000000000000002
125,e_demand,2030,6,5,5,0.010000000000000002
126,e_demand,2030,6,6,6,0.010000000000000002
127,e_demand,2030,6,7,7,0.010000000000000002
128,e_demand,2030,6,8,8,0.010000000000000002
129,e_demand,2030,6,9,9,0.010000000000000002
130,e_demand,2030,6,10,10,0.010000000000000002
131,e_demand,2030,6,11,11,0.010000000000000002
132,e_demand,2030,6,12,12,0.010000000000000002
133,e_demand,2030,6,13,13,0.010000000000000002
134,e_demand,2030,6,14,14,0.010000000000000002
135,e_demand,2030,6,15,15,0.010000000000000002
136,e_demand,2030,6,16,16,0.010000000000000002
137,e_demand,2030,6,17,17,0.010000000000000002
138,e_demand,2030,6,18,18,0.010000000000000002
139,e_demand,2030,6,19,19,0.010000000000000002
140,e_demand,2030,6,20,20,0.010000000000000002
141,e_demand,2030,6,21,21,0.010000000000000002
142,e_demand,2030,6,22,22,0.010000000000000002
143,e_demand,2030,6,23,23,0.010000000000000002
144,e_demand,2030,6,24,24,0.010000000000000002
145,e_demand,2030,7,1,1,0.010000000000000002
146,e_demand,2030,7,2,2,0.010000000000000002
147,e_demand,2030,7,3,3,0.010000000000000002
148,e_demand,2030,7,4,4,0.010000000000000002
149,e_demand,2030,7,5,5,0.010000000000000002
150,e_demand,2030,7,6,6,0.010000000000000002
151,e_demand,2030,7,7,7,0.010000000000000002
152,e_demand,2030,7,8,8,0.010000000000000002
153,e_demand,2030,7,9,9,0.010000000000000002
154,e_demand,2030,7,10,10,0.010000000000000002
155,e_demand,2030,7,11,11,0.010000000000000002
156,e_demand,2030,7,12,12,0.014000000000000002
157,e_demand,2030,7,13,13,5.009822771825267
158,e_demand,2030,7,14,14,16.38233186006549
159,e_demand,2030,7,15,15,16.38233186006549
160,e_demand,2030,7,16,16,16.38233186006549
161,e_demand,2030,7,17,17,16.38233186006549
162,e_demand,2030,7,18,18,16.38233186006549
163,e_demand,2030,7,19,19,16.38233186006549
164,e_demand,2030,7,20,20,0.014000000000000002
165,e_demand,2030,7,21,21,0.010000000000000002
166,e_demand,2030,7,22,22,0.010000000000000002
167,e_demand,2030,7,23,23,0.010000000000000002
168,e_demand,2030,7,24,24,0.010000000000000002
169,e_demand,2030,8,1,1,0.010000000000000002
170,e_demand,2030,8,2,2,0.010000000000000002
171,e_demand,2030,8,3,3,0.010000000000000002
172,e_demand,2030,8,4,4,0.010000000000000002
173,e_demand,2030,8,5,5,0.010000000000000002
174,e_demand,2030,8,6,6,0.010000000000000002
175,e_demand,2030,8,7,7,0.010000000000000002
176,e_demand,2030,8,8,8,0.010000000000000002
177,e_demand,2030,8,9,9,0.010000000000000002
178,e_demand,2030,8,10,10,0.010000000000000002
179,e_demand,2030,8,11,11,0.010000000000000002
180,e_demand,2030,8,12,12,0.010000000000000002
181,e_demand,2030,8,13,13,0.010000000000000002
182,e_demand,2030,8,14,14,0.010000000000000002
183,e_demand,2030,8,15,15,0.010000000000000002
184,e_demand,2030,8,16,16,0.010000000000000002
185,e_demand,2030,8,17,17,0.010000000000000002
186,e_demand,2030,8,18,18,0.010000000000000002
187,e_demand,2030,8,19,19,0.010000000000000002
188,e_demand,2030,8,20,20,0.010000000000000002
189,e_demand,2030,8,21,21,0.010000000000000002
190,e_demand,2030,8,22,22,0.010000000000000002
191,e_demand,2030,8,23,23,0.010000000000000002
192,e_demand,2030,8,24,24,0.010000000000000002
193,e_demand,2030,9,1,1,0.010000000000000002
194,e_demand,2030,9,2,2,0.010000000000000002
195,e_demand,2030,9,3,3,0.010000000000000002
196,e_demand,2030,9,4,4,0.010000000000000002
197,e_demand,2030,9,5,5,0.010000000000000002
198,e_demand,2030,9,6,6,0.010000000000000002
199,e_demand,2030,9,7,7,0.010000000000000002
200,e_demand,2030,9,8,8,0.010000000000000002
201,e_demand,2030,9,9,9,0.010000000000000002
202,e_demand,2030,9,10,10,0.010000000000000002
203,e_demand,2030,9,11,11,0.010000000000000002
204,e_demand,2030,9,12,12,0.010000000000000002
205,e_demand,2030,9,13,13,0.010000000000000002
206,e_demand,2030,9,14,14,0.010000000000000002
207,e_demand,2030,9,15,15,0.010000000000000002
208,e_demand,2030,9,16,16,0.010000000000000002
209,e_demand,2030,9,17,17,0.010000000000000002
210,e_demand,2030,9,18,18,0.010000000000000002
211,e_demand,2030,9,19,19,0.010000000000000002
212,e_demand,2030,9,20,20,0.010000000000000002
213,e_demand,2030,9,21,21,0.010000000000000002
214,e_demand,2030,9,22,22,0.010000000000000002
215,e_demand,2030,9,23,23,0.010000000000000002
216,e_demand,2030,9,24,24,0.010000000000000002
217,e_demand,2030,10,1,1,0.010000000000000002
218,e_demand,2030,10,2,2,0.010000000000000002
219,e_demand,2030,10,3,3,0.010000000000000002
220,e_demand,2030,10,4,4,0.010000000000000002
221,e_demand,2030,10,5,5,0.010000000000000002
222,e_demand,2030,10,6,6,0.010000000000000002
223,e_demand,2030,10,7,7,0.010000000000000002
224,e_demand,2030,10,8,8,0.010000000000000002
225,e_demand,2030,10,9,9,0.010000000000000002
226,e_demand,2030,10,10,10,0.010000000000000002
227,e_demand,2030,10,11,11,0.010000000000000002
228,e_demand,2030,10,12,12,0.010000000000000002
229,e_demand,2030,10,13,13,0.010000000000000002
230,e_demand,2030,10,14,14,0.010000000000000002
231,e_demand,2030,10,15,15,0.010000000000000002
232,e_demand,2030,10,16,16,0.010000000000000002
233,e_demand,2030,10,17,17,0.010000000000000002
234,e_demand,2030,10,18,18,0.010000000000000002
235,e_demand,2030,10,19,19,0.010000000000000002
236,e_demand,2030,10,20,20,0.010000000000000002
237,e_demand,2030,10,21,21,0.010000000000000002
238,e_demand,2030,10,22,22,0.010000000000000002
239,e_demand,2030,10,23,23,0.010000000000000002
240,e_demand,2030,10,24,24,0.010000000000000002
241,e_demand,2030,11,1,1,0.010000000000000002
242,e_demand,2030,11,2,2,0.010000000000000002
243,e_demand,2030,11,3,3,0.010000000000000002
244,e_demand,2030,11,4,4,0.010000000000000002
245,e_demand,2030,11,5,5,0.010000000000000002
246,e_demand,2030,11,6,6,0.010000000000000002
247,e_demand,2030,11,7,7,0.010000000000000002
248,e_demand,2030,11,8,8,0.010000000000000002
249,e_demand,2030,11,9,9,0.010000000000000002
250,e_demand,2030,11,10,10,0.010000000000000002
251,e_demand,2030,11,11,11,0.010000000000000002
252,e_demand,2030,11,12,12,0.010000000000000002
253,e_demand,2030,11,13,13,0.010000000000000002
254,e_demand,2030,11,14,14,0.010000000000000002
255,e_demand,2030,11,15,15,0.010000000000000002
256,e_demand,2030,11,16,16,0.010000000000000002
257,e_demand,2030,11,17,17,0.010000000000000002
258,e_demand,2030,11,18,18,0.010000000000000002
259,e_demand,2030,11,19,19,0.010000000000000002
260,e_demand,2030,11,20,20,0.010000000000000002
261,e_demand,2030,11,21,21,0.010000000000000002
262,e_demand,2030,11,22,22,0.010000000000000002
263,e_demand,2030,11,23,23,0.010000000000000002
264,e_demand,2030,11,24,24,0.010000000000000002
265,e_demand,2030,12,1,1,0.010000000000000002
266,e_demand,2030,12,2,2,0.010000000000000002
267,e_demand,2030,12,3,3,0.010000000000000002
268,e_demand,2030,12,4,4,0.010000000000000002
269,e_demand,2030,12,5,5,0.010000000000000002
270,e_demand,2030,12,6,6,0.010000000000000002
271,e_demand,2030,12,7,7,0.010000000000000002
272,e_demand,2030,12,8,8,0.010000000000000002
273,e_demand,2030,12,9,9,0.010000000000000002
274,e_demand,2030,12,10,10,0.010000000000000002
275,e_demand,2030,12,11,11,0.010000000000000002
276,e_demand,2030,12,12,12,0.010000000000000002
277,e_demand,2030,12,13,13,0.010000000000000002
278,e_demand,2030,12,14,14,0.010000000000000002
279,e_demand,2030,12,15,15,0.010000000000000002
280,e_demand,2030,12,16,16,0.010000000000000002
281,e_demand,2030,12,17,17,0.010000000000000002
282,e_demand,2030,12,18,18,0.010000000000000002
283,e_demand,2030,12,19,19,0.010000000000000002
284,e_demand,2030,12,20,20,0.010000000000000002
285,e_demand,2030,12,21,21,0.010000000000000002
286,e_demand,2030,12,22,22,0.010000000000000002
287,e_demand,2030,12,23,23,0.010000000000000002
288,e_demand,2030,12,24,24,0.010000000000000002
289,e_demand,2030,13,1,1,0.010000000000000002
290,e_demand,2030,13,2,2,0.010000000000000002
291,e_demand,2030,13,3,3,0.010000000000000002
292,e_demand,2030,13,4,4,0.010000000000000002
293,e_demand,2030,13,5,5,0.010000000000000002
294,e_demand,2030,13,6,6,0.010000000000000002
295,e_demand,2030,13,7,7,0.010000000000000002
296,e_demand,2030,13,8,8,0.010000000000000002
297,e_demand,2030,13,9,9,0.010000000000000002
298,e_demand,2030,13,10,10,0.010000000000000002
299,e_demand,2030,13,11,11,0.010000000000000002
300,e_demand,2030,13,12,12,0.010000000000000002
301,e_demand,2030,13,13,13,0.010000000000000002
302,e_demand,2030,13,14,14,0.010000000000000002
303,e_demand,2030,13,15,15,0.010000000000000002
304,e_demand,2030,13,16,16,0.010000000000000002
305,e_demand,2030,13,17,17,0.010000000000000002
306,e_demand,2030,13,18,18,0.010000000000000002
307,e_demand,2030,13,19,19,0.010000000000000002
308,e_demand,2030,13,20,20,0.010000000000000002
309,e_demand,2030,13,21,21,0.010000000000000002
310,e_demand,2030,13,22,22,0.010000000000000002
311,e_demand,2030,13,23,23,0.010000000000000002
312,e_demand,2030,13,24,24,0.010000000000000002
313,e_demand,2030,14,1,1,0.010000000000000002
314,e_demand,2030,14,2,2,0.010000000000000002
315,e_demand,2030,14,3,3,0.010000000000000002
316,e_demand,2030,14,4,4,0.010000000000000002
317,e_demand,2030,14,5,5,0.010000000000000002
318,e_demand,2030,14,6,6,0.010000000000000002
319,e_demand,2030,14,7,7,0.010000000000000002
320,e_demand,2030,14,8,8,0.010000000000000002
321,e_demand,2030,14,9,9,0.010000000000000002
322,e_demand,2030,14,10,10,0.010000000000000002
323,e_demand,2030,14,11,11,0.010000000000000002
324,e_demand,2030,14,12,12,0.010000000000000002
325,e_demand,2030,14,13,13,0.010000000000000002
326,e_demand,2030,14,14,14,0.010000000000000002
327,e_demand,2030,14,15,15,0.010000000000000002
328,e_demand,2030,14,16,16,0.010000000000000002
329,e_demand,2030,14,17,17,0.010000000000000002
330,e_demand,2030,14,18,18,0.010000000000000002
331,e_demand,2030,14,19,19,0.010000000000000002
332,e_demand,2030,14,20,20,0.010000000000000002
333,e_demand,2030,14,21,21,0.010000000000000002
334,e_demand,2030,14,22,22,0.010000000000000002
335,e_demand,2030,14,23,23,0.010000000000000002
336,e_demand,2030,14,24,24,0.010000000000000002
337,e_demand,2030,15,1,1,0.010000000000000002
338,e_demand,2030,15,2,2,0.010000000000000002
339,e_demand,2030,15,3,3,0.010000000000000002
340,e_demand,2030,15,4,4,0.010000000000000002
341,e_demand,2030,15,5,5,0.010000000000000002
342,e_demand,2030,15,6,6,0.010000000000000002
343,e_demand,2030,15,7,7,0.010000000000000002
344,e_demand,2030,15,8,8,0.010000000000000002
345,e_demand,2030,15,9,9,0.010000000000000002
346,e_demand,2030,15,10,10,0.010000000000000002
347,e_demand,2030,15,11,11,0.010000000000000002
348,e_demand,2030,15,12,12,0.010000000000000002
349,e_demand,2030,15,13,13,0.010000000000000002
350,e_demand,2030,15,14,14,0.010000000000000002
351,e_demand,2030,15,15,15,0.010000000000000002
352,e_demand,2030,15,16,16,0.010000000000000002
353,e_demand,2030,15,17,17,0.010000000000000002
354,e_demand,2030,15,18,18,0.010000000000000002
355,e_demand,2030,15,19,19,0.010000000000000002
356,e_demand,2030,15,20,20,0.010000000000000002
357,e_demand,2030,15,21,21,0.010000000000000002
358,e_demand,2030,15,22,22,0.010000000000000002
359,e_demand,2030,15,23,23,0.010000000000000002
360,e_demand,2030,15,24,24,0.010000000000000002
361,e_demand,2030,16,1,1,0.010000000000000002
362,e_demand,2030,16,2,2,0.010000000000000002
363,e_demand,2030,16,3,3,0.010000000000000002
364,e_demand,2030,16,4,4,0.010000000000000002
365,e_demand,2030,16,5,5,0.010000000000000002
366,e_demand,2030,16,6,6,0.010000000000000002
367,e_demand,2030,16,7,7,0.010000000000000002
368,e_demand,2030,16,8,8,0.010000000000000002
369,e_demand,2030,16,9,9,0.010000000000000002
370,e_demand,2030,16,10,10,0.010000000000000002
371,e_demand,2030,16,11,11,0.010000000000000002
372,e_demand,2030,16,12,12,0.010000000000000002
373,e_demand,2030,16,13,13,0.010000000000000002
374,e_demand,2030,16,14,14,0.010000000000000002
375,e_demand,2030,16,15,15,0.010000000000000002
376,e_demand,2030,16,16,16,0.010000000000000002
377,e_demand,2030,16,17,17,0.010000000000000002
378,e_demand,2030,16,18,18,0.010000000000000002
379,e_demand,2030,16,19,19,0.010000000000000002
380,e_demand,2030,16,20,20,0.010000000000000002
381,e_demand,2030,16,21,21,0.010000000000000002
382,e_demand,2030,16,22,22,0.010000000000000002
383,e_demand,2030,16,23,23,0.010000000000000002
384,e_demand,2030,16,24,24,0.010000000000000002
385,e_demand,2030,17,1,1,0.010000000000000002
386,e_demand,2030,17,2,2,0.010000000000000002
387,e_demand,2030,17,3,3,0.010000000000000002
388,e_demand,2030,17,4,4,0.010000000000000002
389,e_demand,2030,17,5,5,0.010000000000000002
390,e_demand,2030,17,6,6,0.010000000000000002
391,e_demand,2030,17,7,7,0.010000000000000002
392,e_demand,2030,17,8,8,0.010000000000000002
393,e_demand,2030,17,9,9,0.010000000000000002
394,e_demand,2030,17,10,10,0.010000000000000002
395,e_demand,2030,17,11,11,0.010000000000000002
396,e_demand,2030,17,12,12,0.010000000000000002
397,e_demand,2030,17,13,13,0.010000000000000002
398,e_demand,2030,17,14,14,0.010000000000000002
399,e_demand,2030,17,15,15,0.010000000000000002
400,e_demand,2030,17,16,16,0.010000000000000002
401,e_demand,2030,17,17,17,0.010000000000000002
402,e_demand,2030,17,18,18,0.010000000000000002
403,e_demand,2030,17,19,19,0.010000000000000002
404,e_demand,2030,17,20,20,0.010000000000000002
405,e_demand,2030,17,21,21,0.010000000000000002
406,e_demand,2030,17,22,22,0.010000000000000002
407,e_demand,2030,17,23,23,0.010000000000000002
408,e_demand,2030,17,24,24,0.010000000000000002
409,e_demand,2030,18,1,1,0.010000000000000002
410,e_demand,2030,18,2,2,0.010000000000000002
411,e_demand,2030,18,3,3,0.010000000000000002
412,e_demand,2030,18,4,4,0.010000000000000002
413,e_demand,2030,18,5,5,0.010000000000000002
414,e_demand,2030,18,6,6,0.010000000000000002
415,e_demand,2030,18,7,7,0.010000000000000002
416,e_demand,2030,18,8,8,0.010000000000000002
417,e_demand,2030,18,9,9,0.010000000000000002
418,e_demand,2030,18,10,10,0.010000000000000002
419,e_demand,2030,18,11,11,0.010000000000000002
420,e_demand,2030,18,12,12,0.010000000000000002
421,e_demand,2030,18,13,13,0.010000000000000002
422,e_demand,2030,18,14,14,0.010000000000000002
423,e_demand,2030,18,15,15,0.010000000000000002
424,e_demand,2030,18,16,16,0.010000000000000002
425,e_demand,2030,18,17,17,0.010000000000000002
426,e_demand,2030,18,18,18,0.010000000000000002
427,e_demand,2030,18,19,19,0.010000000000000002
428,e_demand,2030,18,20,20,0.010000000000000002
429,e_demand,2030,18,21,21,0.010000000000000002
430,e_demand,2030,18,22,22,0.010000000000000002
431,e_demand,2030,18,23,23,0.010000000000000002
432,e_demand,2030,18,24,24,0.010000000000000002
433,e_demand,2030,19,1,1,0.010000000000000002
434,e_demand,2030,19,2,2,0.010000000000000002
435,e_demand,2030,19,3,3,0.010000000000000002
436,e_demand,2030,19,4,4,0.010000000000000002
437,e_demand,2030,19,5,5,0.010000000000000002
438,e_demand,2030,19,6,6,0.010000000000000002
439,e_demand,2030,19,7,7,0.010000000000000002
440,e_demand,2030,19,8,8,0.010000000000000002
441,e_demand,2030,19,9,9,0.010000000000000002
442,e_demand,2030,19,10,10,0.010000000000000002
443,e_demand,2030,19,11,11,0.010000000000000002
444,e_demand,2030,19,12,12,0.010000000000000002
445,e_demand,2030,19,13,13,0.010000000000000002
446,e_demand,2030,19,14,14,0.010000000000000002
447,e_demand,2030,19,15,15,0.010000000000000002
448,e_demand,2030,19,16,16,0.010000000000000002
449,e_demand,2030,19,17,17,0.010000000000000002
450,e_demand,2030,19,18,18,0.010000000000000002
451,e_demand,2030,19,19,19,0.010000000000000002
452,e_demand,2030,19,20,20,0.010000000000000002
453,e_demand,2030,19,21,21,0.010000000000000002
454,e_demand,2030,19,22,22,0.010000000000000002
455,e_demand,2030,19,23,23,0.010000000000000002
456,e_demand,2030,19,24,24,0.010000000000000002
457,e_demand,2030,20,1,1,0.010000000000000002
458,e_demand,2030,20,2,2,0.010000000000000002
459,e_demand,2030,20,3,3,0.010000000000000002
460,e_demand,2030,20,4,4,0.010000000000000002
461,e_demand,2030,20,5,5,0.010000000000000002
462,e_demand,2030,20,6,6,0.010000000000000002
463,e_demand,2030,20,7,7,0.010000000000000002
464,e_demand,2030,20,8,8,0.010000000000000002
465,e_demand,2030,20,9,9,0.010000000000000002
466,e_demand,2030,20,10,10,0.010000000000000002
467,e_demand,2030,20,11,11,0.010000000000000002
468,e_demand,2030,20,12,12,0.010000000000000002
469,e_demand,2030,20,13,13,0.010000000000000002
470,e_demand,2030,20,14,14,0.010000000000000002
471,e_demand,2030,20,15,15,0.010000000000000002
472,e_demand,2030,20,16,16,0.010000000000000002
473,e_demand,2030,20,17,17,0.010000000000000002
474,e_demand,2030,20,18,18,0.010000000000000002
475,e_demand,2030,20,19,19,0.010000000000000002
476,e_demand,2030,20,20,20,0.010000000000000002
477,e_demand,2030,20,21,21,0.010000000000000002
478,e_demand,2030,20,22,22,0.010000000000000002
479,e_demand,2030,20,23,23,0.010000000000000002
480,e_demand,2030,20,24,24,0.010000000000000002
481,e_demand,2030,21,1,1,0.010000000000000002
482,e_demand,2030,21,2,2,0.010000000000000002
483,e_demand,2030,21,3,3,0.010000000000000002
484,e_demand,2030,21,4,4,0.010000000000000002
485,e_demand,2030,21,5,5,0.010000000000000002
486,e_demand,2030,21,6,6,0.010000000000000002
487,e_demand,2030,21,7,7,0.010000000000000002
488,e_demand,2030,21,8,8,0.010000000000000002
489,e_demand,2030,21,9,9,0.010000000000000002
490,e_demand,2030,21,10,10,0.010000000000000002
491,e_demand,2030,21,11,11,0.010000000000000002
492,e_demand,2030,21,12,12,0.010000000000000002
493,e_demand,2030,21,13,13,0.010000000000000002
494,e_demand,2030,21,14,14,0.010000000000000002
495,e_demand,2030,21,15,15,0.010000000000000002
496,e_demand,2030,21,16,16,0.010000000000000002
497,e_demand,2030,21,17,17,0.010000000000000002
498,e_demand,2030,21,18,18,0.010000000000000002
499,e_demand,2030,21,19,19,0.010000000000000002
500,e_demand,2030,21,20,20,0.010000000000000002
501,e_demand,2030,21,21,21,0.010000000000000002
502,e_demand,2030,21,22,22,0.010000000000000002
503,e_demand,2030,21,23,23,0.010000000000000002
504,e_demand,2030,21,24,24,0.010000000000000002
505,e_demand,2030,22,1,1,0.010000000000000002
506,e_demand,2030,22,2,2,0.010000000000000002
507,e_demand,2030,22,3,3,0.010000000000000002
508,e_demand,2030,22,4,4,0.010000000000000002
509,e_demand,2030,22,5,5,0.010000000000000002
510,e_demand,2030,22,6,6,0.010000000000000002
511,e_demand,2030,22,7,7,0.010000000000000002
512,e_demand,2030,22,8,8,0.010000000000000002
513,e_demand,2030,22,9,9,0.010000000000000002
514,e_demand,2030,22,10,10,0.010000000000000002
515,e_demand,2030,22,11,11,0.010000000000000002
516,e_demand,2030,22,12,12,0.010000000000000002
517,e_demand,2030,22,13,13,0.010000000000000002
518,e_demand,2030,22,14,14,0.010000000000000002
519,e_demand,2030,22,15,15,0.010000000000000002
520,e_demand,2030,22,16,16,0.010000000000000002
521,e_demand,2030,22,17,17,0.010000000000000002
522,e_demand,2030,22,18,18,0.010000000000000002
523,e_demand,2030,22,19,19,0.010000000000000002
524,e_demand,2030,22,20,20,0.010000000000000002
525,e_demand,2030,22,21,21,0.010000000000000002
526,e_demand,2030,22,22,22,0.010000000000000002
527,e_demand,2030,22,23,23,0.010000000000000002
528,e_demand,2030,22,24,24,0.010000000000000002
529,e_demand,2030,23,1,1,0.010000000000000002
530,e_demand,2030,23,2,2,0.010000000000000002
531,e_demand,2030,23,3,3,0.010000000000000002
532,e_demand,2030,23,4,4,0.010000000000000002
533,e_demand,2030,23,5,5,0.010000000000000002
534,e_demand,2030,23,6,6,0.010000000000000002
535,e_demand,2030,23,7,7,0.010000000000000002
536,e_demand,2030,23,8,8,0.010000000000000002
537,e_demand,2030,23,9,9,0.010000000000000002
538,e_demand,2030,23,10,10,0.010000000000000002
539,e_demand,2030,23,11,11,0.010000000000000002
540,e_demand,2030,23,12,12,0.010000000000000002
541,e_demand,2030,23,13,13,0.010000000000000002
542,e_demand,2030,23,14,14,0.010000000000000002
543,e_demand,2030,23,15,15,0.010000000000000002
544,e_demand,2030,23,16,16,0.010000000000000002
545,e_demand,2030,23,17,17,0.010000000000000002
546,e_demand,2030,23,18,18,0.010000000000000002
547,e_demand,2030,23,19,19,0.010000000000000002
548,e_demand,2030,23,20,20,0.010000000000000002
549,e_demand,2030,23,21,21,0.010000000000000002
550,e_demand,2030,23,22,22,0.010000000000000002
551,e_demand,2030,23,23,23,0.010000000000000002
552,e_demand,2030,23,24,24,0.010000000000000002
553,e_demand,2030,24,1,1,0.010000000000000002
554,e_demand,2030,24,2,2,0.010000000000000002
555,e_demand,2030,24,3,3,0.010000000000000002
556,e_demand,2030,24,4,4,0.010000000000000002
557,e_demand,2030,24,5,5,0.010000000000000002
558,e_demand,2030,24,6,6,0.010000000000000002
559,e_demand,2030,24,7,7,0.010000000000000002
560,e_demand,2030,24,8,8,0.010000000000000002
561,e_demand,2030,24,9,9,0.010000000000000002
562,e_demand,2030,24,10,10,0.010000000000000002
563,e_demand,2030,24,11,11,0.010000000000000002
564,e_demand,2030,24,12,12,0.010000000000000002
565,e_demand,2030,24,13,13,0.010000000000000002
566,e_demand,2030,24,14,14,0.010000000000000002
567,e_demand,2030,24,15,15,0.010000000000000002
568,e_demand,2030,24,16,16,0.010000000000000002
569,e_demand,2030,24,17,17,0.010000000000000002
570,e_demand,2030,24,18,18,0.010000000000000002
571,e_demand,2030,24,19,19,0.010000000000000002
572,e_demand,2030,24,20,20,0.010000000000000002
573,e_demand,2030,24,21,21,0.010000000000000002
574,e_demand,2030,24,22,22,0.010000000000000002
575,e_demand,2030,24,23,23,0.010000000000000002
576,e_demand,2030,24,24,24,0.010000000000000002
577,e_demand,2030,25,1,1,0.010000000000000002
578,e_demand,2030,25,2,2,0.010000000000000002
579,e_demand,2030,25,3,3,0.010000000000000002
580,e_demand,2030,25,4,4,0.010000000000000002
581,e_demand,2030,25,5,5,0.010000000000000002
582,e_demand,2030,25,6,6,0.010000000000000002
583,e_demand,2030,25,7,7,0.010000000000000002
584,e_demand,2030,25,8,8,0.010000000000000002
585,e_demand,2030,25,9,9,0.010000000000000002
586,e_demand,2030,25,10,10,0.010000000000000002
587,e_demand,2030,25,11,11,0.010000000000000002
588,e_demand,2030,25,12,12,0.010000000000000002
589,e_demand,2030,25,13,13,0.010000000000000002
590,e_demand,2030,25,14,14,0.010000000000000002
591,e_demand,2030,25,15,15,0.010000000000000002
592,e_demand,2030,25,16,16,0.010000000000000002
593,e_demand,2030,25,17,17,0.010000000000000002
594,e_demand,2030,25,18,18,0.010000000000000002
595,e_demand,2030,25,19,19,0.010000000000000002
596,e_demand,2030,25,20,20,0.010000000000000002
597,e_demand,2030,25,21,21,0.010000000000000002
598,e_demand,2030,25,22,22,0.010000000000000002
599,e_demand,2030,25,23,23,0.010000000000000002
600,e_demand,2030,25,24,24,0.010000000000000002
601,e_demand,2030,26,1,1,0.010000000000000002
602,e_demand,2030,26,2,2,0.010000000000000002
603,e_demand,2030,26,3,3,0.010000000000000002
604,e_demand,2030,26,4,4,0.010000000000000002
605,e_demand,2030,26,5,5,0.010000000000000002
606,e_demand,2030,26,6,6,0.010000000000000002
607,e_demand,2030,26,7,7,0.010000000000000002
608,e_demand,2030,26,8,8,0.010000000000000002
609,e_demand,2030,26,9,9,0.010000000000000002
610,e_demand,2030,26,10,10,0.010000000000000002
611,e_demand,2030,26,11,11,0.010000000000000002
612,e_demand,2030,26,12,12,0.010000000000000002
613,e_demand,2030,26,13,13,0.010000000000000002
614,e_demand,2030,26,14,14,0.010000000000000002
615,e_demand,2030,26,15,15,0.010000000000000002
616,e_demand,2030,26,16,16,0.010000000000000002
617,e_demand,2030,26,17,17,0.010000000000000002
618,e_demand,2030,26,18,18,0.010000000000000002
619,e_demand,2030,26,19,19,0.010000000000000002
620,e_demand,2030,26,20,20,0.010000000000000002
621,e_demand,2030,26,21,21,0.010000000000000002
622,e_demand,2030,26,22,22,0.010000000000000002
623,e_demand,2030,26,23,23,0.010000000000000002
624,e_demand,2030,26,24,24,0.010000000000000002
625,e_demand,2030,27,1,1,0.010000000000000002
626,e_demand,2030,27,2,2,0.010000000000000002
627,e_demand,2030,27,3,3,0.010000000000000002
628,e_demand,2030,27,4,4,0.010000000000000002
629,e_demand,2030,27,5,5,0.010000000000000002
630,e_demand,2030,27,6,6,0.010000000000000002
631,e_demand,2030,27,7,7,0.010000000000000002
632,e_demand,2030,27,8,8,0.010000000000000002
633,e_demand,2030,27,9,9,0.010000000000000002
634,e_demand,2030,27,10,10,0.010000000000000002
635,e_demand,2030,27,11,11,0.010000000000000002
636,e_demand,2030,27,12,12,0.010000000000000002
637,e_demand,2030,27,13,13,0.010000000000000002
638,e_demand,2030,27,14,14,0.010000000000000002
639,e_demand,2030,27,15,15,0.010000000000000002
640,e_demand,2030,27,16,16,0.010000000000000002
641,e_demand,2030,27,17,17,0.010000000000000002
642,e_demand,2030,27,18,18,0.010000000000000002
643,e_demand,2030,27,19,19,0.010000000000000002
644,e_demand,2030,27,20,20,0.010000000000000002
645,e_demand,2030,27,21,21,0.010000000000000002
646,e_demand,2030,27,22,22,0.010000000000000002
647,e_demand,2030,27,23,23,0.010000000000000002
648,e_demand,2030,27,24,24,0.010000000000000002
649,e_demand,2030,28,1,1,0.010000000000000002
650,e_demand,2030,28,2,2,0.010000000000000002
651,e_demand,2030,28,3,3,0.010000000000000002
652,e_demand,2030,28,4,4,0.010000000000000002
653,e_demand,2030,28,5,5,0.010000000000000002
654,e_demand,2030,28,6,6,0.010000000000000002
655,e_demand,2030,28,7,7,0.010000000000000002
656,e_demand,2030,28,8,8,0.010000000000000002
657,e_demand,2030,28,9,9,0.010000000000000002
658,e_demand,2030,28,10,10,0.010000000000000002
659,e_demand,2030,28,11,11,0.010000000000000002
660,e_demand,2030,28,12,12,0.010000000000000002
661,e_demand,2030,28,13,13,0.010000000000000002
662,e_demand,2030,28,14,14,0.010000000000000002
663,e_demand,2030,28,15,15,0.010000000000000002
664,e_demand,2030,28,16,16,0.010000000000000002
665,e_demand,2030,28,17,17,0.010000000000000002
666,e_demand,2030,28,18,18,0.010000000000000002
667,e_demand,2030,28,19,19,0.010000000000000002
668,e_demand,2030,28,20,20,0.010000000000000002
669,e_demand,2030,28,21,21,0.010000000000000002
670,e_demand,2030,28,22,22,0.010000000000000002
671,e_demand,2030,28,23,23,0.010000000000000002
672,e_demand,2030,28,24,24,0.010000000000000002
673,e_demand,2030,29,1,1,0.010000000000000002
674,e_demand,2030,29,2,2,0.010000000000000002
675,e_demand,2030,29,3,3,0.010000000000000002
676,e_demand,2030,29,4,4,0.010000000000000002
677,e_demand,2030,29,5,5,0.010000000000000002
678,e_demand,2030,29,6,6,0.010000000000000002
679,e_demand,2030,29,7,7,0.010000000000000002
680,e_demand,2030,29,8,8,0.010000000000000002
681,e_demand,2030,29,9,9,0.010000000000000002
682,e_demand,2030,29,10,10,0.010000000000000002
683,e_demand,2030,29,11,11,0.010000000000000002
684,e_demand,2030,29,12,12,0.010000000000000002
685,e_demand,2030,29,13,13,0.010000000000000002
686,e_demand,2030,29,14,14,0.010000000000000002
687,e_demand,2030,29,15,15,0.010000000000000002
688,e_demand,2030,29,16,16,0.010000000000000002
689,e_demand,2030,29,17,17,0.010000000000000002
690,e_demand,2030,29,18,18,0.010000000000000002
691,e_demand,2030,29,19,19,0.010000000000000002
692,e_demand,2030,29,20,20,0.010000000000000002
693,e_demand,2030,29,21,21,0.010000000000000002
694,e_demand,2030,29,22,22,0.010000000000000002
695,e_demand,2030,29,23,23,0.010000000000000002
696,e_demand,2030,29,24,24,0.010000000000000002
697,e_demand,2030,30,1,1,0.05
698,e_demand,2030,30,2,2,0.05
699,e_demand,2030,30,3,3,0.05
700,e_demand,2030,30,4,4,0.05
701,e_demand,2030,30,5,5,0.05
702,e_demand,2030,30,6,6,0.05
703,e_demand,2030,30,7,7,0.05
704,e_demand,2030,30,8,8,0.05
705,e_demand,2030,30,9,9,0.05
706,e_demand,2030,30,10,10,0.05
707,e_demand,2030,30,11,11,0.05
708,e_demand,2030,30,12,12,0.05
709,e_demand,2030,30,13,13,0.05
710,e_demand,2030,30,14,14,0.05
711,e_demand,2030,30,15,15,0.05
712,e_demand,2030,30,16,16,0.05
713,e_demand,2030,30,17,17,0.05
714,e_demand,2030,30,18,18,0.05
715,e_demand,2030,30,19,19,0.05
716,e_demand,2030,30,20,20,0.05
717,e_demand,2030,30,21,21,0.05
718,e_demand,2030,30,22,22,0.05
719,e_demand,2030,30,23,23,0.05
720,e_demand,2030,30,24,24,0.05
721,h2_demand,2030,1,1,1,20.234053643494512
722,h2_demand,2030,1,2,2,20.234053643494512
723,h2_demand,2030,1,3,3,20.234053643494512
724,h2_demand,2030,1,4,4,20.234053643494512
725,h2_demand,2030,1,5,5,20.234053643494512
726,h2_demand,2030,1,6,6,20.234053643494512
727,h2_demand,2030,1,7,7,20.234053643494512
728,h2_demand,2030,1,8,8,20.234053643494512
729,h2_demand,2030,1,9,9,20.234053643494512
730,h2_demand,2030,1,10,10,20.234053643494512
731,h2_demand,2030,1,11,11,20.234053643494512
732,h2_demand,2030,1,12,12,20.234053643494512
733,h2_demand,2030,1,13,13,20.234053643494512
734,h2_demand,2030,1,14,14,20.234053643494512
735,h2_demand,2030,1,15,15,20.234053643494512
736,h2_demand,2030,1,16,16,20.234053643494512
737,h2_demand,2030,1,17,17,20.234053643494512
738,h2_demand,2030,1,18,18,20.234053643494512
739,h2_demand,2030,1,19,19,20.234053643494512
740,h2_demand,2030,1,20,20,20.234053643494512
741,h2_demand,2030,1,21,21,20.234053643494512
742,h2_demand,2030,1,22,22,20.234053643494512
743,h2_demand,2030,1,23,23,20.234053643494512
744,h2_demand,2030,1,24,24,20.234053643494512
745,h2_demand,2030,2,1,1,0.015384615384615385
746,h2_demand,2030,2,2,2,0.015384615384615385
747,h2_demand,2030,2,3,3,0.015384615384615385
748,h2_demand,2030,2,4,4,0.015384615384615385
749,h2_demand,2030,2,5,5,0.015384615384615385
750,h2_demand,2030,2,6,6,0.015384615384615385
751,h2_demand,2030,2,7,7,0.015384615384615385
752,h2_demand,2030,2,8,8,0.015384615384615385
753,h2_demand,2030,2,9,9,0.015384615384615385
754,h2_demand,2030,2,10,10,0.015384615384615385
755,h2_demand,2030,2,11,11,0.015384615384615385
756,h2_demand,2030,2,12,12,0.015384615384615385
757,h2_demand,2030,2,13,13,0.015384615384615385
758,h2_demand,2030,2,14,14,0.015384615384615385
759,h2_demand,2030,2,15,15,0.015384615384615385
760,h2_demand,2030,2,16,16,0.015384615384615385
761,h2_demand,2030,2,17,17,0.015384615384615385
762,h2_demand,2030,2,18,18,0.015384615384615385
763,h2_demand,2030,2,19,19,0.015384615384615387
764,h2_demand,2030,2,20,20,0.015384615384615385
765,h2_demand,2030,2,21,21,0.015384615384615385
766,h2_demand,2030,2,22,22,0.015384615384615385
767,h2_demand,2030,2,23,23,0.015384615384615385
768,h2_demand,2030,2,24,24,0.015384615384615385
769,h2_demand,2030,3,1,1,0.015384615384615385
770,h2_demand,2030,3,2,2,0.015384615384615385
771,h2_demand,2030,3,3,3,0.015384615384615385
772,h2_demand,2030,3,4,4,0.015384615384615385
773,h2_demand,2030,3,5,5,0.015384615384615385
774,h2_demand,2030,3,6,6,0.015384615384615385
775,h2_demand,2030,3,7,7,0.015384615384615385
776,h2_demand,2030,3,8,8,0.015384615384615385
777,h2_demand,2030,3,9,9,0.015384615384615385
778,h2_demand,2030,3,10,10,0.015384615384615385
779,h2_demand,2030,3,11,11,0.015384615384615385
780,h2_demand,2030,3,12,12,0.015384615384615385
781,h2_demand,2030,3,13,13,0.015384615384615385
782,h2_demand,2030,3,14,14,0.015384615384615385
783,h2_demand,2030,3,15,15,0.015384615384615385
784,h2_demand,2030,3,16,16,0.015384615384615385
785,h2_demand,2030,3,17,17,0.015384615384615385
786,h2_demand,2030,3,18,18,0.015384615384615385
787,h2_demand,2030,3,19,19,0.015384615384615385
788,h2_demand,2030,3,20,20,0.015384615384615385
789,h2_demand,2030,3,21,21,0.015384615384615385
790,h2_demand,2030,3,22,22,0.015384615384615385
791,h2_demand,2030,3,23,23,0.015384615384615385
792,h2_demand,2030,3,24,24,0.015384615384615385
793,h2_demand,2030,4,1,1,0.015384615384615385
794,h2_demand,2030,4,2,2,0.015384615384615385
795,h2_demand,2030,4,3,3,0.015384615384615385
796,h2_demand,2030,4,4,4,0.015384615384615385
797,h2_demand,2030,4,5,5,0.015384615384615385
798,h2_demand,2030,4,6,6,0.015384615384615385
799,h2_demand,2030,4,7,7,0.015384615384615385
800,h2_demand,2030,4,8,8,0.015384615384615385
801,h2_demand,2030,4,9,9,0.015384615384615385
802,h2_demand,2030,4,10,10,0.015384615384615385
803,h2_demand,2030,4,11,11,0.015384615384615385
804,h2_demand,2030,4,12,12,0.015384615384615385
805,h2_demand,2030,4,13,13,0.015384615384615385
806,h2_demand,2030,4,14,14,0.015384615384615385
807,h2_demand,2030,4,15,15,0.015384615384615385
808,h2_demand,2030,4,16,16,0.015384615384615385
809,h2_demand,2030,4,17,17,0.015384615384615385
810,h2_demand,2030,4,18,18,0.015384615384615385
811,h2_demand,2030,4,19,19,0.015384615384615385
812,h2_demand,2030,4,20,20,0.015384615384615385
813,h2_demand,2030,4,21,21,0.015384615384615385
814,h2_demand,2030,4,22,22,0.015384615384615385
815,h2_demand,2030,4,23,23,0.015384615384615385
816,h2_demand,2030,4,24,24,0.015384615384615385
817,h2_demand,2030,5,1,1,0.015384615384615385
818,h2_demand,2030,5,2,2,0.015384615384615385
819,h2_demand,2030,5,3,3,0.015384615384615385
820,h2_demand,2030,5,4,4,0.015384615384615385
821,h2_demand,2030,5,5,5,0.015384615384615385
822,h2_demand,2030,5,6,6,0.015384615384615385
823,h2_demand,2030,5,7,7,0.015384615384615385
824,h2_demand,2030,5,8,8,0.015384615384615385
825,h2_demand,2030,5,9,9,0.015384615384615385
826,h2_demand,2030,5,10,10,0.015384615384615385
827,h2_demand,2030,5,11,11,0.015384615384615385
828,h2_demand,2030,5,12,12,0.015384615384615385
829,h2_demand,2030,5,13,13,0.015384615384615385
830,h2_demand,2030,5,14,14,0.015384615384615387
831,h2_demand,2030,5,15,15,0.015384615384615385
832,h2_demand,2030,5,16,16,0.015384615384615385
833,h2_demand,2030,5,17,17,0.015384615384615385
834,h2_demand,2030,5,18,18,0.015384615384615385
835,h2_demand,2030,5,19,19,0.015384615384615385
836,h2_demand,2030,5,20,20,0.015384615384615385
837,h2_demand,2030,5,21,21,0.015384615384615385
838,h2_demand,2030,5,22,22,0.015384615384615385
839,h2_demand,2030,5,23,23,0.015384615384615385
840,h2_demand,2030,5,24,24,0.015384615384615385
841,h2_demand,2030,6,1,1,0.14004176564871532
842,h2_demand,2030,6,2,2,0.14004176564871532
843,h2_demand,2030,6,3,3,0.14004176564871532
844,h2_demand,2030,6,4,4,0.14004176564871532
845,h2_demand,2030,6,5,5,0.14004176564871532
846,h2_demand,2030,6,6,6,0.14004176564871532
847,h2_demand,2030,6,7,7,0.14004176564871532
848,h2_demand,2030,6,8,8,0.14004176564871532
849,h2_demand,2030,6,9,9,0.14004176564871532
850,h2_demand,2030,6,10,10,0.14004176564871532
851,h2_demand,2030,6,11,11,0.14004176564871532
852,h2_demand,2030,6,12,12,0.14004176564871532
853,h2_demand,2030,6,13,13,0.14004176564871532
854,h2_demand,2030,6,14,14,0.14004176564871532
855,h2_demand,2030,6,15,15,0.14004176564871532
856,h2_demand,2030,6,16,16,0.14004176564871532
857,h2_demand,2030,6,17,17,0.14004176564871532
858,h2_demand,2030,6,18,18,0.14004176564871532
859,h2_demand,2030,6,19,19,0.14004176564871532
860,h2_demand,2030,6,20,20,0.14004176564871532
861,h2_demand,2030,6,21,21,0.14004176564871532
862,h2_demand,2030,6,22,22,0.14004176564871532
863,h2_demand,2030,6,23,23,0.14004176564871532
864,h2_demand,2030,6,24,24,0.14004176564871532
865,h2_demand,2030,7,1,1,0.14004176564871532
866,h2_demand,2030,7,2,2,0.14004176564871532
867,h2_demand,2030,7,3,3,0.14004176564871532
868,h2_demand,2030,7,4,4,0.14004176564871532
869,h2_demand,2030,7,5,5,0.14004176564871532
870,h2_demand,2030,7,6,6,0.14004176564871532
871,h2_demand,2030,7,7,7,0.14004176564871532
872,h2_demand,2030,7,8,8,0.14004176564871532
873,h2_demand,2030,7,9,9,0.14004176564871532
874,h2_demand,2030,7,10,10,0.14004176564871532
875,h2_demand,2030,7,11,11,0.14004176564871532
876,h2_demand,2030,7,12,12,0.14004176564871532
877,h2_demand,2030,7,13,13,0.33145980035198885
878,h2_demand,2030,7,14,14,0.33145980035198885
879,h2_demand,2030,7,15,15,0.33145980035198885
880,h2_demand,2030,7,16,16,0.33145980035198885
881,h2_demand,2030,7,17,17,0.33145980035198885
882,h2_demand,2030,7,18,18,0.33145980035198885
883,h2_demand,2030,7,19,19,0.33145980035198885
884,h2_demand,2030,7,20,20,0.14004176564871532
885,h2_demand,2030,7,21,21,0.14004176564871532
886,h2_demand,2030,7,22,22,0.14004176564871532
887,h2_demand,2030,7,23,23,0.14004176564871532
888,h2_demand,2030,7,24,24,0.14004176564871532
889,h2_demand,2030,8,1,1,0.015384615384615385
890,h2_demand,2030,8,2,2,0.015384615384615385
891,h2_demand,2030,8,3,3,0.015384615384615385
892,h2_demand,2030,8,4,4,0.015384615384615385
893,h2_demand,2030,8,5,5,0.015384615384615385
894,h2_demand,2030,8,6,6,0.015384615384615385
895,h2_demand,2030,8,7,7,0.015384615384615385
896,h2_demand,2030,8,8,8,0.015384615384615385
897,h2_demand,2030,8,9,9,0.015384615384615385
898,h2_demand,2030,8,10,10,0.015384615384615385
899,h2_demand,2030,8,11,11,0.015384615384615385
900,h2_demand,2030,8,12,12,0.015384615384615385
901,h2_demand,2030,8,13,13,0.015384615384615385
902,h2_demand,2030,8,14,14,0.015384615384615385
903,h2_demand,2030,8,15,15,0.015384615384615385
904,h2_demand,2030,8,16,16,0.015384615384615385
905,h2_demand,2030,8,17,17,0.015384615384615385
906,h2_demand,2030,8,18,18,0.015384615384615385
907,h2_demand,2030,8,19,19,0.015384615384615385
908,h2_demand,2030,8,20,20,0.015384615384615385
909,h2_demand,2030,8,21,21,0.015384615384615385
910,h2_demand,2030,8,22,22,0.015384615384615385
911,h2_demand,2030,8,23,23,0.015384615384615385
912,h2_demand,2030,8,24,24,0.015384615384615385
913,h2_demand,2030,9,1,1,0.015384615384615385
914,h2_demand,2030,9,2,2,0.015384615384615385
915,h2_demand,2030,9,3,3,0.015384615384615385
916,h2_demand,2030,9,4,4,0.015384615384615385
917,h2_demand,2030,9,5,5,0.015384615384615385
918,h2_demand,2030,9,6,6,0.015384615384615385
919,h2_demand,2030,9,7,7,0.015384615384615385
920,h2_demand,2030,9,8,8,0.015384615384615385
921,h2_demand,2030,9,9,9,0.015384615384615385
922,h2_demand,2030,9,10,10,0.015384615384615385
923,h2_demand,2030,9,11,11,0.015384615384615385
924,h2_demand,2030,9,12,12,0.015384615384615385
925,h2_demand,2030,9,13,13,0.015384615384615385
926,h2_demand,2030,9,14,14,0.015384615384615385
927,h2_demand,2030,9,15,15,0.015384615384615385
928,h2_demand,2030,9,16,16,0.015384615384615385
929,h2_demand,2030,9,17,17,0.015384615384615385
930,h2_demand,2030,9,18,18,0.015384615384615385
931,h2_demand,2030,9,19,19,0.015384615384615385
932,h2_demand,2030,9,20,20,0.015384615384615385
933,h2_demand,2030,9,21,21,0.015384615384615385
934,h2_demand,2030,9,22,22,0.015384615384615385
935,h2_demand,2030,9,23,23,0.015384615384615385
936,h2_demand,2030,9,24,24,0.015384615384615385
937,h2_demand,2030,10,1,1,0.015384615384615385
938,h2_demand,2030,10,2,2,0.015384615384615385
939,h2_demand,2030,10,3,3,0.015384615384615385
940,h2_demand,2030,10,4,4,0.015384615384615385
941,h2_demand,2030,10,5,5,0.015384615384615385
942,h2_demand,2030,10,6,6,0.015384615384615385
943,h2_demand,2030,10,7,7,0.015384615384615385
944,h2_demand,2030,10,8,8,0.015384615384615385
945,h2_demand,2030,10,9,9,0.015384615384615385
946,h2_demand,2030,10,10,10,0.015384615384615385
947,h2_demand,2030,10,11,11,0.015384615384615385
948,h2_demand,2030,10,12,12,0.015384615384615385
949,h2_demand,2030,10,13,13,0.015384615384615385
950,h2_demand,2030,10,14,14,0.015384615384615385
951,h2_demand,2030,10,15,15,0.015384615384615385
952,h2_demand,2030,10,16,16,0.015384615384615385
953,h2_demand,2030,10,17,17,0.015384615384615385
954,h2_demand,2030,10,18,18,0.015384615384615385
955,h2_demand,2030,10,19,19,0.015384615384615385
956,h2_demand,2030,10,20,20,0.015384615384615385
957,h2_demand,2030,10,21,21,0.015384615384615385
958,h2_demand,2030,10,22,22,0.015384615384615385
959,h2_demand,2030,10,23,23,0.015384615384615385
960,h2_demand,2030,10,24,24,0.015384615384615385
961,h2_demand,2030,11,1,1,0.015384615384615385
962,h2_demand,2030,11,2,2,0.015384615384615385
963,h2_demand,2030,11,3,3,0.015384615384615385
964,h2_demand,2030,11,4,4,0.015384615384615385
965,h2_demand,2030,11,5,5,0.015384615384615385
966,h2_demand,2030,11,6,6,0.015384615384615385
967,h2_demand,2030,11,7,7,0.015384615384615385
968,h2_demand,2030,11,8,8,0.015384615384615385
969,h2_demand,2030,11,9,9,0.015384615384615385
970,h2_demand,2030,11,10,10,0.015384615384615385
971,h2_demand,2030,11,11,11,0.015384615384615385
972,h2_demand,2030,11,12,12,0.015384615384615385
973,h2_demand,2030,11,13,13,0.015384615384615385
974,h2_demand,2030,11,14,14,0.015384615384615385
975,h2_demand,2030,11,15,15,0.015384615384615385
976,h2_demand,2030,11,16,16,0.015384615384615385
977,h2_demand,2030,11,17,17,0.015384615384615385
978,h2_demand,2030,11,18,18,0.015384615384615385
979,h2_demand,2030,11,19,19,0.015384615384615385
980,h2_demand,2030,11,20,20,0.015384615384615385
981,h2_demand,2030,11,21,21,0.015384615384615385
982,h2_demand,2030,11,22,22,0.015384615384615385
983,h2_demand,2030,11,23,23,0.015384615384615385
984,h2_demand,2030,11,24,24,0.015384615384615385
985,h2_demand,2030,12,1,1,0.015384615384615385
986,h2_demand,2030,12,2,2,0.015384615384615385
987,h2_demand,2030,12,3,3,0.015384615384615385
988,h2_demand,2030,12,4,4,0.015384615384615385
989,h2_demand,2030,12,5,5,0.015384615384615385
990,h2_demand,2030,12,6,6,0.015384615384615385
991,h2_demand,2030,12,7,7,0.015384615384615385
992,h2_demand,2030,12,8,8,0.015384615384615385
993,h2_demand,2030,12,9,9,0.015384615384615385
994,h2_demand,2030,12,10,10,0.015384615384615385
995,h2_demand,2030,12,11,11,0.015384615384615385
996,h2_demand,2030,12,12,12,0.015384615384615385
997,h2_demand,2030,12,13,13,0.015384615384615385
998,h2_demand,2030,12,14,14,0.015384615384615385
999,h2_demand,2030,12,15,15,0.015384615384615385
1000,h2_demand,2030,12,16,16,0.015384615384615385
1001,h2_demand,2030,12,17,17,0.015384615384615385
1002,h2_demand,2030,12,18,18,0.015384615384615385
1003,h2_demand,2030,12,19,19,0.015384615384615385
1004,h2_demand,2030,12,20,20,0.015384615384615385
1005,h2_demand,2030,12,21,21,0.015384615384615385
1006,h2_demand,2030,12,22,22,0.015384615384615385
1007,h2_demand,2030,12,23,23,0.015384615384615385
1008,h2_demand,2030,12,24,24,0.015384615384615385
1009,h2_demand,2030,13,1,1,0.015384615384615385
1010,h2_demand,2030,13,2,2,0.015384615384615385
1011,h2_demand,2030,13,3,3,0.015384615384615385
1012,h2_demand,2030,13,4,4,0.015384615384615385
1013,h2_demand,2030,13,5,5,0.015384615384615385
1014,h2_demand,2030,13,6,6,0.015384615384615385
1015,h2_demand,2030,13,7,7,0.015384615384615385
1016,h2_demand,2030,13,8,8,0.015384615384615385
1017,h2_demand,2030,13,9,9,0.015384615384615385
1018,h2_demand,2030,13,10,10,0.015384615384615385
1019,h2_demand,2030,13,11,11,0.015384615384615385
1020,h2_demand,2030,13,12,12,0.015384615384615385
1021,h2_demand,2030,13,13,13,0.015384615384615385
1022,h2_demand,2030,13,14,14,0.015384615384615385
1023,h2_demand,2030,13,15,15,0.015384615384615385
1024,h2_demand,2030,13,16,16,0.015384615384615385
1025,h2_demand,2030,13,17,17,0.015384615384615385
1026,h2_demand,2030,13,18,18,0.015384615384615385
1027,h2_demand,2030,13,19,19,0.015384615384615385
1028,h2_demand,2030,13,20,20,0.015384615384615385
1029,h2_demand,2030,13,21,21,0.015384615384615385
1030,h2_demand,2030,13,22,22,0.015384615384615385
1031,h2_demand,2030,13,23,23,0.015384615384615385
1032,h2_demand,2030,13,24,24,0.015384615384615385
1033,h2_demand,2030,14,1,1,0.015384615384615385
1034,h2_demand,2030,14,2,2,0.015384615384615385
1035,h2_demand,2030,14,3,3,0.015384615384615385
1036,h2_demand,2030,14,4,4,0.015384615384615385
1037,h2_demand,2030,14,5,5,0.015384615384615385
1038,h2_demand,2030,14,6,6,0.015384615384615385
1039,h2_demand,2030,14,7,7,0.015384615384615385
1040,h2_demand,2030,14,8,8,0.015384615384615385
1041,h2_demand,2030,14,9,9,0.015384615384615385
1042,h2_demand,2030,14,10,10,0.015384615384615385
1043,h2_demand,2030,14,11,11,0.015384615384615385
1044,h2_demand,2030,14,12,12,0.015384615384615385
1045,h2_demand,2030,14,13,13,0.015384615384615385
1046,h2_demand,2030,14,14,14,0.015384615384615385
1047,h2_demand,2030,14,15,15,0.015384615384615385
1048,h2_demand,2030,14,16,16,0.015384615384615385
1049,h2_demand,2030,14,17,17,0.015384615384615385
1050,h2_demand,2030,14,18,18,0.015384615384615385
1051,h2_demand,2030,14,19,19,0.015384615384615385
1052,h2_demand,2030,14,20,20,0.015384615384615385
1053,h2_demand,2030,14,21,21,0.015384615384615385
1054,h2_demand,2030,14,22,22,0.015384615384615385
1055,h2_demand,2030,14,23,23,0.015384615384615385
1056,h2_demand,2030,14,24,24,0.015384615384615385
1057,h2_demand,2030,15,1,1,0.015384615384615385
1058,h2_demand,2030,15,2,2,0.015384615384615385
1059,h2_demand,2030,15,3,3,0.015384615384615385
1060,h2_demand,2030,15,4,4,0.015384615384615385
1061,h2_demand,2030,15,5,5,0.015384615384615385
1062,h2_demand,2030,15,6,6,0.015384615384615385
1063,h2_demand,2030,15,7,7,0.015384615384615385
1064,h2_demand,2030,15,8,8,0.015384615384615385
1065,h2_demand,2030,15,9,9,0.015384615384615385
1066,h2_demand,2030,15,10,10,0.015384615384615385
1067,h2_demand,2030,15,11,11,0.015384615384615385
1068,h2_demand,2030,15,12,12,0.015384615384615385
1069,h2_demand,2030,15,13,13,0.015384615384615385
1070,h2_demand,2030,15,14,14,0.015384615384615385
1071,h2_demand,2030,15,15,15,0.015384615384615385
1072,h2_demand,2030,15,16,16,0.015384615384615385
1073,h2_demand,2030,15,17,17,0.015384615384615385
1074,h2_demand,2030,15,18,18,0.015384615384615385
1075,h2_demand,2030,15,19,19,0.015384615384615385
1076,h2_demand,2030,15,20,20,0.015384615384615385
1077,h2_demand,2030,15,21,21,0.015384615384615385
1078,h2_demand,2030,15,22,22,0.015384615384615385
1079,h2_demand,2030,15,23,23,0.015384615384615385
1080,h2_demand,2030,15,24,24,0.015384615384615385
1081,h2_demand,2030,16,1,1,0.015384615384615385
1082,h2_demand,2030,16,2,2,0.015384615384615385
1083,h2_demand,2030,16,3,3,0.015384615384615385
1084,h2_demand,2030,16,4,4,0.015384615384615385
1085,h2_demand,2030,16,5,5,0.015384615384615385
1086,h2_demand,2030,16,6,6,0.015384615384615385
1087,h2_demand,2030,16,7,7,0.015384615384615385
1088,h2_demand,2030,16,8,8,0.015384615384615385
1089,h2_demand,2030,16,9,9,0.015384615384615385
1090,h2_demand,2030,16,10,10,0.015384615384615385
1091,h2_demand,2030,16,11,11,0.015384615384615385
1092,h2_demand,2030,16,12,12,0.015384615384615385
1093,h2_demand,2030,16,13,13,0.015384615384615385
1094,h2_demand,2030,16,14,14,0.015384615384615385
1095,h2_demand,2030,16,15,15,0.015384615384615385
1096,h2_demand,2030,16,16,16,0.015384615384615385
1097,h2_demand,2030,16,17,17,0.015384615384615385
1098,h2_demand,2030,16,18,18,0.015384615384615385
1099,h2_demand,2030,16,19,19,0.015384615384615385
1100,h2_demand,2030,16,20,20,0.015384615384615385
1101,h2_demand,2030,16,21,21,0.015384615384615385
1102,h2_demand,2030,16,22,22,0.015384615384615385
1103,h2_demand,2030,16,23,23,0.015384615384615385
1104,h2_demand,2030,16,24,24,0.015384615384615385
1105,h2_demand,2030,17,1,1,0.015384615384615385
1106,h2_demand,2030,17,2,2,0.015384615384615385
1107,h2_demand,2030,17,3,3,0.015384615384615385
1108,h2_demand,2030,17,4,4,0.015384615384615385
1109,h2_demand,2030,17,5,5,0.015384615384615385
1110,h2_demand,2030,17,6,6,0.015384615384615385
1111,h2_demand,2030,17,7,7,0.015384615384615385
1112,h2_demand,2030,17,8,8,0.015384615384615385
1113,h2_demand,2030,17,9,9,0.015384615384615385
1114,h2_demand,2030,17,10,10,0.015384615384615385
1115,h2_demand,2030,17,11,11,0.015384615384615385
1116,h2_demand,2030,17,12,12,0.015384615384615385
1117,h2_demand,2030,17,13,13,0.015384615384615385
1118,h2_demand,2030,17,14,14,0.015384615384615385
1119,h2_demand,2030,17,15,15,0.015384615384615385
1120,h2_demand,2030,17,16,16,0.015384615384615385
1121,h2_demand,2030,17,17,17,0.015384615384615385
1122,h2_demand,2030,17,18,18,0.015384615384615385
1123,h2_demand,2030,17,19,19,0.015384615384615385
1124,h2_demand,2030,17,20,20,0.015384615384615385
1125,h2_demand,2030,17,21,21,0.015384615384615385
1126,h2_demand,2030,17,22,22,0.015384615384615385
1127,h2_demand,2030,17,23,23,0.015384615384615385
1128,h2_demand,2030,17,24,24,0.015384615384615385
1129,h2_demand,2030,18,1,1,0.015384615384615385
1130,h2_demand,2030,18,2,2,0.015384615384615385
1131,h2_demand,2030,18,3,3,0.015384615384615385
1132,h2_demand,2030,18,4,4,0.015384615384615385
1133,h2_demand,2030,18,5,5,0.015384615384615385
1134,h2_demand,2030,18,6,6,0.015384615384615385
1135,h2_demand,2030,18,7,7,0.015384615384615385
1136,h2_demand,2030,18,8,8,0.015384615384615385
1137,h2_demand,2030,18,9,9,0.015384615384615387
1138,h2_demand,2030,18,10,10,0.015384615384615385
1139,h2_demand,2030,18,11,11,0.015384615384615385
1140,h2_demand,2030,18,12,12,0.015384615384615385
1141,h2_demand,2030,18,13,13,0.015384615384615385
1142,h2_demand,2030,18,14,14,0.015384615384615385
1143,h2_demand,2030,18,15,15,0.015384615384615385
1144,h2_demand,2030,18,16,16,0.015384615384615385
1145,h2_demand,2030,18,17,17,0.015384615384615385
1146,h2_demand,2030,18,18,18,0.015384615384615385
1147,h2_demand,2030,18,19,19,0.015384615384615385
1148,h2_demand,2030,18,20,20,0.015384615384615385
1149,h2_demand,2030,18,21,21,0.015384615384615385
1150,h2_demand,2030,18,22,22,0.015384615384615385
1151,h2_demand,2030,18,23,23,0.015384615384615385
1152,h2_demand,2030,18,24,24,0.015384615384615385
1153,h2_demand,2030,19,1,1,0.015384615384615385
1154,h2_demand,2030,19,2,2,0.015384615384615387
1155,h2_demand,2030,19,3,3,0.015384615384615385
1156,h2_demand,2030,19,4,4,0.015384615384615385
1157,h2_demand,2030,19,5,5,0.015384615384615385
1158,h2_demand,2030,19,6,6,0.015384615384615385
1159,h2_demand,2030,19,7,7,0.015384615384615385
1160,h2_demand,2030,19,8,8,0.015384615384615385
1161,h2_demand,2030,19,9,9,0.015384615384615385
1162,h2_demand,2030,19,10,10,0.015384615384615385
1163,h2_demand,2030,19,11,11,0.015384615384615385
1164,h2_demand,2030,19,12,12,0.015384615384615385
1165,h2_demand,2030,19,13,13,0.015384615384615385
1166,h2_demand,2030,19,14,14,0.015384615384615385
1167,h2_demand,2030,19,15,15,0.015384615384615385
1168,h2_demand,2030,19,16,16,0.015384615384615385
1169,h2_demand,2030,19,17,17,0.015384615384615385
1170,h2_demand,2030,19,18,18,0.015384615384615385
1171,h2_demand,2030,19,19,19,0.015384615384615385
1172,h2_demand,2030,19,20,20,0.015384615384615385
1173,h2_demand,2030,19,21,21,0.015384615384615385
1174,h2_demand,2030,19,22,22,0.015384615384615385
1175,h2_demand,2030,19,23,23,0.015384615384615385
1176,h2_demand,2030,19,24,24,0.015384615384615387
1177,h2_demand,2030,20,1,1,0.015384615384615385
1178,h2_demand,2030,20,2,2,0.015384615384615385
1179,h2_demand,2030,20,3,3,0.015384615384615385
1180,h2_demand,2030,20,4,4,0.015384615384615387
1181,h2_demand,2030,20,5,5,0.015384615384615385
1182,h2_demand,2030,20,6,6,0.015384615384615385
1183,h2_demand,2030,20,7,7,0.015384615384615385
1184,h2_demand,2030,20,8,8,0.015384615384615385
1185,h2_demand,2030,20,9,9,0.015384615384615385
1186,h2_demand,2030,20,10,10,0.015384615384615385
1187,h2_demand,2030,20,11,11,0.015384615384615385
1188,h2_demand,2030,20,12,12,0.015384615384615385
1189,h2_demand,2030,20,13,13,0.015384615384615385
1190,h2_demand,2030,20,14,14,0.015384615384615385
1191,h2_demand,2030,20,15,15,0.015384615384615385
1192,h2_demand,2030,20,16,16,0.015384615384615385
1193,h2_demand,2030,20,17,17,0.015384615384615385
1194,h2_demand,2030,20,18,18,0.015384615384615385
1195,h2_demand,2030,20,19,19,0.015384615384615385
1196,h2_demand,2030,20,20,20,0.015384615384615385
1197,h2_demand,2030,20,21,21,0.015384615384615385
1198,h2_demand,2030,20,22,22,0.015384615384615385
1199,h2_demand,2030,20,23,23,0.015384615384615385
1200,h2_demand,2030,20,24,24,0.015384615384615385
1201,h2_demand,2030,21,1,1,0.015384615384615385
1202,h2_demand,2030,21,2,2,0.015384615384615385
1203,h2_demand,2030,21,3,3,0.015384615384615385
1204,h2_demand,2030,21,4,4,0.015384615384615385
1205,h2_demand,2030,21,5,5,0.015384615384615385
1206,h2_demand,2030,21,6,6,0.015384615384615385
1207,h2_demand,2030,21,7,7,0.015384615384615385
1208,h2_demand,2030,21,8,8,0.015384615384615385
1209,h2_demand,2030,21,9,9,0.015384615384615385
1210,h2_demand,2030,21,10,10,0.015384615384615385
1211,h2_demand,2030,21,11,11,0.015384615384615385
1212,h2_demand,2030,21,12,12,0.015384615384615385
1213,h2_demand,2030,21,13,13,0.015384615384615385
1214,h2_demand,2030,21,14,14,0.015384615384615385
1215,h2_demand,2030,21,15,15,0.015384615384615385
1216,h2_demand,2030,21,16,16,0.015384615384615385
1217,h2_demand,2030,21,17,17,0.015384615384615385
1218,h2_demand,2030,21,18,18,0.015384615384615385
1219,h2_demand,2030,21,19,19,0.015384615384615385
1220,h2_demand,2030,21,20,20,0.015384615384615387
1221,h2_demand,2030,21,21,21,0.015384615384615385
1222,h2_demand,2030,21,22,22,0.015384615384615385
1223,h2_demand,2030,21,23,23,0.015384615384615385
1224,h2_demand,2030,21,24,24,0.015384615384615385
1225,h2_demand,2030,22,1,1,0.015384615384615385
1226,h2_demand,2030,22,2,2,0.015384615384615385
1227,h2_demand,2030,22,3,3,0.015384615384615385
1228,h2_demand,2030,22,4,4,0.015384615384615385
1229,h2_demand,2030,22,5,5,0.015384615384615385
1230,h2_demand,2030,22,6,6,0.015384615384615385
1231,h2_demand,2030,22,7,7,0.015384615384615385
1232,h2_demand,2030,22,8,8,0.015384615384615385
1233,h2_demand,2030,22,9,9,0.015384615384615385
1234,h2_demand,2030,22,10,10,0.015384615384615385
1235,h2_demand,2030,22,11,11,0.015384615384615385
1236,h2_demand,2030,22,12,12,0.015384615384615385
1237,h2_demand,2030,22,13,13,0.015384615384615385
1238,h2_demand,2030,22,14,14,0.015384615384615385
1239,h2_demand,2030,22,15,15,0.015384615384615385
1240,h2_demand,2030,22,16,16,0.015384615384615385
1241,h2_demand,2030,22,17,17,0.015384615384615385
1242,h2_demand,2030,22,18,18,0.015384615384615385
1243,h2_demand,2030,22,19,19,0.015384615384615385
1244,h2_demand,2030,22,20,20,0.015384615384615385
1245,h2_demand,2030,22,21,21,0.015384615384615385
1246,h2_demand,2030,22,22,22,0.015384615384615385
1247,h2_demand,2030,22,23,23,0.015384615384615385
1248,h2_demand,2030,22,24,24,0.015384615384615385
1249,h2_demand,2030,23,1,1,0.015384615384615385
1250,h2_demand,2030,23,2,2,0.015384615384615385
1251,h2_demand,2030,23,3,3,0.015384615384615385
1252,h2_demand,2030,23,4,4,0.015384615384615385
1253,h2_demand,2030,23,5,5,0.015384615384615385
1254,h2_demand,2030,23,6,6,0.015384615384615385
1255,h2_demand,2030,23,7,7,0.015384615384615385
1256,h2_demand,2030,23,8,8,0.015384615384615385
1257,h2_demand,2030,23,9,9,0.015384615384615385
1258,h2_demand,2030,23,10,10,0.015384615384615385
1259,h2_demand,2030,23,11,11,0.015384615384615385
1260,h2_demand,2030,23,12,12,0.015384615384615385
1261,h2_demand,2030,23,13,13,0.015384615384615385
1262,h2_demand,2030,23,14,14,0.015384615384615385
1263,h2_demand,2030,23,15,15,0.015384615384615385
1264,h2_demand,2030,23,16,16,0.015384615384615385
1265,h2_demand,2030,23,17,17,0.015384615384615385
1266,h2_demand,2030,23,18,18,0.015384615384615385
1267,h2_demand,2030,23,19,19,0.015384615384615385
1268,h2_demand,2030,23,20,20,0.015384615384615385
1269,h2_demand,2030,23,21,21,0.015384615384615385
1270,h2_demand,2030,23,22,22,0.015384615384615385
1271,h2_demand,2030,23,23,23,0.015384615384615385
1272,h2_demand,2030,23,24,24,0.015384615384615385
1273,h2_demand,2030,24,1,1,0.015384615384615385
1274,h2_demand,2030,24,2,2,0.015384615384615385
1275,h2_demand,2030,24,3,3,0.015384615384615385
1276,h2_demand,2030,24,4,4,0.015384615384615385
1277,h2_demand,2030,24,5,5,0.015384615384615385
1278,h2_demand,2030,24,6,6,0.015384615384615385
1279,h2_demand,2030,24,7,7,0.015384615384615385
1280,h2_demand,2030,24,8,8,0.015384615384615385
1281,h2_demand,2030,24,9,9,0.015384615384615385
1282,h2_demand,2030,24,10,10,0.015384615384615385
1283,h2_demand,2030,24,11,11,0.015384615384615385
1284,h2_demand,2030,24,12,12,0.015384615384615385
1285,h2_demand,2030,24,13,13,0.015384615384615385
1286,h2_demand,2030,24,14,14,0.015384615384615385
1287,h2_demand,2030,24,15,15,0.015384615384615385
1288,h2_demand,2030,24,16,16,0.015384615384615387
1289,h2_demand,2030,24,17,17,0.015384615384615385
1290,h2_demand,2030,24,18,18,0.015384615384615385
1291,h2_demand,2030,24,19,19,0.015384615384615385
1292,h2_demand,2030,24,20,20,0.015384615384615385
1293,h2_demand,2030,24,21,21,0.015384615384615385
1294,h2_demand,2030,24,22,22,0.015384615384615385
1295,h2_demand,2030,24,23,23,0.015384615384615385
1296,h2_demand,2030,24,24,24,0.015384615384615385
1297,h2_demand,2030,25,1,1,0.015384615384615385
1298,h2_demand,2030,25,2,2,0.015384615384615385
1299,h2_demand,2030,25,3,3,0.015384615384615385
1300,h2_demand,2030,25,4,4,0.015384615384615385
1301,h2_demand,2030,25,5,5,0.015384615384615385
1302,h2_demand,2030,25,6,6,0.015384615384615385
1303,h2_demand,2030,25,7,7,0.015384615384615385
1304,h2_demand,2030,25,8,8,0.015384615384615385
1305,h2_demand,2030,25,9,9,0.015384615384615385
1306,h2_demand,2030,25,10,10,0.015384615384615385
1307,h2_demand,2030,25,11,11,0.015384615384615385
1308,h2_demand,2030,25,12,12,0.015384615384615385
1309,h2_demand,2030,25,13,13,0.015384615384615385
1310,h2_demand,2030,25,14,14,0.015384615384615385
1311,h2_demand,2030,25,15,15,0.015384615384615385
1312,h2_demand,2030,25,16,16,0.015384615384615385
1313,h2_demand,2030,25,17,17,0.015384615384615385
1314,h2_demand,2030,25,18,18,0.015384615384615385
1315,h2_demand,2030,25,19,19,0.015384615384615385
1316,h2_demand,2030,25,20,20,0.015384615384615385
1317,h2_demand,2030,25,21,21,0.015384615384615385
1318,h2_demand,2030,25,22,22,0.015384615384615385
1319,h2_demand,2030,25,23,23,0.015384615384615385
1320,h2_demand,2030,25,24,24,0.015384615384615385
1321,h2_demand,2030,26,1,1,0.14004176564871532
1322,h2_demand,2030,26,2,2,0.14004176564871532
1323,h2_demand,2030,26,3,3,0.14004176564871532
1324,h2_demand,2030,26,4,4,0.14004176564871532
1325,h2_demand,2030,26,5,5,0.14004176564871532
1326,h2_demand,2030,26,6,6,0.14004176564871532
1327,h2_demand,2030,26,7,7,0.14004176564871532
1328,h2_demand,2030,26,8,8,0.14004176564871532
1329,h2_demand,2030,26,9,9,0.14004176564871532
1330,h2_demand,2030,26,10,10,0.14004176564871532
1331,h2_demand,2030,26,11,11,0.14004176564871532
1332,h2_demand,2030,26,12,12,0.14004176564871532
1333,h2_demand,2030,26,13,13,0.14004176564871532
1334,h2_demand,2030,26,14,14,0.14004176564871532
1335,h2_demand,2030,26,15,15,0.14004176564871532
1336,h2_demand,2030,26,16,16,0.14004176564871532
1337,h2_demand,2030,26,17,17,0.14004176564871532
1338,h2_demand,2030,26,18,18,0.14004176564871532
1339,h2_demand,2030,26,19,19,0.14004176564871532
1340,h2_demand,2030,26,20,20,0.14004176564871532
1341,h2_demand,2030,26,21,21,0.14004176564871532
1342,h2_demand,2030,26,22,22,0.14004176564871532
1343,h2_demand,2030,26,23,23,0.14004176564871532
1344,h2_demand,2030,26,24,24,0.14004176564871532
1345,h2_demand,2030,27,1,1,0.015384615384615385
1346,h2_demand,2030,27,2,2,0.015384615384615385
1347,h2_demand,2030,27,3,3,0.015384615384615385
1348,h2_demand,2030,27,4,4,0.015384615384615385
1349,h2_demand,2030,27,5,5,0.015384615384615385
1350,h2_demand,2030,27,6,6,0.015384615384615385
1351,h2_demand,2030,27,7,7,0.015384615384615385
1352,h2_demand,2030,27,8,8,0.015384615384615385
1353,h2_demand,2030,27,9,9,0.015384615384615385
1354,h2_demand,2030,27,10,10,0.015384615384615385
1355,h2_demand,2030,27,11,11,0.015384615384615385
1356,h2_demand,2030,27,12,12,0.015384615384615385
1357,h2_demand,2030,27,13,13,0.015384615384615385
1358,h2_demand,2030,27,14,14,0.015384615384615385
1359,h2_demand,2030,27,15,15,0.015384615384615385
1360,h2_demand,2030,27,16,16,0.015384615384615385
1361,h2_demand,2030,27,17,17,0.015384615384615385
1362,h2_demand,2030,27,18,18,0.015384615384615385
1363,h2_demand,2030,27,19,19,0.015384615384615385
1364,h2_demand,2030,27,20,20,0.015384615384615385
1365,h2_demand,2030,27,21,21,0.015384615384615385
1366,h2_demand,2030,27,22,22,0.015384615384615385
1367,h2_demand,2030,27,23,23,0.015384615384615385
1368,h2_demand,2030,27,24,24,0.015384615384615385
1369,h2_demand,2030,28,1,1,0.015384615384615385
1370,h2_demand,2030,28,2,2,0.015384615384615385
1371,h2_demand,2030,28,3,3,0.015384615384615385
1372,h2_demand,2030,28,4,4,0.015384615384615385
1373,h2_demand,2030,28,5,5,0.015384615384615385
1374,h2_demand,2030,28,6,6,0.015384615384615385
1375,h2_demand,2030,28,7,7,0.015384615384615385
1376,h2_demand,2030,28,8,8,0.015384615384615385
1377,h2_demand,2030,28,9,9,0.015384615384615385
1378,h2_demand,2030,28,10,10,0.015384615384615385
1379,h2_demand,2030,28,11,11,0.015384615384615385
1380,h2_demand,2030,28,12,12,0.015384615384615385
1381,h2_demand,2030,28,13,13,0.015384615384615385
1382,h2_demand,2030,28,14,14,0.015384615384615385
1383,h2_demand,2030,28,15,15,0.015384615384615385
1384,h2_demand,2030,28,16,16,0.015384615384615385
1385,h2_demand,2030,28,17,17,0.015384615384615385
1386,h2_demand,2030,28,18,18,0.015384615384615385
1387,h2_demand,2030,28,19,19,0.015384615384615385
1388,h2_demand,2030,28,20,20,0.015384615384615385
1389,h2_demand,2030,28,21,21,0.015384615384615385
1390,h2_demand,2030,28,22,22,0.015384615384615385
1391,h2_demand,2030,28,23,23,0.015384615384615385
1392,h2_demand,2030,28,24,24,0.015384615384615385
1393,h2_demand,2030,29,1,1,0.015384615384615385
1394,h2_demand,2030,29,2,2,0.015384615384615385
1395,h2_demand,2030,29,3,3,0.015384615384615385
1396,h2_demand,2030,29,4,4,0.015384615384615385
1397,h2_demand,2030,29,5,5,0.015384615384615385
1398,h2_demand,2030,29,6,6,0.015384615384615385
1399,h2_demand,2030,29,7,7,0.015384615384615385
1400,h2_demand,2030,29,8,8,0.015384615384615385
1401,h2_demand,2030,29,9,9,0.015384615384615385
1402,h2_demand,2030,29,10,10,0.015384615384615385
1403,h2_demand,2030,29,11,11,0.015384615384615385
1404,h2_demand,2030,29,12,12,0.015384615384615385
1405,h2_demand,2030,29,13,13,0.015384615384615385
1406,h2_demand,2030,29,14,14,0.015384615384615385
1407,h2_demand,2030,29,15,15,0.015384615384615385
1408,h2_demand,2030,29,16,16,0.015384615384615385
1409,h2_demand,2030,29,17,17,0.015384615384615385
1410,h2_demand,2030,29,18,18,0.015384615384615385
1411,h2_demand,2030,29,19,19,0.015384615384615385
1412,h2_demand,2030,29,20,20,0.015384615384615385
1413,h2_demand,2030,29,21,21,0.015384615384615385
1414,h2_demand,2030,29,22,22,0.015384615384615385
1415,h2_demand,2030,29,23,23,0.015384615384615385
1416,h2_demand,2030,29,24,24,0.015384615384615385
1417,h2_demand,2030,30,1,1,0.07692307692307693
1418,h2_demand,2030,30,2,2,0.07692307692307693
1419,h2_demand,2030,30,3,3,0.07692307692307693
1420,h2_demand,2030,30,4,4,0.07692307692307693
1421,h2_demand,2030,30,5,5,0.07692307692307693
1422,h2_demand,2030,30,6,6,0.07692307692307693
1423,h2_demand,2030,30,7,7,0.07692307692307693
1424,h2_demand,2030,30,8,8,0.07692307692307693
1425,h2_demand,2030,30,9,9,0.07692307692307693
1426,h2_demand,2030,30,10,10,0.07692307692307693
1427,h2_demand,2030,30,11,11,0.07692307692307693
1428,h2_demand,2030,30,12,12,0.07692307692307693
1429,h2_demand,2030,30,13,13,0.07692307692307693
1430,h2_demand,2030,30,14,14,0.07692307692307693
1431,h2_demand,2030,30,15,15,0.07692307692307693
1432,h2_demand,2030,30,16,16,0.07692307692307693
1433,h2_demand,2030,30,17,17,0.07692307692307693
1434,h2_demand,2030,30,18,18,0.07692307692307693
1435,h2_demand,2030,30,19,19,0.07692307692307693
1436,h2_demand,2030,30,20,20,0.07692307692307693
1437,h2_demand,2030,30,21,21,0.07692307692307693
1438,h2_demand,2030,30,22,22,0.07692307692307693
1439,h2_demand,2030,30,23,23,0.07692307692307693
1440,h2_demand,2030,30,24,24,0.07692307692307693
1441,spillage,2030,1,1,1,0.0
1442,spillage,2030,1,2,2,0.0
1443,spillage,2030,1,3,3,0.0
1444,spillage,2030,1,4,4,0.0
1445,spillage,2030,1,5,5,0.0
1446,spillage,2030,1,6,6,0.0
1447,spillage,2030,1,7,7,0.0
1448,spillage,2030,1,8,8,0.0
1449,spillage,2030,1,9,9,0.0
1450,spillage,2030,1,10,10,0.0
1451,spillage,2030,1,11,11,0.0
1452,spillage,2030,1,12,12,0.0
1453,spillage,2030,1,13,13,0.0
1454,spillage,2030,1,14,14,0.0
1455,spillage,2030,1,15,15,0.0
1456,spillage,2030,1,16,16,0.0
1457,spillage,2030,1,17,17,0.0
1458,spillage,2030,1,18,18,0.0
1459,spillage,2030,1,19,19,0.0
1460,spillage,2030,1,20,20,0.0
1461,spillage,2030,1,21,21,0.0
1462,spillage,2030,1,22,22,0.0
1463,spillage,2030,1,23,23,0.0
1464,spillage,2030,1,24,24,0.0
1465,spillage,2030,2,1,1,0.0
1466,spillage,2030,2,2,2,0.0
1467,spillage,2030,2,3,3,0.0
1468,spillage,2030,2,4,4,0.0
1469,spillage,2030,2,5,5,0.0
1470,spillage,2030,2,6,6,0.0
1471,spillage,2030,2,7,7,0.0
1472,spillage,2030,2,8,8,0.0
1473,spillage,2030,2,9,9,0.0
1474,spillage,2030,2,10,10,0.0
1475,spillage,2030,2,11,11,0.0
1476,spillage,2030,2,12,12,0.0
1477,spillage,2030,2,13,13,0.0
1478,spillage,2030,2,14,14,0.0
1479,spillage,2030,2,15,15,0.0
1480,spillage,2030,2,16,16,0.0
1481,spillage,2030,2,17,17,0.0
1482,spillage,2030,2,18,18,0.0
1483,spillage,2030,2,19,19,0.0
1484,spillage,2030,2,20,20,0.0
1485,spillage,2030,2,21,21,0.0
1486,spillage,2030,2,22,22,0.0
1487,spillage,2030,2,23,23,0.0
1488,spillage,2030,2,24,24,0.0
1489,spillage,2030,3,1,1,0.0
1490,spillage,2030,3,2,2,0.0
1491,spillage,2030,3,3,3,0.0
1492,spillage,2030,3,4,4,0.0
1493,spillage,2030,3,5,5,0.0
1494,spillage,2030,3,6,6,0.0
1495,spillage,2030,3,7,7,0.0
1496,spillage,2030,3,8,8,0.0
1497,spillage,2030,3,9,9,0.0
1498,spillage,2030,3,10,10,0.0
1499,spillage,2030,3,11,11,0.0
1500,spillage,2030,3,12,12,0.0
1501,spillage,2030,3,13,13,0.0
1502,spillage,2030,3,14,14,0.0
1503,spillage,2030,3,15,15,0.0
1504,spillage,2030,3,16,16,0.0
1505,spillage,2030,3,17,17,0.0
1506,spillage,2030,3,18,18,0.0
1507,spillage,2030,3,19,19,0.0
1508,spillage,2030,3,20,20,0.0
1509,spillage,2030,3,21,21,0.0
1510,spillage,2030,3,22,22,0.0
1511,spillage,2030,3,23,23,0.0
1512,spillage,2030,3,24,24,0.0
1513,spillage,2030,4,1,1,0.0
1514,spillage,2030,4,2,2,0.0
1515,spillage,2030,4,3,3,0.0
1516,spillage,2030,4,4,4,0.0
1517,spillage,2030,4,5,5,0.0
1518,spillage,2030,4,6,6,0.0
1519,spillage,2030,4,7,7,0.0
1520,spillage,2030,4,8,8,0.0
1521,spillage,2030,4,9,9,0.0
1522,spillage,2030,4,10,10,0.0
1523,spillage,2030,4,11,11,0.0
1524,spillage,2030,4,12,12,0.0
1525,spillage,2030,4,13,13,0.0
1526,spillage,2030,4,14,14,0.0
1527,spillage,2030,4,15,15,0.0
1528,spillage,2030,4,16,16,0.0
1529,spillage,2030,4,17,17,0.0
1530,spillage,2030,4,18,18,0.0
1531,spillage,2030,4,19,19,0.0
1532,spillage,2030,4,20,20,0.0
1533,spillage,2030,4,21,21,0.0
1534,spillage,2030,4,22,22,0.0
1535,spillage,2030,4,23,23,0.0
1536,spillage,2030,4,24,24,0.0
1537,spillage,2030,5,1,1,0.0
1538,spillage,2030,5,2,2,0.0
1539,spillage,2030,5,3,3,0.0
1540,spillage,2030,5,4,4,0.0
1541,spillage,2030,5,5,5,0.0
1542,spillage,2030,5,6,6,0.0
1543,spillage,2030,5,7,7,0.0
1544,spillage,2030,5,8,8,0.0
1545,spillage,2030,5,9,9,0.0
1546,spillage,2030,5,10,10,0.0
1547,spillage,2030,5,11,11,0.0
1548,spillage,2030,5,12,12,0.0
1549,spillage,2030,5,13,13,0.0
1550,spillage,2030,5,14,14,0.0
1551,spillage,2030,5,15,15,0.0
1552,spillage,2030,5,16,16,0.0
1553,spillage,2030,5,17,17,0.0
1554,spillage,2030,5,18,18,0.0
1555,spillage,2030,5,19,19,0.0
1556,spillage,2030,5,20,20,0.0
1557,spillage,2030,5,21,21,0.0
1558,spillage,2030,5,22,22,0.0
1559,spillage,2030,5,23,23,0.0
1560,spillage,2030,5,24,24,0.0
1561,spillage,2030,6,1,1,0.0
1562,spillage,2030,6,2,2,0.0
1563,spillage,2030,6,3,3,0.0
1564,spillage,2030,6,4,4,0.0
1565,spillage,2030,6,5,5,0.0
1566,spillage,2030,6,6,6,0.0
1567,spillage,2030,6,7,7,0.0
1568,spillage,2030,6,8,8,0.0
1569,spillage,2030,6,9,9,0.0
1570,spillage,2030,6,10,10,0.0
1571,spillage,2030,6,11,11,0.0
1572,spillage,2030,6,12,12,0.0
1573,spillage,2030,6,13,13,0.0
1574,spillage,2030,6,14,14,0.0
1575,spillage,2030,6,15,15,0.0
1576,spillage,2030,6,16,16,0.0
1577,spillage,2030,6,17,17,0.0
1578,spillage,2030,6,18,18,0.0
1579,spillage,2030,6,19,19,0.0
1580,spillage,2030,6,20,20,0.0
1581,spillage,2030,6,21,21,0.0
1582,spillage,2030,6,22,22,0.0
1583,spillage,2030,6,23,23,0.0
1584,spillage,2030,6,24,24,0.0
1585,spillage,2030,7,1,1,0.0
1586,spillage,2030,7,2,2,0.0
1587,spillage,2030,7,3,3,0.0
1588,spillage,2030,7,4,4,0.0
1589,spillage,2030,7,5,5,0.0
1590,spillage,2030,7,6,6,0.0
1591,spillage,2030,7,7,7,0.0
1592,spillage,2030,7,8,8,0.0
1593,spillage,2030,7,9,9,0.0
1594,spillage,2030,7,10,10,0.0
1595,spillage,2030,7,11,11,0.0
1596,spillage,2030,7,12,12,0.0
1597,spillage,2030,7,13,13,0.0
1598,spillage,2030,7,14,14,0.0
1599,spillage,2030,7,15,15,0.0
1600,spillage,2030,7,16,16,0.0
1601,spillage,2030,7,17,17,0.0
1602,spillage,2030,7,18,18,0.0
1603,spillage,2030,7,19,19,0.0
1604,spillage,2030,7,20,20,0.0
1605,spillage,2030,7,21,21,0.0
1606,spillage,2030,7,22,22,0.0
1607,spillage,2030,7,23,23,0.0
1608,spillage,2030,7,24,24,0.0
1609,spillage,2030,8,1,1,0.0
1610,spillage,2030,8,2,2,0.0
1611,spillage,2030,8,3,3,0.0
1612,spillage,2030,8,4,4,0.0
1613,spillage,2030,8,5,5,0.0
1614,spillage,2030,8,6,6,0.0
1615,spillage,2030,8,7,7,0.0
1616,spillage,2030,8,8,8,0.0
1617,spillage,2030,8,9,9,0.0
1618,spillage,2030,8,10,10,0.0
1619,spillage,2030,8,11,11,0.0
1620,spillage,2030,8,12,12,0.0
1621,spillage,2030,8,13,13,0.0
1622,spillage,2030,8,14,14,0.0
1623,spillage,2030,8,15,15,0.0
1624,spillage,2030,8,16,16,0.0
1625,spillage,2030,8,17,17,0.0
1626,spillage,2030,8,18,18,0.0
1627,spillage,2030,8,19,19,0.0
1628,spillage,2030,8,20,20,0.0
1629,spillage,2030,8,21,21,0.0
1630,spillage,2030,8,22,22,0.0
1631,spillage,2030,8,23,23,0.0
1632,spillage,2030,8,24,24,0.0
1633,spillage,2030,9,1,1,0.0
1634,spillage,2030,9,2,2,0.0
1635,spillage,2030,9,3,3,0.0
1636,spillage,2030,9,4,4,0.0
1637,spillage,2030,9,5,5,0.0
1638,spillage,2030,9,6,6,0.0
1639,spillage,2030,9,7,7,0.0
1640,spillage,2030,9,8,8,0.0
1641,spillage,2030,9,9,9,0.0
1642,spillage,2030,9,10,10,0.0
1643,spillage,2030,9,11,11,0.0
1644,spillage,2030,9,12,12,0.0
1645,spillage,2030,9,13,13,0.0
1646,spillage,2030,9,14,14,0.0
1647,spillage,2030,9,15,15,0.0
1648,spillage,2030,9,16,16,0.0
1649,spillage,2030,9,17,17,0.0
1650,spillage,2030,9,18,18,0.0
1651,spillage,2030,9,19,19,0.0
1652,spillage,2030,9,20,20,0.0
1653,spillage,2030,9,21,21,0.0
1654,spillage,2030,9,22,22,0.0
1655,spillage,2030,9,23,23,0.0
1656,spillage,2030,9,24,24,0.0
1657,spillage,2030,10,1,1,0.0
1658,spillage,2030,10,2,2,0.0
1659,spillage,2030,10,3,3,0.0
1660,spillage,2030,10,4,4,0.0
1661,spillage,2030,10,5,5,0.0
1662,spillage,2030,10,6,6,0.0
1663,spillage,2030,10,7,7,0.0
1664,spillage,2030,10,8,8,0.0
1665,spillage,2030,10,9,9,0.0
1666,spillage,2030,10,10,10,0.0
1667,spillage,2030,10,11,11,0.0
1668,spillage,2030,10,12,12,0.0
1669,spillage,2030,10,13,13,0.0
1670,spillage,2030,10,14,14,0.0
1671,spillage,2030,10,15,15,0.0
1672,spillage,2030,10,16,16,0.0
1673,spillage,2030,10,17,17,0.0
1674,spillage,2030,10,18,18,0.0
1675,spillage,2030,10,19,19,0.0
1676,spillage,2030,10,20,20,0.0
1677,spillage,2030,10,21,21,0.0
1678,spillage,2030,10,22,22,0.0
1679,spillage,2030,10,23,23,0.0
1680,spillage,2030,10,24,24,0.0
1681,spillage,2030,11,1,1,0.0
1682,spillage,2030,11,2,2,0.0
1683,spillage,2030,11,3,3,0.0
1684,spillage,2030,11,4,4,0.0
1685,spillage,2030,11,5,5,0.0
1686,spillage,2030,11,6,6,0.0
1687,spillage,2030,11,7,7,0.0
1688,spillage,2030,11,8,8,0.0
1689,spillage,2030,11,9,9,0.0
1690,spillage,2030,11,10,10,0.0
1691,spillage,2030,11,11,11,0.0
1692,spillage,2030,11,12,12,0.0
1693,spillage,2030,11,13,13,0.0
1694,spillage,2030,11,14,14,0.0
1695,spillage,2030,11,15,15,0.0
1696,spillage,2030,11,16,16,0.0
1697,spillage,2030,11,17,17,0.0
1698,spillage,2030,11,18,18,0.0
1699,spillage,2030,11,19,19,0.0
1700,spillage,2030,11,20,20,0.0
1701,spillage,2030,11,21,21,0.0
1702,spillage,2030,11,22,22,0.0
1703,spillage,2030,11,23,23,0.0
1704,spillage,2030,11,24,24,0.0
1705,spillage,2030,12,1,1,0.0
1706,spillage,2030,12,2,2,0.0
1707,spillage,2030,12,3,3,0.0
1708,spillage,2030,12,4,4,0.0
1709,spillage,2030,12,5,5,0.0
1710,spillage,2030,12,6,6,0.0
1711,spillage,2030,12,7,7,0.0
1712,spillage,2030,12,8,8,0.0
1713,spillage,2030,12,9,9,0.0
1714,spillage,2030,12,10,10,0.0
1715,spillage,2030,12,11,11,0.0
1716,spillage,2030,12,12,12,0.0
1717,spillage,2030,12,13,13,0.0
1718,spillage,2030,12,14,14,0.0
1719,spillage,2030,12,15,15,0.0
1720,spillage,2030,12,16,16,0.0
1721,spillage,2030,12,17,17,0.0
1722,spillage,2030,12,18,18,0.0
1723,spillage,2030,12,19,19,0.0
1724,spillage,2030,12,20,20,0.0
1725,spillage,2030,12,21,21,0.0
1726,spillage,2030,12,22,22,0.0
1727,spillage,2030,12,23,23,0.0
1728,spillage,2030,12,24,24,0.0
1729,spillage,2030,13,1,1,0.0
1730,spillage,2030,13,2,2,0.0
1731,spillage,2030,13,3,3,0.0
1732,spillage,2030,13,4,4,0.0
1733,spillage,2030,13,5,5,0.0
1734,spillage,2030,13,6,6,0.0
1735,spillage,2030,13,7,7,0.0
1736,spillage,2030,13,8,8,0.0
1737,spillage,2030,13,9,9,0.0
1738,spillage,2030,13,10,10,0.0
1739,spillage,2030,13,11,11,0.0
1740,spillage,2030,13,12,12,0.0
1741,spillage,2030,13,13,13,0.0
1742,spillage,2030,13,14,14,0.0
1743,spillage,2030,13,15,15,0.0
1744,spillage,2030,13,16,16,0.0
1745,spillage,2030,13,17,17,0.0
1746,spillage,2030,13,18,18,0.0
1747,spillage,2030,13,19,19,0.0
1748,spillage,2030,13,20,20,0.0
1749,spillage,2030,13,21,21,0.0
1750,spillage,2030,13,22,22,0.0
1751,spillage,2030,13,23,23,0.0
1752,spillage,2030,13,24,24,0.0
1753,spillage,2030,14,1,1,0.0
1754,spillage,2030,14,2,2,0.0
1755,spillage,2030,14,3,3,0.0
1756,spillage,2030,14,4,4,0.0
1757,spillage,2030,14,5,5,0.0
1758,spillage,2030,14,6,6,0.0
1759,spillage,2030,14,7,7,0.0
1760,spillage,2030,14,8,8,0.0
1761,spillage,2030,14,9,9,0.0
1762,spillage,2030,14,10,10,0.0
1763,spillage,2030,14,11,11,0.0
1764,spillage,2030,14,12,12,0.0
1765,spillage,2030,14,13,13,0.0
1766,spillage,2030,14,14,14,0.0
1767,spillage,2030,14,15,15,0.0
1768,spillage,2030,14,16,16,0.0
1769,spillage,2030,14,17,17,0.0
1770,spillage,2030,14,18,18,0.0
1771,spillage,2030,14,19,19,0.0
1772,spillage,2030,14,20,20,0.0
1773,spillage,2030,14,21,21,0.0
1774,spillage,2030,14,22,22,0.0
1775,spillage,2030,14,23,23,0.0
1776,spillage,2030,14,24,24,0.0
1777,spillage,2030,15,1,1,0.0
1778,spillage,2030,15,2,2,0.0
1779,spillage,2030,15,3,3,0.0
1780,spillage,2030,15,4,4,0.0
1781,spillage,2030,15,5,5,0.0
1782,spillage,2030,15,6,6,0.0
1783,spillage,2030,15,7,7,0.0
1784,spillage,2030,15,8,8,0.0
1785,spillage,2030,15,9,9,0.0
1786,spillage,2030,15,10,10,0.0
1787,spillage,2030,15,11,11,0.0
1788,spillage,2030,15,12,12,0.0
1789,spillage,2030,15,13,13,0.0
1790,spillage,2030,15,14,14,0.0
1791,spillage,2030,15,15,15,0.0
1792,spillage,2030,15,16,16,0.0
1793,spillage,2030,15,17,17,0.0
1794,spillage,2030,15,18,18,0.0
1795,spillage,2030,15,19,19,0.0
1796,spillage,2030,15,20,20,0.0
1797,spillage,2030,15,21,21,0.0
1798,spillage,2030,15,22,22,0.0
1799,spillage,2030,15,23,23,0.0
1800,spillage,2030,15,24,24,0.0
1801,spillage,2030,16,1,1,0.0
1802,spillage,2030,16,2,2,0.0
1803,spillage,2030,16,3,3,0.0
1804,spillage,2030,16,4,4,0.0
1805,spillage,2030,16,5,5,0.0
1806,spillage,2030,16,6,6,0.0
1807,spillage,2030,16,7,7,0.0
1808,spillage,2030,16,8,8,0.0
1809,spillage,2030,16,9,9,0.0
1810,spillage,2030,16,10,10,0.0
1811,spillage,2030,16,11,11,0.0
1812,spillage,2030,16,12,12,0.0
1813,spillage,2030,16,13,13,0.0
1814,spillage,2030,16,14,14,0.0
1815,spillage,2030,16,15,15,0.0
1816,spillage,2030,16,16,16,0.0
1817,spillage,2030,16,17,17,0.0
1818,spillage,2030,16,18,18,0.0
1819,spillage,2030,16,19,19,0.0
1820,spillage,2030,16,20,20,0.0
1821,spillage,2030,16,21,21,0.0
1822,spillage,2030,16,22,22,0.0
1823,spillage,2030,16,23,23,0.0
1824,spillage,2030,16,24,24,0.0
1825,spillage,2030,17,1,1,0.0
1826,spillage,2030,17,2,2,0.0
1827,spillage,2030,17,3,3,0.0
1828,spillage,2030,17,4,4,0.0
1829,spillage,2030,17,5,5,0.0
1830,spillage,2030,17,6,6,0.0
1831,spillage,2030,17,7,7,0.0
1832,spillage,2030,17,8,8,0.0
1833,spillage,2030,17,9,9,0.0
1834,spillage,2030,17,10,10,0.0
1835,spillage,2030,17,11,11,0.0
1836,spillage,2030,17,12,12,0.0
1837,spillage,2030,17,13,13,0.0
1838,spillage,2030,17,14,14,0.0
1839,spillage,2030,17,15,15,0.0
1840,spillage,2030,17,16,16,0.0
1841,spillage,2030,17,17,17,0.0
1842,spillage,2030,17,18,18,0.0
1843,spillage,2030,17,19,19,0.0
1844,spillage,2030,17,20,20,0.0
1845,spillage,2030,17,21,21,0.0
1846,spillage,2030,17,22,22,0.0
1847,spillage,2030,17,23,23,0.0
1848,spillage,2030,17,24,24,0.0
1849,spillage,2030,18,1,1,0.0
1850,spillage,2030,18,2,2,0.0
1851,spillage,2030,18,3,3,0.0
1852,spillage,2030,18,4,4,0.0
1853,spillage,2030,18,5,5,0.0
1854,spillage,2030,18,6,6,0.0
1855,spillage,2030,18,7,7,0.0
1856,spillage,2030,18,8,8,0.0
1857,spillage,2030,18,9,9,0.0
1858,spillage,2030,18,10,10,0.0
1859,spillage,2030,18,11,11,0.0
1860,spillage,2030,18,12,12,0.0
1861,spillage,2030,18,13,13,0.0
1862,spillage,2030,18,14,14,0.0
1863,spillage,2030,18,15,15,0.0
1864,spillage,2030,18,16,16,0.0
1865,spillage,2030,18,17,17,0.0
1866,spillage,2030,18,18,18,0.0
1867,spillage,2030,18,19,19,0.0
1868,spillage,2030,18,20,20,0.0
1869,spillage,2030,18,21,21,0.0
1870,spillage,2030,18,22,22,0.0
1871,spillage,2030,18,23,23,0.0
1872,spillage,2030,18,24,24,0.0
1873,spillage,2030,19,1,1,0.0
1874,spillage,2030,19,2,2,0.0
1875,spillage,2030,19,3,3,0.0
1876,spillage,2030,19,4,4,0.0
1877,spillage,2030,19,5,5,0.0
1878,spillage,2030,19,6,6,0.0
1879,spillage,2030,19,7,7,0.0
1880,spillage,2030,19,8,8,0.0
1881,spillage,2030,19,9,9,0.0
1882,spillage,2030,19,10,10,0.0
1883,spillage,2030,19,11,11,0.0
1884,spillage,2030,19,12,12,0.0
1885,spillage,2030,19,13,13,0.0
1886,spillage,2030,19,14,14,0.0
1887,spillage,2030,19,15,15,0.0
1888,spillage,2030,19,16,16,0.0
1889,spillage,2030,19,17,17,0.0
1890,spillage,2030,19,18,18,0.0
1891,spillage,2030,19,19,19,0.0
1892,spillage,2030,19,20,20,0.0
1893,spillage,2030,19,21,21,0.0
1894,spillage,2030,19,22,22,0.0
1895,spillage,2030,19,23,23,0.0
1896,spillage,2030,19,24,24,0.0
1897,spillage,2030,20,1,1,0.0
1898,spillage,2030,20,2,2,0.0
1899,spillage,2030,20,3,3,0.0
1900,spillage,2030,20,4,4,0.0
1901,spillage,2030,20,5,5,0.0
1902,spillage,2030,20,6,6,0.0
1903,spillage,2030,20,7,7,0.0
1904,spillage,2030,20,8,8,0.0
1905,spillage,2030,20,9,9,0.0
1906,spillage,2030,20,10,10,0.0
1907,spillage,2030,20,11,11,0.0
1908,spillage,2030,20,12,12,0.0
1909,spillage,2030,20,13,13,0.0
1910,spillage,2030,20,14,14,0.0
1911,spillage,2030,20,15,15,0.0
1912,spillage,2030,20,16,16,0.0
1913,spillage,2030,20,17,17,0.0
1914,spillage,2030,20,18,18,0.0
1915,spillage,2030,20,19,19,0.0
1916,spillage,2030,20,20,20,0.0
1917,spillage,2030,20,21,21,0.0
1918,spillage,2030,20,22,22,0.0
1919,spillage,2030,20,23,23,0.0
1920,spillage,2030,20,24,24,0.0
1921,spillage,2030,21,1,1,0.0
1922,spillage,2030,21,2,2,0.0
1923,spillage,2030,21,3,3,0.0
1924,spillage,2030,21,4,4,0.0
1925,spillage,2030,21,5,5,0.0
1926,spillage,2030,21,6,6,0.0
1927,spillage,2030,21,7,7,0.0
1928,spillage,2030,21,8,8,0.0
1929,spillage,2030,21,9,9,0.0
1930,spillage,2030,21,10,10,0.0
1931,spillage,2030,21,11,11,0.0
1932,spillage,2030,21,12,12,0.0
1933,spillage,2030,21,13,13,0.0
1934,spillage,2030,21,14,14,0.0
1935,spillage,2030,21,15,15,0.0
1936,spillage,2030,21,16,16,0.0
1937,spillage,2030,21,17,17,0.0
1938,spillage,2030,21,18,18,0.0
1939,spillage,2030,21,19,19,0.0
1940,spillage,2030,21,20,20,0.0
1941,spillage,2030,21,21,21,0.0
1942,spillage,2030,21,22,22,0.0
1943,spillage,2030,21,23,23,0.0
1944,spillage,2030,21,24,24,0.0
1945,spillage,2030,22,1,1,0.0
1946,spillage,2030,22,2,2,0.0
1947,spillage,2030,22,3,3,0.0
1948,spillage,2030,22,4,4,0.0
1949,spillage,2030,22,5,5,0.0
1950,spillage,2030,22,6,6,0.0
1951,spillage,2030,22,7,7,0.0
1952,spillage,2030,22,8,8,0.0
1953,spillage,2030,22,9,9,0.0
1954,spillage,2030,22,10,10,0.0
1955,spillage,2030,22,11,11,0.0
1956,spillage,2030,22,12,12,0.0
1957,spillage,2030,22,13,13,0.0
1958,spillage,2030,22,14,14,0.0
1959,spillage,2030,22,15,15,0.0
1960,spillage,2030,22,16,16,0.0
1961,spillage,2030,22,17,17,0.0
1962,spillage,2030,22,18,18,0.0
1963,spillage,2030,22,19,19,0.0
1964,spillage,2030,22,20,20,0.0
1965,spillage,2030,22,21,21,0.0
1966,spillage,2030,22,22,22,0.0
1967,spillage,2030,22,23,23,0.0
1968,spillage,2030,22,24,24,0.0
1969,spillage,2030,23,1,1,0.0
1970,spillage,2030,23,2,2,0.0
1971,spillage,2030,23,3,3,0.0
1972,spillage,2030,23,4,4,0.0
1973,spillage,2030,23,5,5,0.0
1974,spillage,2030,23,6,6,0.0
1975,spillage,2030,23,7,7,0.0
1976,spillage,2030,23,8,8,0.0
1977,spillage,2030,23,9,9,0.0
1978,spillage,2030,23,10,10,0.0
1979,spillage,2030,23,11,11,0.0
1980,spillage,2030,23,12,12,0.0
1981,spillage,2030,23,13,13,0.0
1982,spillage,2030,23,14,14,0.0
1983,spillage,2030,23,15,15,0.0
1984,spillage,2030,23,16,16,0.0
1985,spillage,2030,23,17,17,0.0
1986,spillage,2030,23,18,18,0.0
1987,spillage,2030,23,19,19,0.0
1988,spillage,2030,23,20,20,0.0
1989,spillage,2030,23,21,21,0.0
1990,spillage,2030,23,22,22,0.0
1991,spillage,2030,23,23,23,0.0
1992,spillage,2030,23,24,24,0.0
1993,spillage,2030,24,1,1,0.0
1994,spillage,2030,24,2,2,0.0
1995,spillage,2030,24,3,3,0.0
1996,spillage,2030,24,4,4,0.0
1997,spillage,2030,24,5,5,0.0
1998,spillage,2030,24,6,6,0.0
1999,spillage,2030,24,7,7,0.0
2000,spillage,2030,24,8,8,0.0
2001,spillage,2030,24,9,9,0.0
2002,spillage,2030,24,10,10,0.0
2003,spillage,2030,24,11,11,0.0
2004,spillage,2030,24,12,12,0.0
2005,spillage,2030,24,13,13,0.0
2006,spillage,2030,24,14,14,0.0
2007,spillage,2030,24,15,15,0.0
2008,spillage,2030,24,16,16,0.0
2009,spillage,2030,24,17,17,0.0
2010,spillage,2030,24,18,18,0.0
2011,spillage,2030,24,19,19,0.0
2012,spillage,2030,24,20,20,0.0
2013,spillage,2030,24,21,21,0.0
2014,spillage,2030,24,22,22,0.0
2015,spillage,2030,24,23,23,0.0
2016,spillage,2030,24,24,24,0.0
2017,spillage,2030,25,1,1,0.0
2018,spillage,2030,25,2,2,0.0
2019,spillage,2030,25,3,3,0.0
2020,spillage,2030,25,4,4,0.0
2021,spillage,2030,25,5,5,0.0
2022,spillage,2030,25,6,6,0.0
2023,spillage,2030,25,7,7,0.0
2024,spillage,2030,25,8,8,0.0
2025,spillage,2030,25,9,9,0.0
2026,spillage,2030,25,10,10,0.0
2027,spillage,2030,25,11,11,0.0
2028,spillage,2030,25,12,12,0.0
2029,spillage,2030,25,13,13,0.0
2030,spillage,2030,25,14,14,0.0
2031,spillage,2030,25,15,15,0.0
2032,spillage,2030,25,16,16,0.0
2033,spillage,2030,25,17,17,0.0
2034,spillage,2030,25,18,18,0.0
2035,spillage,2030,25,19,19,0.0
2036,spillage,2030,25,20,20,0.0
2037,spillage,2030,25,21,21,0.0
2038,spillage,2030,25,22,22,0.0
2039,spillage,2030,25,23,23,0.0
2040,spillage,2030,25,24,24,0.0
2041,spillage,2030,26,1,1,0.0
2042,spillage,2030,26,2,2,0.0
2043,spillage,2030,26,3,3,0.0
2044,spillage,2030,26,4,4,0.0
2045,spillage,2030,26,5,5,0.0
2046,spillage,2030,26,6,6,0.0
2047,spillage,2030,26,7,7,0.0
2048,spillage,2030,26,8,8,0.0
2049,spillage,2030,26,9,9,0.0
2050,spillage,2030,26,10,10,0.0
2051,spillage,2030,26,11,11,0.0
2052,spillage,2030,26,12,12,0.0
2053,spillage,2030,26,13,13,0.0
2054,spillage,2030,26,14,14,0.0
2055,spillage,2030,26,15,15,0.0
2056,spillage,2030,26,16,16,0.0
2057,spillage,2030,26,17,17,0.0
2058,spillage,2030,26,18,18,0.0
2059,spillage,2030,26,19,19,0.0
2060,spillage,2030,26,20,20,0.0
2061,spillage,2030,26,21,21,0.0
2062,spillage,2030,26,22,22,0.0
2063,spillage,2030,26,23,23,0.0
2064,spillage,2030,26,24,24,0.0
2065,spillage,2030,27,1,1,0.0
2066,spillage,2030,27,2,2,0.0
2067,spillage,2030,27,3,3,0.0
2068,spillage,2030,27,4,4,0.0
2069,spillage,2030,27,5,5,0.0
2070,spillage,2030,27,6,6,0.0
2071,spillage,2030,27,7,7,0.0
2072,spillage,2030,27,8,8,0.0
2073,spillage,2030,27,9,9,0.0
2074,spillage,2030,27,10,10,0.0
2075,spillage,2030,27,11,11,0.0
2076,spillage,2030,27,12,12,0.0
2077,spillage,2030,27,13,13,0.0
2078,spillage,2030,27,14,14,0.0
2079,spillage,2030,27,15,15,0.0
2080,spillage,2030,27,16,16,0.0
2081,spillage,2030,27,17,17,0.0
2082,spillage,2030,27,18,18,0.0
2083,spillage,2030,27,19,19,0.0
2084,spillage,2030,27,20,20,0.0
2085,spillage,2030,27,21,21,0.0
2086,spillage,2030,27,22,22,0.0
2087,spillage,2030,27,23,23,0.0
2088,spillage,2030,27,24,24,0.0
2089,spillage,2030,28,1,1,0.0
2090,spillage,2030,28,2,2,0.0
2091,spillage,2030,28,3,3,0.0
2092,spillage,2030,28,4,4,0.0
2093,spillage,2030,28,5,5,0.0
2094,spillage,2030,28,6,6,0.0
2095,spillage,2030,28,7,7,0.0
2096,spillage,2030,28,8,8,0.0
2097,spillage,2030,28,9,9,0.0
2098,spillage,2030,28,10,10,0.0
2099,spillage,2030,28,11,11,0.0
2100,spillage,2030,28,12,12,0.0
2101,spillage,2030,28,13,13,0.0
2102,spillage,2030,28,14,14,0.0
2103,spillage,2030,28,15,15,0.0
2104,spillage,2030,28,16,16,0.0
2105,spillage,2030,28,17,17,0.0
2106,spillage,2030,28,18,18,0.0
2107,spillage,2030,28,19,19,0.0
2108,spillage,2030,28,20,20,0.0
2109,spillage,2030,28,21,21,0.0
2110,spillage,2030,28,22,22,0.0
2111,spillage,2030,28,23,23,0.0
2112,spillage,2030,28,24,24,0.0
2113,spillage,2030,29,1,1,0.0
2114,spillage,2030,29,2,2,0.0
2115,spillage,2030,29,3,3,0.0
2116,spillage,2030,29,4,4,0.0
2117,spillage,2030,29,5,5,0.0
2118,spillage,2030,29,6,6,0.0
2119,spillage,2030,29,7,7,0.0
2120,spillage,2030,29,8,8,0.0
2121,spillage,2030,29,9,9,0.0
2122,spillage,2030,29,10,10,0.0
2123,spillage,2030,29,11,11,0.0
2124,spillage,2030,29,12,12,0.0
2125,spillage,2030,29,13,13,0.0
2126,spillage,2030,29,14,14,0.0
2127,spillage,2030,29,15,15,0.0
2128,spillage,2030,29,16,16,0.0
2129,spillage,2030,29,17,17,0.0
2130,spillage,2030,29,18,18,0.0
2131,spillage,2030,29,19,19,0.0
2132,spillage,2030,29,20,20,0.0
2133,spillage,2030,29,21,21,0.0
2134,spillage,2030,29,22,22,0.0
2135,spillage,2030,29,23,23,0.0
2136,spillage,2030,29,24,24,0.0
2137,spillage,2030,30,1,1,0.0
2138,spillage,2030,30,2,2,0.0
2139,spillage,2030,30,3,3,0.0
2140,spillage,2030,30,4,4,0.0
2141,spillage,2030,30,5,5,0.0
2142,spillage,2030,30,6,6,0.0
2143,spillage,2030,30,7,7,0.0
2144,spillage,2030,30,8,8,0.0
2145,spillage,2030,30,9,9,0.0
2146,spillage,2030,30,10,10,0.0
2147,spillage,2030,30,11,11,0.0
2148,spillage,2030,30,12,12,0.0
2149,spillage,2030,30,13,13,0.0
2150,spillage,2030,30,14,14,0.0
2151,spillage,2030,30,15,15,0.0
2152,spillage,2030,30,16,16,0.0
2153,spillage,2030,30,17,17,0.0
2154,spillage,2030,30,18,18,0.0
2155,spillage,2030,30,19,19,0.0
2156,spillage,2030,30,20,20,0.0
2157,spillage,2030,30,21,21,0.0
2158,spillage,2030,30,22,22,0.0
2159,spillage,2030,30,23,23,0.0
2160,spillage,2030,30,24,24,0.0
